Using device: cuda
Test set ID (derived from DATASET_ROOT): NoordelikeWerke
Classes found (4): ['Dysfunctional', 'Empty', 'Functional', 'Scum']
Train: 1692 | Val: 410 | Test: 405
[09:36:18] Dataset root: ../cnn_dataset_split_facility_test-NoordelikeWerke  Component: clarifier
[09:36:18] Architectures to tune (6): ['resnet18', 'efficientnet_b0', 'densenet121', 'resnet50', 'convnext_tiny', 'inception_v3']
[09:36:18] Trials per architecture: 20
[09:36:18] === Starting tuning for resnet18: 20 trials, img_size=(224, 224) ===
[I 2026-09-22 09:36:18,730] A new study created in memory with name: resnet18_tune
[09:36:18] [resnet18] trial 0: H=1 N=512 lr=2.92e-03 beta1=0.800 step_size=30 batch_size=16 (micro_batch=16, accum_steps=1)
Using device: cuda
Test set ID (derived from DATASET_ROOT): NoordelikeWerke
Classes found (4): ['Dysfunctional', 'Empty', 'Functional', 'Scum']
Train: 1692 | Val: 410 | Test: 405
[resnet18 trial0] Epoch   1/100 | LR: 2.92e-03 | train loss 1.3885 acc 0.350 | val loss 1.2118 acc 0.441 *
[resnet18 trial0] Epoch   2/100 | LR: 2.92e-03 | train loss 1.2675 acc 0.364 | val loss 2.0783 acc 0.156
[resnet18 trial0] Epoch   3/100 | LR: 2.92e-03 | train loss 1.2126 acc 0.423 | val loss 1.1960 acc 0.432 *
[resnet18 trial0] Epoch   4/100 | LR: 2.92e-03 | train loss 1.2020 acc 0.437 | val loss 1.3745 acc 0.407
[resnet18 trial0] Epoch   5/100 | LR: 2.92e-03 | train loss 1.2380 acc 0.417 | val loss 1.1901 acc 0.454 *
[resnet18 trial0] Epoch   6/100 | LR: 2.92e-03 | train loss 1.2487 acc 0.410 | val loss 1.1109 acc 0.490 *
[resnet18 trial0] Epoch   7/100 | LR: 2.92e-03 | train loss 1.1980 acc 0.418 | val loss 1.1944 acc 0.398
[resnet18 trial0] Epoch   8/100 | LR: 2.92e-03 | train loss 1.2137 acc 0.427 | val loss 1.1274 acc 0.529
[resnet18 trial0] Epoch   9/100 | LR: 2.92e-03 | train loss 1.2048 acc 0.436 | val loss 1.2284 acc 0.363
[resnet18 trial0] Epoch  10/100 | LR: 2.92e-03 | train loss 1.1580 acc 0.428 | val loss 1.0180 acc 0.517 *
[resnet18 trial0] Epoch  11/100 | LR: 2.92e-03 | train loss 1.1039 acc 0.482 | val loss 1.1274 acc 0.437
[resnet18 trial0] Epoch  12/100 | LR: 2.92e-03 | train loss 1.1707 acc 0.400 | val loss 1.0708 acc 0.444
[resnet18 trial0] Epoch  13/100 | LR: 2.92e-03 | train loss 1.1540 acc 0.462 | val loss 0.9754 acc 0.551 *
[resnet18 trial0] Epoch  14/100 | LR: 2.92e-03 | train loss 1.1371 acc 0.425 | val loss 1.0859 acc 0.420
[resnet18 trial0] Epoch  15/100 | LR: 2.92e-03 | train loss 1.1162 acc 0.440 | val loss 1.3521 acc 0.444
[resnet18 trial0] Epoch  16/100 | LR: 2.92e-03 | train loss 1.1501 acc 0.450 | val loss 1.9495 acc 0.420
[resnet18 trial0] Epoch  17/100 | LR: 2.92e-03 | train loss 1.1341 acc 0.457 | val loss 1.0718 acc 0.485
[resnet18 trial0] Epoch  18/100 | LR: 2.92e-03 | train loss 1.0567 acc 0.491 | val loss 0.9769 acc 0.534
[resnet18 trial0] Epoch  19/100 | LR: 2.92e-03 | train loss 1.0927 acc 0.481 | val loss 1.2600 acc 0.315
[resnet18 trial0] Epoch  20/100 | LR: 2.92e-03 | train loss 1.0643 acc 0.483 | val loss 0.9340 acc 0.559 *
[resnet18 trial0] Epoch  21/100 | LR: 2.92e-03 | train loss 1.0867 acc 0.474 | val loss 1.3592 acc 0.337
[resnet18 trial0] Epoch  22/100 | LR: 2.92e-03 | train loss 1.0820 acc 0.493 | val loss 0.9143 acc 0.544 *
[resnet18 trial0] Epoch  23/100 | LR: 2.92e-03 | train loss 1.0609 acc 0.497 | val loss 0.9600 acc 0.539
[resnet18 trial0] Epoch  24/100 | LR: 2.92e-03 | train loss 1.0240 acc 0.514 | val loss 1.3213 acc 0.315
[resnet18 trial0] Epoch  25/100 | LR: 2.92e-03 | train loss 1.0687 acc 0.486 | val loss 1.2008 acc 0.420
[resnet18 trial0] Epoch  26/100 | LR: 2.92e-03 | train loss 1.0540 acc 0.494 | val loss 1.2089 acc 0.517
[resnet18 trial0] Epoch  27/100 | LR: 2.92e-03 | train loss 1.0759 acc 0.510 | val loss 0.9375 acc 0.561
[resnet18 trial0] Epoch  28/100 | LR: 2.92e-03 | train loss 1.0292 acc 0.506 | val loss 0.9087 acc 0.605 *
[resnet18 trial0] Epoch  29/100 | LR: 2.92e-03 | train loss 1.0256 acc 0.508 | val loss 0.9005 acc 0.573 *
[resnet18 trial0] Epoch  30/100 | LR: 2.92e-04 | train loss 1.0066 acc 0.532 | val loss 0.8780 acc 0.580 *
[resnet18 trial0] Epoch  31/100 | LR: 2.92e-04 | train loss 1.0193 acc 0.519 | val loss 0.8506 acc 0.585 *
[resnet18 trial0] Epoch  32/100 | LR: 2.92e-04 | train loss 0.9313 acc 0.554 | val loss 0.7848 acc 0.654 *
[resnet18 trial0] Epoch  33/100 | LR: 2.92e-04 | train loss 0.9242 acc 0.560 | val loss 0.7707 acc 0.632 *
[resnet18 trial0] Epoch  34/100 | LR: 2.92e-04 | train loss 0.9319 acc 0.559 | val loss 0.7733 acc 0.644
[resnet18 trial0] Epoch  35/100 | LR: 2.92e-04 | train loss 0.9258 acc 0.572 | val loss 0.7991 acc 0.617
[resnet18 trial0] Epoch  36/100 | LR: 2.92e-04 | train loss 0.8851 acc 0.577 | val loss 0.7635 acc 0.620 *
[resnet18 trial0] Epoch  37/100 | LR: 2.92e-04 | train loss 0.8875 acc 0.586 | val loss 0.7628 acc 0.659 *
[resnet18 trial0] Epoch  38/100 | LR: 2.92e-04 | train loss 0.8809 acc 0.587 | val loss 0.7175 acc 0.685 *
[resnet18 trial0] Epoch  39/100 | LR: 2.92e-04 | train loss 0.8801 acc 0.588 | val loss 0.7166 acc 0.683 *
[resnet18 trial0] Epoch  40/100 | LR: 2.92e-04 | train loss 0.8701 acc 0.606 | val loss 0.7560 acc 0.659
[resnet18 trial0] Epoch  41/100 | LR: 2.92e-04 | train loss 0.8351 acc 0.604 | val loss 0.7816 acc 0.632
[resnet18 trial0] Epoch  42/100 | LR: 2.92e-04 | train loss 0.8623 acc 0.603 | val loss 0.7080 acc 0.661 *
[resnet18 trial0] Epoch  43/100 | LR: 2.92e-04 | train loss 0.8452 acc 0.607 | val loss 0.7133 acc 0.671
[resnet18 trial0] Epoch  44/100 | LR: 2.92e-04 | train loss 0.8088 acc 0.616 | val loss 0.7648 acc 0.641
[resnet18 trial0] Epoch  45/100 | LR: 2.92e-04 | train loss 0.7943 acc 0.635 | val loss 0.6713 acc 0.683 *
[resnet18 trial0] Epoch  46/100 | LR: 2.92e-04 | train loss 0.7940 acc 0.628 | val loss 0.6759 acc 0.700
[resnet18 trial0] Epoch  47/100 | LR: 2.92e-04 | train loss 0.7756 acc 0.625 | val loss 0.7088 acc 0.688
[resnet18 trial0] Epoch  48/100 | LR: 2.92e-04 | train loss 0.7568 acc 0.645 | val loss 0.7095 acc 0.656
[resnet18 trial0] Epoch  49/100 | LR: 2.92e-04 | train loss 0.7284 acc 0.647 | val loss 0.6771 acc 0.676
[resnet18 trial0] Epoch  50/100 | LR: 2.92e-04 | train loss 0.7572 acc 0.646 | val loss 0.7139 acc 0.676
[resnet18 trial0] Epoch  51/100 | LR: 2.92e-04 | train loss 0.7413 acc 0.657 | val loss 0.6205 acc 0.734 *
[resnet18 trial0] Epoch  52/100 | LR: 2.92e-04 | train loss 0.7546 acc 0.663 | val loss 0.6388 acc 0.720
[resnet18 trial0] Epoch  53/100 | LR: 2.92e-04 | train loss 0.6769 acc 0.689 | val loss 0.6266 acc 0.720
[resnet18 trial0] Epoch  54/100 | LR: 2.92e-04 | train loss 0.6926 acc 0.659 | val loss 0.6578 acc 0.700
[resnet18 trial0] Epoch  55/100 | LR: 2.92e-04 | train loss 0.6900 acc 0.692 | val loss 0.6107 acc 0.751 *
[resnet18 trial0] Epoch  56/100 | LR: 2.92e-04 | train loss 0.6664 acc 0.699 | val loss 0.5841 acc 0.756 *
[resnet18 trial0] Epoch  57/100 | LR: 2.92e-04 | train loss 0.6441 acc 0.702 | val loss 0.5829 acc 0.756 *
[resnet18 trial0] Epoch  58/100 | LR: 2.92e-04 | train loss 0.6283 acc 0.710 | val loss 0.5454 acc 0.773 *
[resnet18 trial0] Epoch  59/100 | LR: 2.92e-04 | train loss 0.6730 acc 0.702 | val loss 0.5813 acc 0.751
[resnet18 trial0] Epoch  60/100 | LR: 2.92e-05 | train loss 0.6091 acc 0.733 | val loss 0.5704 acc 0.768
[resnet18 trial0] Epoch  61/100 | LR: 2.92e-05 | train loss 0.5582 acc 0.734 | val loss 0.5491 acc 0.778
[resnet18 trial0] Epoch  62/100 | LR: 2.92e-05 | train loss 0.5290 acc 0.762 | val loss 0.5500 acc 0.773
[resnet18 trial0] Epoch  63/100 | LR: 2.92e-05 | train loss 0.5411 acc 0.750 | val loss 0.5760 acc 0.761
[resnet18 trial0] Epoch  64/100 | LR: 2.92e-05 | train loss 0.5427 acc 0.741 | val loss 0.5572 acc 0.783
[resnet18 trial0] Epoch  65/100 | LR: 2.92e-05 | train loss 0.5519 acc 0.751 | val loss 0.5434 acc 0.780 *
[resnet18 trial0] Epoch  66/100 | LR: 2.92e-05 | train loss 0.5294 acc 0.760 | val loss 0.5459 acc 0.778
[resnet18 trial0] Epoch  67/100 | LR: 2.92e-05 | train loss 0.5103 acc 0.765 | val loss 0.5283 acc 0.795 *
[resnet18 trial0] Epoch  68/100 | LR: 2.92e-05 | train loss 0.5341 acc 0.768 | val loss 0.5470 acc 0.783
[resnet18 trial0] Epoch  69/100 | LR: 2.92e-05 | train loss 0.5290 acc 0.773 | val loss 0.5547 acc 0.776
[resnet18 trial0] Epoch  70/100 | LR: 2.92e-05 | train loss 0.4932 acc 0.778 | val loss 0.5356 acc 0.788
[resnet18 trial0] Epoch  71/100 | LR: 2.92e-05 | train loss 0.4964 acc 0.764 | val loss 0.5422 acc 0.780
[resnet18 trial0] Epoch  72/100 | LR: 2.92e-05 | train loss 0.5334 acc 0.762 | val loss 0.5558 acc 0.773
[resnet18 trial0] Epoch  73/100 | LR: 2.92e-05 | train loss 0.4941 acc 0.772 | val loss 0.5414 acc 0.785
[resnet18 trial0] Epoch  74/100 | LR: 2.92e-05 | train loss 0.5336 acc 0.770 | val loss 0.5378 acc 0.780
[resnet18 trial0] Epoch  75/100 | LR: 2.92e-05 | train loss 0.5040 acc 0.760 | val loss 0.5369 acc 0.780
[resnet18 trial0] Epoch  76/100 | LR: 2.92e-05 | train loss 0.4790 acc 0.775 | val loss 0.5374 acc 0.783
[resnet18 trial0] Epoch  77/100 | LR: 2.92e-05 | train loss 0.4778 acc 0.785 | val loss 0.5433 acc 0.783

[resnet18 trial0] No val loss improvement for 10 epochs — stopping early at epoch 77.

[resnet18 trial0] Restored best checkpoint (val loss = 0.5283)
[09:42:51] [resnet18] trial 0 finished: best val_acc=0.7951 (at val_loss=0.5283)
[I 2026-09-22 09:42:51,523] Trial 0 finished with value: 0.7951219512195122 and parameters: {'hidden_layers': 1, 'neurons': 512, 'lr': 0.0029154431891537554, 'beta1': 0.7999563908598613, 'step_size': 30, 'batch_size': 16}. Best is trial 0 with value: 0.7951219512195122.
[09:42:51] [resnet18] trial 1: H=2 N=2048 lr=1.38e-03 beta1=0.600 step_size=23 batch_size=96 (micro_batch=16, accum_steps=6)
[resnet18 trial1] Using gradient accumulation: 6 micro-batches per optimizer step (effective batch size ≈ micro_batch x 6).
[resnet18 trial1] Epoch   1/100 | LR: 1.38e-03 | train loss 1.4563 acc 0.427 | val loss 1.7455 acc 0.232 *
[resnet18 trial1] Epoch   2/100 | LR: 1.38e-03 | train loss 1.0329 acc 0.562 | val loss 1.1277 acc 0.417 *
[resnet18 trial1] Epoch   3/100 | LR: 1.38e-03 | train loss 0.9112 acc 0.596 | val loss 1.4516 acc 0.505
[resnet18 trial1] Epoch   4/100 | LR: 1.38e-03 | train loss 0.8281 acc 0.650 | val loss 0.9632 acc 0.566 *
[resnet18 trial1] Epoch   5/100 | LR: 1.38e-03 | train loss 0.7498 acc 0.667 | val loss 0.5748 acc 0.759 *
[resnet18 trial1] Epoch   6/100 | LR: 1.38e-03 | train loss 0.7549 acc 0.669 | val loss 0.6590 acc 0.717
[resnet18 trial1] Epoch   7/100 | LR: 1.38e-03 | train loss 0.6726 acc 0.735 | val loss 0.6199 acc 0.746
[resnet18 trial1] Epoch   8/100 | LR: 1.38e-03 | train loss 0.6906 acc 0.708 | val loss 0.5468 acc 0.763 *
[resnet18 trial1] Epoch   9/100 | LR: 1.38e-03 | train loss 0.5833 acc 0.751 | val loss 0.7015 acc 0.680
[resnet18 trial1] Epoch  10/100 | LR: 1.38e-03 | train loss 0.6379 acc 0.737 | val loss 0.6426 acc 0.720
[resnet18 trial1] Epoch  11/100 | LR: 1.38e-03 | train loss 0.6032 acc 0.744 | val loss 0.6646 acc 0.746
[resnet18 trial1] Epoch  12/100 | LR: 1.38e-03 | train loss 0.5910 acc 0.751 | val loss 0.5717 acc 0.741
[resnet18 trial1] Epoch  13/100 | LR: 1.38e-03 | train loss 0.6085 acc 0.733 | val loss 0.5364 acc 0.790 *
[resnet18 trial1] Epoch  14/100 | LR: 1.38e-03 | train loss 0.5737 acc 0.757 | val loss 0.6194 acc 0.761
[resnet18 trial1] Epoch  15/100 | LR: 1.38e-03 | train loss 0.5551 acc 0.739 | val loss 1.0058 acc 0.617
[resnet18 trial1] Epoch  16/100 | LR: 1.38e-03 | train loss 0.5323 acc 0.777 | val loss 0.6679 acc 0.749
[resnet18 trial1] Epoch  17/100 | LR: 1.38e-03 | train loss 0.5090 acc 0.790 | val loss 0.5439 acc 0.785
[resnet18 trial1] Epoch  18/100 | LR: 1.38e-03 | train loss 0.5022 acc 0.793 | val loss 0.5566 acc 0.754
[resnet18 trial1] Epoch  19/100 | LR: 1.38e-03 | train loss 0.4690 acc 0.802 | val loss 0.5517 acc 0.739
[resnet18 trial1] Epoch  20/100 | LR: 1.38e-03 | train loss 0.4705 acc 0.814 | val loss 0.5536 acc 0.800
[resnet18 trial1] Epoch  21/100 | LR: 1.38e-03 | train loss 0.4469 acc 0.814 | val loss 0.4829 acc 0.820 *
[resnet18 trial1] Epoch  22/100 | LR: 1.38e-03 | train loss 0.4484 acc 0.802 | val loss 0.4574 acc 0.832 *
[resnet18 trial1] Epoch  23/100 | LR: 1.38e-04 | train loss 0.4978 acc 0.800 | val loss 0.5458 acc 0.790
[resnet18 trial1] Epoch  24/100 | LR: 1.38e-04 | train loss 0.3698 acc 0.837 | val loss 0.3797 acc 0.854 *
[resnet18 trial1] Epoch  25/100 | LR: 1.38e-04 | train loss 0.2975 acc 0.863 | val loss 0.3764 acc 0.861 *
[resnet18 trial1] Epoch  26/100 | LR: 1.38e-04 | train loss 0.2717 acc 0.871 | val loss 0.3907 acc 0.861
[resnet18 trial1] Epoch  27/100 | LR: 1.38e-04 | train loss 0.2618 acc 0.882 | val loss 0.3908 acc 0.859
[resnet18 trial1] Epoch  28/100 | LR: 1.38e-04 | train loss 0.2237 acc 0.895 | val loss 0.4030 acc 0.861
[resnet18 trial1] Epoch  29/100 | LR: 1.38e-04 | train loss 0.2250 acc 0.889 | val loss 0.3847 acc 0.873
[resnet18 trial1] Epoch  30/100 | LR: 1.38e-04 | train loss 0.2422 acc 0.881 | val loss 0.4242 acc 0.846
[resnet18 trial1] Epoch  31/100 | LR: 1.38e-04 | train loss 0.2190 acc 0.893 | val loss 0.3912 acc 0.854
[resnet18 trial1] Epoch  32/100 | LR: 1.38e-04 | train loss 0.2077 acc 0.892 | val loss 0.3730 acc 0.866 *
[resnet18 trial1] Epoch  33/100 | LR: 1.38e-04 | train loss 0.2139 acc 0.895 | val loss 0.3694 acc 0.871 *
[resnet18 trial1] Epoch  34/100 | LR: 1.38e-04 | train loss 0.1932 acc 0.905 | val loss 0.3851 acc 0.856
[resnet18 trial1] Epoch  35/100 | LR: 1.38e-04 | train loss 0.1675 acc 0.915 | val loss 0.3670 acc 0.859 *
[resnet18 trial1] Epoch  36/100 | LR: 1.38e-04 | train loss 0.1896 acc 0.909 | val loss 0.4149 acc 0.856
[resnet18 trial1] Epoch  37/100 | LR: 1.38e-04 | train loss 0.1787 acc 0.913 | val loss 0.3856 acc 0.856
[resnet18 trial1] Epoch  38/100 | LR: 1.38e-04 | train loss 0.1693 acc 0.913 | val loss 0.4271 acc 0.854
[resnet18 trial1] Epoch  39/100 | LR: 1.38e-04 | train loss 0.1561 acc 0.919 | val loss 0.3809 acc 0.866
[resnet18 trial1] Epoch  40/100 | LR: 1.38e-04 | train loss 0.1483 acc 0.920 | val loss 0.3777 acc 0.866
[resnet18 trial1] Epoch  41/100 | LR: 1.38e-04 | train loss 0.1458 acc 0.929 | val loss 0.4121 acc 0.849
[resnet18 trial1] Epoch  42/100 | LR: 1.38e-04 | train loss 0.1465 acc 0.920 | val loss 0.3881 acc 0.851
[resnet18 trial1] Epoch  43/100 | LR: 1.38e-04 | train loss 0.1246 acc 0.934 | val loss 0.4075 acc 0.868
[resnet18 trial1] Epoch  44/100 | LR: 1.38e-04 | train loss 0.1207 acc 0.940 | val loss 0.4317 acc 0.863
[resnet18 trial1] Epoch  45/100 | LR: 1.38e-04 | train loss 0.1327 acc 0.937 | val loss 0.4157 acc 0.871

[resnet18 trial1] No val loss improvement for 10 epochs — stopping early at epoch 45.

[resnet18 trial1] Restored best checkpoint (val loss = 0.3670)
[09:46:39] [resnet18] trial 1 finished: best val_acc=0.8585 (at val_loss=0.3670)
[I 2026-09-22 09:46:39,025] Trial 1 finished with value: 0.8585365853658536 and parameters: {'hidden_layers': 2, 'neurons': 2048, 'lr': 0.0013826232179369874, 'beta1': 0.5996372172970215, 'step_size': 23, 'batch_size': 96}. Best is trial 1 with value: 0.8585365853658536.
[09:46:39] [resnet18] trial 2: H=2 N=1024 lr=4.34e-03 beta1=0.629 step_size=28 batch_size=48 (micro_batch=16, accum_steps=3)
[resnet18 trial2] Using gradient accumulation: 3 micro-batches per optimizer step (effective batch size ≈ micro_batch x 3).
[resnet18 trial2] Epoch   1/100 | LR: 4.34e-03 | train loss 2.0667 acc 0.335 | val loss 1.8166 acc 0.280 *
[resnet18 trial2] Epoch   2/100 | LR: 4.34e-03 | train loss 1.3866 acc 0.440 | val loss 2.2567 acc 0.439
[resnet18 trial2] Epoch   3/100 | LR: 4.34e-03 | train loss 1.3352 acc 0.381 | val loss 1.3159 acc 0.356 *
[resnet18 trial2] Epoch   4/100 | LR: 4.34e-03 | train loss 1.2516 acc 0.423 | val loss 1.3018 acc 0.356 *
[resnet18 trial2] Epoch   5/100 | LR: 4.34e-03 | train loss 1.2153 acc 0.411 | val loss 1.2628 acc 0.378 *
[resnet18 trial2] Epoch   6/100 | LR: 4.34e-03 | train loss 1.2080 acc 0.436 | val loss 1.1359 acc 0.527 *
[resnet18 trial2] Epoch   7/100 | LR: 4.34e-03 | train loss 1.1625 acc 0.469 | val loss 1.4421 acc 0.241
[resnet18 trial2] Epoch   8/100 | LR: 4.34e-03 | train loss 1.2371 acc 0.417 | val loss 1.0421 acc 0.576 *
[resnet18 trial2] Epoch   9/100 | LR: 4.34e-03 | train loss 1.1944 acc 0.460 | val loss 1.6098 acc 0.146
[resnet18 trial2] Epoch  10/100 | LR: 4.34e-03 | train loss 1.1948 acc 0.438 | val loss 1.1815 acc 0.454
[resnet18 trial2] Epoch  11/100 | LR: 4.34e-03 | train loss 1.1973 acc 0.437 | val loss 1.1311 acc 0.349
[resnet18 trial2] Epoch  12/100 | LR: 4.34e-03 | train loss 1.1792 acc 0.427 | val loss 1.1110 acc 0.424
[resnet18 trial2] Epoch  13/100 | LR: 4.34e-03 | train loss 1.1381 acc 0.411 | val loss 1.0995 acc 0.429
[resnet18 trial2] Epoch  14/100 | LR: 4.34e-03 | train loss 1.1593 acc 0.394 | val loss 1.2579 acc 0.415
[resnet18 trial2] Epoch  15/100 | LR: 4.34e-03 | train loss 1.2736 acc 0.397 | val loss 1.0560 acc 0.476
[resnet18 trial2] Epoch  16/100 | LR: 4.34e-03 | train loss 1.1936 acc 0.403 | val loss 1.0580 acc 0.400
[resnet18 trial2] Epoch  17/100 | LR: 4.34e-03 | train loss 1.1988 acc 0.417 | val loss 1.0083 acc 0.568 *
[resnet18 trial2] Epoch  18/100 | LR: 4.34e-03 | train loss 1.1346 acc 0.438 | val loss 1.0572 acc 0.454
[resnet18 trial2] Epoch  19/100 | LR: 4.34e-03 | train loss 1.1310 acc 0.428 | val loss 0.9996 acc 0.505 *
[resnet18 trial2] Epoch  20/100 | LR: 4.34e-03 | train loss 1.1274 acc 0.444 | val loss 1.0603 acc 0.485
[resnet18 trial2] Epoch  21/100 | LR: 4.34e-03 | train loss 1.1266 acc 0.433 | val loss 1.0134 acc 0.454
[resnet18 trial2] Epoch  22/100 | LR: 4.34e-03 | train loss 1.0825 acc 0.436 | val loss 1.0728 acc 0.451
[resnet18 trial2] Epoch  23/100 | LR: 4.34e-03 | train loss 1.1034 acc 0.465 | val loss 1.2398 acc 0.359
[resnet18 trial2] Epoch  24/100 | LR: 4.34e-03 | train loss 1.1033 acc 0.462 | val loss 1.3758 acc 0.305
[resnet18 trial2] Epoch  25/100 | LR: 4.34e-03 | train loss 1.0690 acc 0.462 | val loss 1.0259 acc 0.502
[resnet18 trial2] Epoch  26/100 | LR: 4.34e-03 | train loss 1.0743 acc 0.504 | val loss 0.9817 acc 0.529 *
[resnet18 trial2] Epoch  27/100 | LR: 4.34e-03 | train loss 1.1207 acc 0.473 | val loss 1.2712 acc 0.334
[resnet18 trial2] Epoch  28/100 | LR: 4.34e-04 | train loss 1.1239 acc 0.433 | val loss 1.0781 acc 0.473
[resnet18 trial2] Epoch  29/100 | LR: 4.34e-04 | train loss 1.0433 acc 0.455 | val loss 0.9322 acc 0.534 *
[resnet18 trial2] Epoch  30/100 | LR: 4.34e-04 | train loss 1.0011 acc 0.493 | val loss 0.8907 acc 0.551 *
[resnet18 trial2] Epoch  31/100 | LR: 4.34e-04 | train loss 0.9859 acc 0.505 | val loss 0.8588 acc 0.566 *
[resnet18 trial2] Epoch  32/100 | LR: 4.34e-04 | train loss 0.9982 acc 0.503 | val loss 0.9201 acc 0.512
[resnet18 trial2] Epoch  33/100 | LR: 4.34e-04 | train loss 0.9647 acc 0.514 | val loss 0.8936 acc 0.568
[resnet18 trial2] Epoch  34/100 | LR: 4.34e-04 | train loss 1.0016 acc 0.508 | val loss 0.8745 acc 0.598
[resnet18 trial2] Epoch  35/100 | LR: 4.34e-04 | train loss 0.9769 acc 0.533 | val loss 0.9112 acc 0.580
[resnet18 trial2] Epoch  36/100 | LR: 4.34e-04 | train loss 0.9628 acc 0.531 | val loss 0.9232 acc 0.559
[resnet18 trial2] Epoch  37/100 | LR: 4.34e-04 | train loss 0.9441 acc 0.535 | val loss 0.8360 acc 0.622 *
[resnet18 trial2] Epoch  38/100 | LR: 4.34e-04 | train loss 0.9635 acc 0.528 | val loss 0.8630 acc 0.576
[resnet18 trial2] Epoch  39/100 | LR: 4.34e-04 | train loss 0.9446 acc 0.540 | val loss 0.8035 acc 0.646 *
[resnet18 trial2] Epoch  40/100 | LR: 4.34e-04 | train loss 0.9417 acc 0.556 | val loss 0.8376 acc 0.624
[resnet18 trial2] Epoch  41/100 | LR: 4.34e-04 | train loss 0.9411 acc 0.545 | val loss 0.8137 acc 0.605
[resnet18 trial2] Epoch  42/100 | LR: 4.34e-04 | train loss 0.9410 acc 0.564 | val loss 0.7630 acc 0.644 *
[resnet18 trial2] Epoch  43/100 | LR: 4.34e-04 | train loss 0.9362 acc 0.551 | val loss 0.8288 acc 0.627
[resnet18 trial2] Epoch  44/100 | LR: 4.34e-04 | train loss 0.9160 acc 0.554 | val loss 0.8099 acc 0.629
[resnet18 trial2] Epoch  45/100 | LR: 4.34e-04 | train loss 0.9186 acc 0.576 | val loss 0.7985 acc 0.617
[resnet18 trial2] Epoch  46/100 | LR: 4.34e-04 | train loss 0.9145 acc 0.575 | val loss 0.8309 acc 0.607
[resnet18 trial2] Epoch  47/100 | LR: 4.34e-04 | train loss 0.9044 acc 0.566 | val loss 0.7638 acc 0.666
[resnet18 trial2] Epoch  48/100 | LR: 4.34e-04 | train loss 0.8983 acc 0.554 | val loss 0.7658 acc 0.656
[resnet18 trial2] Epoch  49/100 | LR: 4.34e-04 | train loss 0.9303 acc 0.566 | val loss 0.9465 acc 0.478
[resnet18 trial2] Epoch  50/100 | LR: 4.34e-04 | train loss 0.9192 acc 0.560 | val loss 0.8123 acc 0.622
[resnet18 trial2] Epoch  51/100 | LR: 4.34e-04 | train loss 0.8810 acc 0.568 | val loss 0.7509 acc 0.659 *
[resnet18 trial2] Epoch  52/100 | LR: 4.34e-04 | train loss 0.8827 acc 0.580 | val loss 1.0864 acc 0.402
[resnet18 trial2] Epoch  53/100 | LR: 4.34e-04 | train loss 0.9408 acc 0.577 | val loss 0.8614 acc 0.598
[resnet18 trial2] Epoch  54/100 | LR: 4.34e-04 | train loss 0.8808 acc 0.586 | val loss 1.2126 acc 0.378
[resnet18 trial2] Epoch  55/100 | LR: 4.34e-04 | train loss 0.9113 acc 0.576 | val loss 0.8060 acc 0.646
[resnet18 trial2] Epoch  56/100 | LR: 4.34e-05 | train loss 0.8889 acc 0.598 | val loss 0.7248 acc 0.690 *
[resnet18 trial2] Epoch  57/100 | LR: 4.34e-05 | train loss 0.8468 acc 0.604 | val loss 0.7326 acc 0.673
[resnet18 trial2] Epoch  58/100 | LR: 4.34e-05 | train loss 0.8143 acc 0.618 | val loss 0.6982 acc 0.688 *
[resnet18 trial2] Epoch  59/100 | LR: 4.34e-05 | train loss 0.8252 acc 0.612 | val loss 0.6778 acc 0.700 *
[resnet18 trial2] Epoch  60/100 | LR: 4.34e-05 | train loss 0.8375 acc 0.598 | val loss 0.6734 acc 0.700 *
[resnet18 trial2] Epoch  61/100 | LR: 4.34e-05 | train loss 0.7988 acc 0.626 | val loss 0.6557 acc 0.698 *
[resnet18 trial2] Epoch  62/100 | LR: 4.34e-05 | train loss 0.8125 acc 0.618 | val loss 0.6596 acc 0.685
[resnet18 trial2] Epoch  63/100 | LR: 4.34e-05 | train loss 0.7789 acc 0.628 | val loss 0.6664 acc 0.712
[resnet18 trial2] Epoch  64/100 | LR: 4.34e-05 | train loss 0.7698 acc 0.641 | val loss 0.6464 acc 0.700 *
[resnet18 trial2] Epoch  65/100 | LR: 4.34e-05 | train loss 0.7403 acc 0.658 | val loss 0.6647 acc 0.690
[resnet18 trial2] Epoch  66/100 | LR: 4.34e-05 | train loss 0.7685 acc 0.647 | val loss 0.6278 acc 0.700 *
[resnet18 trial2] Epoch  67/100 | LR: 4.34e-05 | train loss 0.7494 acc 0.651 | val loss 0.6285 acc 0.710
[resnet18 trial2] Epoch  68/100 | LR: 4.34e-05 | train loss 0.7670 acc 0.639 | val loss 0.6166 acc 0.712 *
[resnet18 trial2] Epoch  69/100 | LR: 4.34e-05 | train loss 0.7701 acc 0.648 | val loss 0.6205 acc 0.717
[resnet18 trial2] Epoch  70/100 | LR: 4.34e-05 | train loss 0.7657 acc 0.655 | val loss 0.6275 acc 0.710
[resnet18 trial2] Epoch  71/100 | LR: 4.34e-05 | train loss 0.7049 acc 0.678 | val loss 0.6066 acc 0.724 *
[resnet18 trial2] Epoch  72/100 | LR: 4.34e-05 | train loss 0.7380 acc 0.650 | val loss 0.6089 acc 0.717
[resnet18 trial2] Epoch  73/100 | LR: 4.34e-05 | train loss 0.7408 acc 0.664 | val loss 0.6022 acc 0.729 *
[resnet18 trial2] Epoch  74/100 | LR: 4.34e-05 | train loss 0.7630 acc 0.650 | val loss 0.6074 acc 0.724
[resnet18 trial2] Epoch  75/100 | LR: 4.34e-05 | train loss 0.7346 acc 0.664 | val loss 0.6318 acc 0.717
[resnet18 trial2] Epoch  76/100 | LR: 4.34e-05 | train loss 0.7209 acc 0.673 | val loss 0.6512 acc 0.690
[resnet18 trial2] Epoch  77/100 | LR: 4.34e-05 | train loss 0.7011 acc 0.677 | val loss 0.5960 acc 0.741 *
[resnet18 trial2] Epoch  78/100 | LR: 4.34e-05 | train loss 0.6734 acc 0.691 | val loss 0.6314 acc 0.715
[resnet18 trial2] Epoch  79/100 | LR: 4.34e-05 | train loss 0.6988 acc 0.694 | val loss 0.6146 acc 0.734
[resnet18 trial2] Epoch  80/100 | LR: 4.34e-05 | train loss 0.6704 acc 0.697 | val loss 0.6537 acc 0.690
[resnet18 trial2] Epoch  81/100 | LR: 4.34e-05 | train loss 0.6667 acc 0.695 | val loss 0.5771 acc 0.749 *
[resnet18 trial2] Epoch  82/100 | LR: 4.34e-05 | train loss 0.6781 acc 0.709 | val loss 0.5769 acc 0.739 *
[resnet18 trial2] Epoch  83/100 | LR: 4.34e-05 | train loss 0.6720 acc 0.686 | val loss 0.5946 acc 0.746
[resnet18 trial2] Epoch  84/100 | LR: 4.34e-06 | train loss 0.6782 acc 0.681 | val loss 0.5833 acc 0.734
[resnet18 trial2] Epoch  85/100 | LR: 4.34e-06 | train loss 0.6445 acc 0.716 | val loss 0.5958 acc 0.722
[resnet18 trial2] Epoch  86/100 | LR: 4.34e-06 | train loss 0.6337 acc 0.715 | val loss 0.5597 acc 0.741 *
[resnet18 trial2] Epoch  87/100 | LR: 4.34e-06 | train loss 0.6390 acc 0.717 | val loss 0.5872 acc 0.729
[resnet18 trial2] Epoch  88/100 | LR: 4.34e-06 | train loss 0.6317 acc 0.703 | val loss 0.5716 acc 0.737
[resnet18 trial2] Epoch  89/100 | LR: 4.34e-06 | train loss 0.6481 acc 0.700 | val loss 0.5697 acc 0.739
[resnet18 trial2] Epoch  90/100 | LR: 4.34e-06 | train loss 0.6176 acc 0.713 | val loss 0.5559 acc 0.746 *
[resnet18 trial2] Epoch  91/100 | LR: 4.34e-06 | train loss 0.6254 acc 0.710 | val loss 0.5811 acc 0.746
[resnet18 trial2] Epoch  92/100 | LR: 4.34e-06 | train loss 0.6461 acc 0.720 | val loss 0.5615 acc 0.749
[resnet18 trial2] Epoch  93/100 | LR: 4.34e-06 | train loss 0.6338 acc 0.723 | val loss 0.5738 acc 0.741
[resnet18 trial2] Epoch  94/100 | LR: 4.34e-06 | train loss 0.6771 acc 0.708 | val loss 0.5622 acc 0.744
[resnet18 trial2] Epoch  95/100 | LR: 4.34e-06 | train loss 0.6231 acc 0.716 | val loss 0.5693 acc 0.741
[resnet18 trial2] Epoch  96/100 | LR: 4.34e-06 | train loss 0.6394 acc 0.710 | val loss 0.5616 acc 0.746
[resnet18 trial2] Epoch  97/100 | LR: 4.34e-06 | train loss 0.6444 acc 0.722 | val loss 0.5659 acc 0.746
[resnet18 trial2] Epoch  98/100 | LR: 4.34e-06 | train loss 0.6253 acc 0.724 | val loss 0.5619 acc 0.739
[resnet18 trial2] Epoch  99/100 | LR: 4.34e-06 | train loss 0.6190 acc 0.721 | val loss 0.5583 acc 0.739
[resnet18 trial2] Epoch 100/100 | LR: 4.34e-06 | train loss 0.6318 acc 0.705 | val loss 0.5747 acc 0.737

[resnet18 trial2] No val loss improvement for 10 epochs — stopping early at epoch 100.

[resnet18 trial2] Restored best checkpoint (val loss = 0.5559)
[09:55:09] [resnet18] trial 2 finished: best val_acc=0.7463 (at val_loss=0.5559)
[I 2026-09-22 09:55:09,938] Trial 2 finished with value: 0.7463414634146341 and parameters: {'hidden_layers': 2, 'neurons': 1024, 'lr': 0.004337920697490943, 'beta1': 0.6291312108184084, 'step_size': 28, 'batch_size': 48}. Best is trial 1 with value: 0.8585365853658536.
[09:55:09] [resnet18] trial 3: H=1 N=2048 lr=1.22e-05 beta1=0.914 step_size=17 batch_size=64 (micro_batch=16, accum_steps=4)
[resnet18 trial3] Using gradient accumulation: 4 micro-batches per optimizer step (effective batch size ≈ micro_batch x 4).
[resnet18 trial3] Epoch   1/100 | LR: 1.22e-05 | train loss 1.3220 acc 0.371 | val loss 1.1946 acc 0.573 *
[resnet18 trial3] Epoch   2/100 | LR: 1.22e-05 | train loss 1.1406 acc 0.589 | val loss 1.0615 acc 0.673 *
[resnet18 trial3] Epoch   3/100 | LR: 1.22e-05 | train loss 0.9670 acc 0.647 | val loss 0.8917 acc 0.693 *
[resnet18 trial3] Epoch   4/100 | LR: 1.22e-05 | train loss 0.8349 acc 0.637 | val loss 0.7960 acc 0.720 *
[resnet18 trial3] Epoch   5/100 | LR: 1.22e-05 | train loss 0.7366 acc 0.687 | val loss 0.6873 acc 0.761 *
[resnet18 trial3] Epoch   6/100 | LR: 1.22e-05 | train loss 0.6820 acc 0.706 | val loss 0.6505 acc 0.771 *
[resnet18 trial3] Epoch   7/100 | LR: 1.22e-05 | train loss 0.6061 acc 0.728 | val loss 0.5687 acc 0.805 *
[resnet18 trial3] Epoch   8/100 | LR: 1.22e-05 | train loss 0.5597 acc 0.749 | val loss 0.5468 acc 0.810 *
[resnet18 trial3] Epoch   9/100 | LR: 1.22e-05 | train loss 0.5324 acc 0.752 | val loss 0.5087 acc 0.807 *
[resnet18 trial3] Epoch  10/100 | LR: 1.22e-05 | train loss 0.4890 acc 0.777 | val loss 0.4882 acc 0.834 *
[resnet18 trial3] Epoch  11/100 | LR: 1.22e-05 | train loss 0.4607 acc 0.799 | val loss 0.4647 acc 0.812 *
[resnet18 trial3] Epoch  12/100 | LR: 1.22e-05 | train loss 0.4376 acc 0.799 | val loss 0.4469 acc 0.824 *
[resnet18 trial3] Epoch  13/100 | LR: 1.22e-05 | train loss 0.4373 acc 0.799 | val loss 0.4313 acc 0.829 *
[resnet18 trial3] Epoch  14/100 | LR: 1.22e-05 | train loss 0.4015 acc 0.807 | val loss 0.4348 acc 0.815
[resnet18 trial3] Epoch  15/100 | LR: 1.22e-05 | train loss 0.3845 acc 0.827 | val loss 0.4119 acc 0.822 *
[resnet18 trial3] Epoch  16/100 | LR: 1.22e-05 | train loss 0.3747 acc 0.820 | val loss 0.4181 acc 0.829
[resnet18 trial3] Epoch  17/100 | LR: 1.22e-06 | train loss 0.3595 acc 0.832 | val loss 0.4121 acc 0.832
[resnet18 trial3] Epoch  18/100 | LR: 1.22e-06 | train loss 0.3340 acc 0.836 | val loss 0.4057 acc 0.824 *
[resnet18 trial3] Epoch  19/100 | LR: 1.22e-06 | train loss 0.3655 acc 0.833 | val loss 0.4102 acc 0.827
[resnet18 trial3] Epoch  20/100 | LR: 1.22e-06 | train loss 0.3366 acc 0.833 | val loss 0.4155 acc 0.822
[resnet18 trial3] Epoch  21/100 | LR: 1.22e-06 | train loss 0.3306 acc 0.834 | val loss 0.4219 acc 0.832
[resnet18 trial3] Epoch  22/100 | LR: 1.22e-06 | train loss 0.3316 acc 0.843 | val loss 0.3940 acc 0.837 *
[resnet18 trial3] Epoch  23/100 | LR: 1.22e-06 | train loss 0.3468 acc 0.837 | val loss 0.4077 acc 0.846
[resnet18 trial3] Epoch  24/100 | LR: 1.22e-06 | train loss 0.3400 acc 0.835 | val loss 0.4005 acc 0.824
[resnet18 trial3] Epoch  25/100 | LR: 1.22e-06 | train loss 0.3345 acc 0.840 | val loss 0.3952 acc 0.834
[resnet18 trial3] Epoch  26/100 | LR: 1.22e-06 | train loss 0.3199 acc 0.841 | val loss 0.4076 acc 0.841
[resnet18 trial3] Epoch  27/100 | LR: 1.22e-06 | train loss 0.3359 acc 0.844 | val loss 0.3958 acc 0.849
[resnet18 trial3] Epoch  28/100 | LR: 1.22e-06 | train loss 0.3301 acc 0.829 | val loss 0.4042 acc 0.829
[resnet18 trial3] Epoch  29/100 | LR: 1.22e-06 | train loss 0.3191 acc 0.846 | val loss 0.4094 acc 0.841
[resnet18 trial3] Epoch  30/100 | LR: 1.22e-06 | train loss 0.3181 acc 0.840 | val loss 0.4068 acc 0.822
[resnet18 trial3] Epoch  31/100 | LR: 1.22e-06 | train loss 0.3306 acc 0.835 | val loss 0.4002 acc 0.849
[resnet18 trial3] Epoch  32/100 | LR: 1.22e-06 | train loss 0.3197 acc 0.845 | val loss 0.3934 acc 0.846 *
[resnet18 trial3] Epoch  33/100 | LR: 1.22e-06 | train loss 0.3157 acc 0.841 | val loss 0.4120 acc 0.841
[resnet18 trial3] Epoch  34/100 | LR: 1.22e-07 | train loss 0.3055 acc 0.853 | val loss 0.3942 acc 0.844
[resnet18 trial3] Epoch  35/100 | LR: 1.22e-07 | train loss 0.2948 acc 0.850 | val loss 0.3957 acc 0.849
[resnet18 trial3] Epoch  36/100 | LR: 1.22e-07 | train loss 0.2977 acc 0.857 | val loss 0.3892 acc 0.846 *
[resnet18 trial3] Epoch  37/100 | LR: 1.22e-07 | train loss 0.3019 acc 0.855 | val loss 0.3885 acc 0.834 *
[resnet18 trial3] Epoch  38/100 | LR: 1.22e-07 | train loss 0.3124 acc 0.843 | val loss 0.3904 acc 0.846
[resnet18 trial3] Epoch  39/100 | LR: 1.22e-07 | train loss 0.3313 acc 0.839 | val loss 0.3909 acc 0.844
[resnet18 trial3] Epoch  40/100 | LR: 1.22e-07 | train loss 0.3068 acc 0.859 | val loss 0.3873 acc 0.851 *
[resnet18 trial3] Epoch  41/100 | LR: 1.22e-07 | train loss 0.3049 acc 0.856 | val loss 0.3893 acc 0.846
[resnet18 trial3] Epoch  42/100 | LR: 1.22e-07 | train loss 0.3095 acc 0.853 | val loss 0.3891 acc 0.849
[resnet18 trial3] Epoch  43/100 | LR: 1.22e-07 | train loss 0.3026 acc 0.855 | val loss 0.3888 acc 0.844
[resnet18 trial3] Epoch  44/100 | LR: 1.22e-07 | train loss 0.3236 acc 0.842 | val loss 0.4018 acc 0.820
[resnet18 trial3] Epoch  45/100 | LR: 1.22e-07 | train loss 0.3047 acc 0.837 | val loss 0.3943 acc 0.837
[resnet18 trial3] Epoch  46/100 | LR: 1.22e-07 | train loss 0.3170 acc 0.848 | val loss 0.4070 acc 0.824
[resnet18 trial3] Epoch  47/100 | LR: 1.22e-07 | train loss 0.3294 acc 0.845 | val loss 0.3889 acc 0.846
[resnet18 trial3] Epoch  48/100 | LR: 1.22e-07 | train loss 0.3030 acc 0.858 | val loss 0.3869 acc 0.844 *
[resnet18 trial3] Epoch  49/100 | LR: 1.22e-07 | train loss 0.3048 acc 0.852 | val loss 0.4011 acc 0.839
[resnet18 trial3] Epoch  50/100 | LR: 1.22e-07 | train loss 0.3147 acc 0.843 | val loss 0.3915 acc 0.846
[resnet18 trial3] Epoch  51/100 | LR: 1.22e-08 | train loss 0.3139 acc 0.845 | val loss 0.3960 acc 0.861
[resnet18 trial3] Epoch  52/100 | LR: 1.22e-08 | train loss 0.2861 acc 0.860 | val loss 0.3934 acc 0.851
[resnet18 trial3] Epoch  53/100 | LR: 1.22e-08 | train loss 0.3204 acc 0.859 | val loss 0.3946 acc 0.834
[resnet18 trial3] Epoch  54/100 | LR: 1.22e-08 | train loss 0.2942 acc 0.857 | val loss 0.3936 acc 0.846
[resnet18 trial3] Epoch  55/100 | LR: 1.22e-08 | train loss 0.3058 acc 0.852 | val loss 0.3960 acc 0.849
[resnet18 trial3] Epoch  56/100 | LR: 1.22e-08 | train loss 0.3073 acc 0.842 | val loss 0.4007 acc 0.839
[resnet18 trial3] Epoch  57/100 | LR: 1.22e-08 | train loss 0.3111 acc 0.853 | val loss 0.3999 acc 0.846
[resnet18 trial3] Epoch  58/100 | LR: 1.22e-08 | train loss 0.3025 acc 0.854 | val loss 0.3917 acc 0.844

[resnet18 trial3] No val loss improvement for 10 epochs — stopping early at epoch 58.

[resnet18 trial3] Restored best checkpoint (val loss = 0.3869)
[10:00:06] [resnet18] trial 3 finished: best val_acc=0.8439 (at val_loss=0.3869)
[I 2026-09-22 10:00:06,907] Trial 3 finished with value: 0.8439024390243902 and parameters: {'hidden_layers': 1, 'neurons': 2048, 'lr': 1.2172958098369984e-05, 'beta1': 0.9135400170668128, 'step_size': 17, 'batch_size': 64}. Best is trial 1 with value: 0.8585365853658536.
[10:00:06] [resnet18] trial 4: H=1 N=512 lr=2.91e-06 beta1=0.931 step_size=27 batch_size=96 (micro_batch=16, accum_steps=6)
[resnet18 trial4] Using gradient accumulation: 6 micro-batches per optimizer step (effective batch size ≈ micro_batch x 6).
[resnet18 trial4] Epoch   1/100 | LR: 2.91e-06 | train loss 1.3880 acc 0.330 | val loss 1.3470 acc 0.317 *
[resnet18 trial4] Epoch   2/100 | LR: 2.91e-06 | train loss 1.3533 acc 0.407 | val loss 1.3236 acc 0.398 *
[resnet18 trial4] Epoch   3/100 | LR: 2.91e-06 | train loss 1.3255 acc 0.488 | val loss 1.3007 acc 0.456 *
[resnet18 trial4] Epoch   4/100 | LR: 2.91e-06 | train loss 1.3032 acc 0.514 | val loss 1.2807 acc 0.505 *
[resnet18 trial4] Epoch   5/100 | LR: 2.91e-06 | train loss 1.2739 acc 0.573 | val loss 1.2576 acc 0.554 *
[resnet18 trial4] Epoch   6/100 | LR: 2.91e-06 | train loss 1.2445 acc 0.592 | val loss 1.2406 acc 0.578 *
[resnet18 trial4] Epoch   7/100 | LR: 2.91e-06 | train loss 1.2186 acc 0.608 | val loss 1.2047 acc 0.627 *
[resnet18 trial4] Epoch   8/100 | LR: 2.91e-06 | train loss 1.1993 acc 0.613 | val loss 1.1917 acc 0.629 *
[resnet18 trial4] Epoch   9/100 | LR: 2.91e-06 | train loss 1.1590 acc 0.624 | val loss 1.1606 acc 0.656 *
[resnet18 trial4] Epoch  10/100 | LR: 2.91e-06 | train loss 1.1359 acc 0.641 | val loss 1.1431 acc 0.651 *
[resnet18 trial4] Epoch  11/100 | LR: 2.91e-06 | train loss 1.1057 acc 0.634 | val loss 1.1083 acc 0.646 *
[resnet18 trial4] Epoch  12/100 | LR: 2.91e-06 | train loss 1.0741 acc 0.642 | val loss 1.0727 acc 0.683 *
[resnet18 trial4] Epoch  13/100 | LR: 2.91e-06 | train loss 1.0396 acc 0.651 | val loss 1.0531 acc 0.668 *
[resnet18 trial4] Epoch  14/100 | LR: 2.91e-06 | train loss 0.9991 acc 0.648 | val loss 1.0259 acc 0.671 *
[resnet18 trial4] Epoch  15/100 | LR: 2.91e-06 | train loss 0.9719 acc 0.649 | val loss 0.9752 acc 0.700 *
[resnet18 trial4] Epoch  16/100 | LR: 2.91e-06 | train loss 0.9599 acc 0.643 | val loss 0.9683 acc 0.700 *
[resnet18 trial4] Epoch  17/100 | LR: 2.91e-06 | train loss 0.9344 acc 0.634 | val loss 0.9413 acc 0.712 *
[resnet18 trial4] Epoch  18/100 | LR: 2.91e-06 | train loss 0.9072 acc 0.642 | val loss 0.9520 acc 0.698
[resnet18 trial4] Epoch  19/100 | LR: 2.91e-06 | train loss 0.8961 acc 0.641 | val loss 0.9000 acc 0.722 *
[resnet18 trial4] Epoch  20/100 | LR: 2.91e-06 | train loss 0.8760 acc 0.666 | val loss 0.8945 acc 0.720 *
[resnet18 trial4] Epoch  21/100 | LR: 2.91e-06 | train loss 0.8536 acc 0.656 | val loss 0.8675 acc 0.710 *
[resnet18 trial4] Epoch  22/100 | LR: 2.91e-06 | train loss 0.8225 acc 0.678 | val loss 0.8515 acc 0.717 *
[resnet18 trial4] Epoch  23/100 | LR: 2.91e-06 | train loss 0.8229 acc 0.675 | val loss 0.8263 acc 0.727 *
[resnet18 trial4] Epoch  24/100 | LR: 2.91e-06 | train loss 0.7887 acc 0.684 | val loss 0.8016 acc 0.722 *
[resnet18 trial4] Epoch  25/100 | LR: 2.91e-06 | train loss 0.7848 acc 0.681 | val loss 0.7835 acc 0.727 *
[resnet18 trial4] Epoch  26/100 | LR: 2.91e-06 | train loss 0.7616 acc 0.690 | val loss 0.7894 acc 0.727
[resnet18 trial4] Epoch  27/100 | LR: 2.91e-07 | train loss 0.7467 acc 0.696 | val loss 0.7701 acc 0.734 *
[resnet18 trial4] Epoch  28/100 | LR: 2.91e-07 | train loss 0.7482 acc 0.694 | val loss 0.7456 acc 0.737 *
[resnet18 trial4] Epoch  29/100 | LR: 2.91e-07 | train loss 0.7528 acc 0.681 | val loss 0.7497 acc 0.746
[resnet18 trial4] Epoch  30/100 | LR: 2.91e-07 | train loss 0.7373 acc 0.703 | val loss 0.7437 acc 0.741 *
[resnet18 trial4] Epoch  31/100 | LR: 2.91e-07 | train loss 0.7306 acc 0.703 | val loss 0.7535 acc 0.739
[resnet18 trial4] Epoch  32/100 | LR: 2.91e-07 | train loss 0.7411 acc 0.696 | val loss 0.7493 acc 0.737
[resnet18 trial4] Epoch  33/100 | LR: 2.91e-07 | train loss 0.7245 acc 0.713 | val loss 0.7559 acc 0.727
[resnet18 trial4] Epoch  34/100 | LR: 2.91e-07 | train loss 0.7367 acc 0.697 | val loss 0.7404 acc 0.734 *
[resnet18 trial4] Epoch  35/100 | LR: 2.91e-07 | train loss 0.7117 acc 0.702 | val loss 0.7308 acc 0.741 *
[resnet18 trial4] Epoch  36/100 | LR: 2.91e-07 | train loss 0.7446 acc 0.704 | val loss 0.7272 acc 0.741 *
[resnet18 trial4] Epoch  37/100 | LR: 2.91e-07 | train loss 0.7388 acc 0.691 | val loss 0.7302 acc 0.741
[resnet18 trial4] Epoch  38/100 | LR: 2.91e-07 | train loss 0.7189 acc 0.715 | val loss 0.7395 acc 0.744
[resnet18 trial4] Epoch  39/100 | LR: 2.91e-07 | train loss 0.7398 acc 0.703 | val loss 0.7383 acc 0.737
[resnet18 trial4] Epoch  40/100 | LR: 2.91e-07 | train loss 0.7079 acc 0.709 | val loss 0.7432 acc 0.732
[resnet18 trial4] Epoch  41/100 | LR: 2.91e-07 | train loss 0.7024 acc 0.729 | val loss 0.7403 acc 0.722
[resnet18 trial4] Epoch  42/100 | LR: 2.91e-07 | train loss 0.7263 acc 0.712 | val loss 0.7389 acc 0.739
[resnet18 trial4] Epoch  43/100 | LR: 2.91e-07 | train loss 0.7314 acc 0.708 | val loss 0.7263 acc 0.744 *
[resnet18 trial4] Epoch  44/100 | LR: 2.91e-07 | train loss 0.7168 acc 0.713 | val loss 0.7363 acc 0.737
[resnet18 trial4] Epoch  45/100 | LR: 2.91e-07 | train loss 0.7128 acc 0.720 | val loss 0.7191 acc 0.751 *
[resnet18 trial4] Epoch  46/100 | LR: 2.91e-07 | train loss 0.7013 acc 0.709 | val loss 0.7138 acc 0.754 *
[resnet18 trial4] Epoch  47/100 | LR: 2.91e-07 | train loss 0.7085 acc 0.714 | val loss 0.7294 acc 0.744
[resnet18 trial4] Epoch  48/100 | LR: 2.91e-07 | train loss 0.7195 acc 0.715 | val loss 0.7294 acc 0.741
[resnet18 trial4] Epoch  49/100 | LR: 2.91e-07 | train loss 0.7105 acc 0.706 | val loss 0.7228 acc 0.754
[resnet18 trial4] Epoch  50/100 | LR: 2.91e-07 | train loss 0.7141 acc 0.704 | val loss 0.7128 acc 0.746 *
[resnet18 trial4] Epoch  51/100 | LR: 2.91e-07 | train loss 0.7281 acc 0.702 | val loss 0.7083 acc 0.754 *
[resnet18 trial4] Epoch  52/100 | LR: 2.91e-07 | train loss 0.7217 acc 0.703 | val loss 0.7237 acc 0.746
[resnet18 trial4] Epoch  53/100 | LR: 2.91e-07 | train loss 0.6982 acc 0.723 | val loss 0.7088 acc 0.756
[resnet18 trial4] Epoch  54/100 | LR: 2.91e-08 | train loss 0.6949 acc 0.715 | val loss 0.7127 acc 0.749
[resnet18 trial4] Epoch  55/100 | LR: 2.91e-08 | train loss 0.7022 acc 0.719 | val loss 0.7156 acc 0.751
[resnet18 trial4] Epoch  56/100 | LR: 2.91e-08 | train loss 0.7002 acc 0.711 | val loss 0.7064 acc 0.741 *
[resnet18 trial4] Epoch  57/100 | LR: 2.91e-08 | train loss 0.6950 acc 0.711 | val loss 0.7461 acc 0.729
[resnet18 trial4] Epoch  58/100 | LR: 2.91e-08 | train loss 0.7192 acc 0.698 | val loss 0.7116 acc 0.741
[resnet18 trial4] Epoch  59/100 | LR: 2.91e-08 | train loss 0.7041 acc 0.719 | val loss 0.7167 acc 0.746
[resnet18 trial4] Epoch  60/100 | LR: 2.91e-08 | train loss 0.7083 acc 0.709 | val loss 0.7144 acc 0.746
[resnet18 trial4] Epoch  61/100 | LR: 2.91e-08 | train loss 0.6978 acc 0.718 | val loss 0.7289 acc 0.741
[resnet18 trial4] Epoch  62/100 | LR: 2.91e-08 | train loss 0.7049 acc 0.706 | val loss 0.7112 acc 0.754
[resnet18 trial4] Epoch  63/100 | LR: 2.91e-08 | train loss 0.7177 acc 0.722 | val loss 0.7205 acc 0.746
[resnet18 trial4] Epoch  64/100 | LR: 2.91e-08 | train loss 0.7043 acc 0.707 | val loss 0.7193 acc 0.741
[resnet18 trial4] Epoch  65/100 | LR: 2.91e-08 | train loss 0.7169 acc 0.706 | val loss 0.7303 acc 0.734
[resnet18 trial4] Epoch  66/100 | LR: 2.91e-08 | train loss 0.7126 acc 0.697 | val loss 0.7267 acc 0.746

[resnet18 trial4] No val loss improvement for 10 epochs — stopping early at epoch 66.

[resnet18 trial4] Restored best checkpoint (val loss = 0.7064)
[10:05:47] [resnet18] trial 4 finished: best val_acc=0.7415 (at val_loss=0.7064)
[I 2026-09-22 10:05:47,824] Trial 4 finished with value: 0.7414634146341463 and parameters: {'hidden_layers': 1, 'neurons': 512, 'lr': 2.907208890659845e-06, 'beta1': 0.9306886095119211, 'step_size': 27, 'batch_size': 96}. Best is trial 1 with value: 0.8585365853658536.
[10:05:47] [resnet18] trial 5: H=2 N=512 lr=5.13e-05 beta1=0.513 step_size=8 batch_size=48 (micro_batch=16, accum_steps=3)
[resnet18 trial5] Using gradient accumulation: 3 micro-batches per optimizer step (effective batch size ≈ micro_batch x 3).
[resnet18 trial5] Epoch   1/100 | LR: 5.13e-05 | train loss 1.1889 acc 0.514 | val loss 0.8076 acc 0.739 *
[resnet18 trial5] Epoch   2/100 | LR: 5.13e-05 | train loss 0.6974 acc 0.716 | val loss 0.5493 acc 0.780 *
[resnet18 trial5] Epoch   3/100 | LR: 5.13e-05 | train loss 0.5319 acc 0.756 | val loss 0.4976 acc 0.785 *
[resnet18 trial5] Epoch   4/100 | LR: 5.13e-05 | train loss 0.4896 acc 0.786 | val loss 0.5237 acc 0.788
[resnet18 trial5] Epoch   5/100 | LR: 5.13e-05 | train loss 0.4183 acc 0.812 | val loss 0.4207 acc 0.820 *
[resnet18 trial5] Epoch   6/100 | LR: 5.13e-05 | train loss 0.3683 acc 0.821 | val loss 0.4031 acc 0.859 *
[resnet18 trial5] Epoch   7/100 | LR: 5.13e-05 | train loss 0.3406 acc 0.837 | val loss 0.3896 acc 0.829 *
[resnet18 trial5] Epoch   8/100 | LR: 5.13e-06 | train loss 0.2937 acc 0.858 | val loss 0.4545 acc 0.815
[resnet18 trial5] Epoch   9/100 | LR: 5.13e-06 | train loss 0.2521 acc 0.879 | val loss 0.3951 acc 0.841
[resnet18 trial5] Epoch  10/100 | LR: 5.13e-06 | train loss 0.2452 acc 0.879 | val loss 0.4025 acc 0.841
[resnet18 trial5] Epoch  11/100 | LR: 5.13e-06 | train loss 0.2363 acc 0.887 | val loss 0.4083 acc 0.839
[resnet18 trial5] Epoch  12/100 | LR: 5.13e-06 | train loss 0.2031 acc 0.900 | val loss 0.4058 acc 0.837
[resnet18 trial5] Epoch  13/100 | LR: 5.13e-06 | train loss 0.2241 acc 0.897 | val loss 0.4004 acc 0.834
[resnet18 trial5] Epoch  14/100 | LR: 5.13e-06 | train loss 0.2027 acc 0.902 | val loss 0.3821 acc 0.854 *
[resnet18 trial5] Epoch  15/100 | LR: 5.13e-06 | train loss 0.1964 acc 0.904 | val loss 0.3875 acc 0.849
[resnet18 trial5] Epoch  16/100 | LR: 5.13e-07 | train loss 0.2013 acc 0.906 | val loss 0.3771 acc 0.846 *
[resnet18 trial5] Epoch  17/100 | LR: 5.13e-07 | train loss 0.1873 acc 0.902 | val loss 0.3889 acc 0.851
[resnet18 trial5] Epoch  18/100 | LR: 5.13e-07 | train loss 0.1945 acc 0.910 | val loss 0.3832 acc 0.846
[resnet18 trial5] Epoch  19/100 | LR: 5.13e-07 | train loss 0.1828 acc 0.914 | val loss 0.3808 acc 0.844
[resnet18 trial5] Epoch  20/100 | LR: 5.13e-07 | train loss 0.1800 acc 0.911 | val loss 0.3864 acc 0.844
[resnet18 trial5] Epoch  21/100 | LR: 5.13e-07 | train loss 0.1792 acc 0.913 | val loss 0.3839 acc 0.844
[resnet18 trial5] Epoch  22/100 | LR: 5.13e-07 | train loss 0.1886 acc 0.914 | val loss 0.3871 acc 0.841
[resnet18 trial5] Epoch  23/100 | LR: 5.13e-07 | train loss 0.1902 acc 0.902 | val loss 0.3880 acc 0.846
[resnet18 trial5] Epoch  24/100 | LR: 5.13e-08 | train loss 0.1660 acc 0.920 | val loss 0.3834 acc 0.844
[resnet18 trial5] Epoch  25/100 | LR: 5.13e-08 | train loss 0.1825 acc 0.911 | val loss 0.3873 acc 0.844
[resnet18 trial5] Epoch  26/100 | LR: 5.13e-08 | train loss 0.1758 acc 0.907 | val loss 0.3837 acc 0.849

[resnet18 trial5] No val loss improvement for 10 epochs — stopping early at epoch 26.

[resnet18 trial5] Restored best checkpoint (val loss = 0.3771)
[10:08:03] [resnet18] trial 5 finished: best val_acc=0.8463 (at val_loss=0.3771)
[I 2026-09-22 10:08:03,003] Trial 5 finished with value: 0.8463414634146341 and parameters: {'hidden_layers': 2, 'neurons': 512, 'lr': 5.1305517605898387e-05, 'beta1': 0.5126841442453035, 'step_size': 8, 'batch_size': 48}. Best is trial 1 with value: 0.8585365853658536.
[10:08:03] [resnet18] trial 6: H=2 N=512 lr=3.06e-03 beta1=0.901 step_size=11 batch_size=32 (micro_batch=16, accum_steps=2)
[resnet18 trial6] Using gradient accumulation: 2 micro-batches per optimizer step (effective batch size ≈ micro_batch x 2).
[resnet18 trial6] Epoch   1/100 | LR: 3.06e-03 | train loss 1.3985 acc 0.290 | val loss 1.4920 acc 0.061 *
[resnet18 trial6] Epoch   2/100 | LR: 3.06e-03 | train loss 1.3724 acc 0.314 | val loss 1.2917 acc 0.244 *
[resnet18 trial6] Epoch   3/100 | LR: 3.06e-03 | train loss 1.3234 acc 0.283 | val loss 1.3080 acc 0.441
[resnet18 trial6] Epoch   4/100 | LR: 3.06e-03 | train loss 1.2860 acc 0.393 | val loss 1.2753 acc 0.402 *
[resnet18 trial6] Epoch   5/100 | LR: 3.06e-03 | train loss 1.2279 acc 0.440 | val loss 1.0449 acc 0.546 *
[I 2026-09-22 10:08:29,031] Trial 6 pruned. 
[10:08:29] [resnet18] trial 7: H=1 N=512 lr=2.24e-05 beta1=0.971 step_size=16 batch_size=32 (micro_batch=16, accum_steps=2)
[resnet18 trial7] Using gradient accumulation: 2 micro-batches per optimizer step (effective batch size ≈ micro_batch x 2).
[resnet18 trial7] Epoch   1/100 | LR: 2.24e-05 | train loss 1.1809 acc 0.527 | val loss 1.0045 acc 0.666 *
[resnet18 trial7] Epoch   2/100 | LR: 2.24e-05 | train loss 0.8355 acc 0.660 | val loss 0.7476 acc 0.741 *
[resnet18 trial7] Epoch   3/100 | LR: 2.24e-05 | train loss 0.6801 acc 0.691 | val loss 0.6129 acc 0.756 *
[resnet18 trial7] Epoch   4/100 | LR: 2.24e-05 | train loss 0.5609 acc 0.759 | val loss 0.5734 acc 0.780 *
[resnet18 trial7] Epoch   5/100 | LR: 2.24e-05 | train loss 0.5118 acc 0.780 | val loss 0.5476 acc 0.778 *
[resnet18 trial7] Epoch   6/100 | LR: 2.24e-05 | train loss 0.4520 acc 0.791 | val loss 0.4717 acc 0.805 *
[resnet18 trial7] Epoch   7/100 | LR: 2.24e-05 | train loss 0.4253 acc 0.800 | val loss 0.4979 acc 0.788
[resnet18 trial7] Epoch   8/100 | LR: 2.24e-05 | train loss 0.3703 acc 0.822 | val loss 0.4492 acc 0.795 *
[resnet18 trial7] Epoch   9/100 | LR: 2.24e-05 | train loss 0.3484 acc 0.842 | val loss 0.4354 acc 0.810 *
[resnet18 trial7] Epoch  10/100 | LR: 2.24e-05 | train loss 0.3119 acc 0.846 | val loss 0.4234 acc 0.820 *
[resnet18 trial7] Epoch  11/100 | LR: 2.24e-05 | train loss 0.3162 acc 0.864 | val loss 0.4158 acc 0.832 *
[resnet18 trial7] Epoch  12/100 | LR: 2.24e-05 | train loss 0.3040 acc 0.848 | val loss 0.4249 acc 0.812
[resnet18 trial7] Epoch  13/100 | LR: 2.24e-05 | train loss 0.2616 acc 0.880 | val loss 0.3952 acc 0.841 *
[resnet18 trial7] Epoch  14/100 | LR: 2.24e-05 | train loss 0.2513 acc 0.881 | val loss 0.4193 acc 0.827
[resnet18 trial7] Epoch  15/100 | LR: 2.24e-05 | train loss 0.2194 acc 0.892 | val loss 0.4049 acc 0.841
[resnet18 trial7] Epoch  16/100 | LR: 2.24e-06 | train loss 0.2376 acc 0.876 | val loss 0.4235 acc 0.829
[resnet18 trial7] Epoch  17/100 | LR: 2.24e-06 | train loss 0.2223 acc 0.888 | val loss 0.4237 acc 0.820
[resnet18 trial7] Epoch  18/100 | LR: 2.24e-06 | train loss 0.2047 acc 0.885 | val loss 0.3903 acc 0.841 *
[resnet18 trial7] Epoch  19/100 | LR: 2.24e-06 | train loss 0.1895 acc 0.915 | val loss 0.3846 acc 0.846 *
[resnet18 trial7] Epoch  20/100 | LR: 2.24e-06 | train loss 0.1829 acc 0.913 | val loss 0.3715 acc 0.851 *
[resnet18 trial7] Epoch  21/100 | LR: 2.24e-06 | train loss 0.1767 acc 0.922 | val loss 0.3917 acc 0.844
[resnet18 trial7] Epoch  22/100 | LR: 2.24e-06 | train loss 0.1910 acc 0.907 | val loss 0.3721 acc 0.851
[resnet18 trial7] Epoch  23/100 | LR: 2.24e-06 | train loss 0.1784 acc 0.914 | val loss 0.3732 acc 0.846
[resnet18 trial7] Epoch  24/100 | LR: 2.24e-06 | train loss 0.1762 acc 0.918 | val loss 0.3796 acc 0.856
[resnet18 trial7] Epoch  25/100 | LR: 2.24e-06 | train loss 0.1761 acc 0.910 | val loss 0.3720 acc 0.846
[resnet18 trial7] Epoch  26/100 | LR: 2.24e-06 | train loss 0.1732 acc 0.923 | val loss 0.3718 acc 0.854
[resnet18 trial7] Epoch  27/100 | LR: 2.24e-06 | train loss 0.1774 acc 0.915 | val loss 0.3844 acc 0.844
[resnet18 trial7] Epoch  28/100 | LR: 2.24e-06 | train loss 0.1920 acc 0.905 | val loss 0.3871 acc 0.844
[resnet18 trial7] Epoch  29/100 | LR: 2.24e-06 | train loss 0.1826 acc 0.921 | val loss 0.3812 acc 0.854
[resnet18 trial7] Epoch  30/100 | LR: 2.24e-06 | train loss 0.1852 acc 0.910 | val loss 0.3842 acc 0.846

[resnet18 trial7] No val loss improvement for 10 epochs — stopping early at epoch 30.

[resnet18 trial7] Restored best checkpoint (val loss = 0.3715)
[10:11:01] [resnet18] trial 7 finished: best val_acc=0.8512 (at val_loss=0.3715)
[I 2026-09-22 10:11:01,912] Trial 7 finished with value: 0.8512195121951219 and parameters: {'hidden_layers': 1, 'neurons': 512, 'lr': 2.2410971619109514e-05, 'beta1': 0.970511942252347, 'step_size': 16, 'batch_size': 32}. Best is trial 1 with value: 0.8585365853658536.
[10:11:01] [resnet18] trial 8: H=2 N=2048 lr=9.08e-06 beta1=0.572 step_size=22 batch_size=8 (micro_batch=8, accum_steps=1)
[resnet18 trial8] Epoch   1/100 | LR: 9.08e-06 | train loss 1.2198 acc 0.546 | val loss 0.8553 acc 0.724 *
[resnet18 trial8] Epoch   2/100 | LR: 9.08e-06 | train loss 0.8497 acc 0.658 | val loss 0.6223 acc 0.776 *
[resnet18 trial8] Epoch   3/100 | LR: 9.08e-06 | train loss 0.6714 acc 0.706 | val loss 0.5426 acc 0.790 *
[resnet18 trial8] Epoch   4/100 | LR: 9.08e-06 | train loss 0.5931 acc 0.733 | val loss 0.4844 acc 0.798 *
[resnet18 trial8] Epoch   5/100 | LR: 9.08e-06 | train loss 0.5280 acc 0.764 | val loss 0.4250 acc 0.827 *
[resnet18 trial8] Epoch   6/100 | LR: 9.08e-06 | train loss 0.5140 acc 0.772 | val loss 0.4188 acc 0.815 *
[resnet18 trial8] Epoch   7/100 | LR: 9.08e-06 | train loss 0.4482 acc 0.800 | val loss 0.4135 acc 0.800 *
[resnet18 trial8] Epoch   8/100 | LR: 9.08e-06 | train loss 0.4148 acc 0.795 | val loss 0.3894 acc 0.824 *
[resnet18 trial8] Epoch   9/100 | LR: 9.08e-06 | train loss 0.4026 acc 0.809 | val loss 0.4516 acc 0.805
[resnet18 trial8] Epoch  10/100 | LR: 9.08e-06 | train loss 0.3827 acc 0.820 | val loss 0.3975 acc 0.832
[resnet18 trial8] Epoch  11/100 | LR: 9.08e-06 | train loss 0.3814 acc 0.823 | val loss 0.4039 acc 0.841
[resnet18 trial8] Epoch  12/100 | LR: 9.08e-06 | train loss 0.3523 acc 0.835 | val loss 0.3723 acc 0.849 *
[resnet18 trial8] Epoch  13/100 | LR: 9.08e-06 | train loss 0.3270 acc 0.841 | val loss 0.3954 acc 0.834
[resnet18 trial8] Epoch  14/100 | LR: 9.08e-06 | train loss 0.3110 acc 0.856 | val loss 0.4013 acc 0.844
[resnet18 trial8] Epoch  15/100 | LR: 9.08e-06 | train loss 0.2759 acc 0.862 | val loss 0.4533 acc 0.820
[resnet18 trial8] Epoch  16/100 | LR: 9.08e-06 | train loss 0.2978 acc 0.863 | val loss 0.3986 acc 0.837
[resnet18 trial8] Epoch  17/100 | LR: 9.08e-06 | train loss 0.2785 acc 0.858 | val loss 0.3993 acc 0.846
[resnet18 trial8] Epoch  18/100 | LR: 9.08e-06 | train loss 0.2391 acc 0.881 | val loss 0.4513 acc 0.827
[resnet18 trial8] Epoch  19/100 | LR: 9.08e-06 | train loss 0.2367 acc 0.884 | val loss 0.4386 acc 0.849
[resnet18 trial8] Epoch  20/100 | LR: 9.08e-06 | train loss 0.2477 acc 0.872 | val loss 0.4261 acc 0.871
[resnet18 trial8] Epoch  21/100 | LR: 9.08e-06 | train loss 0.2569 acc 0.876 | val loss 0.4063 acc 0.866
[resnet18 trial8] Epoch  22/100 | LR: 9.08e-07 | train loss 0.2161 acc 0.896 | val loss 0.4284 acc 0.839

[resnet18 trial8] No val loss improvement for 10 epochs — stopping early at epoch 22.

[resnet18 trial8] Restored best checkpoint (val loss = 0.3723)
[10:12:57] [resnet18] trial 8 finished: best val_acc=0.8488 (at val_loss=0.3723)
[I 2026-09-22 10:12:57,822] Trial 8 finished with value: 0.848780487804878 and parameters: {'hidden_layers': 2, 'neurons': 2048, 'lr': 9.083381663660597e-06, 'beta1': 0.5723025411735203, 'step_size': 22, 'batch_size': 8}. Best is trial 1 with value: 0.8585365853658536.
[10:12:57] [resnet18] trial 9: H=3 N=512 lr=2.31e-04 beta1=0.838 step_size=5 batch_size=96 (micro_batch=16, accum_steps=6)
[resnet18 trial9] Using gradient accumulation: 6 micro-batches per optimizer step (effective batch size ≈ micro_batch x 6).
[resnet18 trial9] Epoch   1/100 | LR: 2.31e-04 | train loss 1.1092 acc 0.544 | val loss 0.7490 acc 0.654 *
[resnet18 trial9] Epoch   2/100 | LR: 2.31e-04 | train loss 0.7442 acc 0.671 | val loss 0.6672 acc 0.734 *
[resnet18 trial9] Epoch   3/100 | LR: 2.31e-04 | train loss 0.6021 acc 0.746 | val loss 0.4500 acc 0.827 *
[resnet18 trial9] Epoch   4/100 | LR: 2.31e-04 | train loss 0.5021 acc 0.790 | val loss 0.4697 acc 0.820
[resnet18 trial9] Epoch   5/100 | LR: 2.31e-05 | train loss 0.4233 acc 0.813 | val loss 0.4205 acc 0.841 *
[resnet18 trial9] Epoch   6/100 | LR: 2.31e-05 | train loss 0.3876 acc 0.832 | val loss 0.4417 acc 0.837
[resnet18 trial9] Epoch   7/100 | LR: 2.31e-05 | train loss 0.3149 acc 0.856 | val loss 0.4238 acc 0.856
[resnet18 trial9] Epoch   8/100 | LR: 2.31e-05 | train loss 0.2639 acc 0.889 | val loss 0.3928 acc 0.856 *
[resnet18 trial9] Epoch   9/100 | LR: 2.31e-05 | train loss 0.2739 acc 0.881 | val loss 0.3921 acc 0.871 *
[resnet18 trial9] Epoch  10/100 | LR: 2.31e-06 | train loss 0.2516 acc 0.887 | val loss 0.4031 acc 0.866
[resnet18 trial9] Epoch  11/100 | LR: 2.31e-06 | train loss 0.2578 acc 0.886 | val loss 0.3812 acc 0.876 *
[resnet18 trial9] Epoch  12/100 | LR: 2.31e-06 | train loss 0.2374 acc 0.891 | val loss 0.3918 acc 0.873
[resnet18 trial9] Epoch  13/100 | LR: 2.31e-06 | train loss 0.2205 acc 0.900 | val loss 0.3749 acc 0.878 *
[resnet18 trial9] Epoch  14/100 | LR: 2.31e-06 | train loss 0.2168 acc 0.893 | val loss 0.3878 acc 0.873
[resnet18 trial9] Epoch  15/100 | LR: 2.31e-07 | train loss 0.2217 acc 0.895 | val loss 0.3975 acc 0.866
[resnet18 trial9] Epoch  16/100 | LR: 2.31e-07 | train loss 0.2265 acc 0.888 | val loss 0.3661 acc 0.876 *
[resnet18 trial9] Epoch  17/100 | LR: 2.31e-07 | train loss 0.2281 acc 0.899 | val loss 0.3856 acc 0.878
[resnet18 trial9] Epoch  18/100 | LR: 2.31e-07 | train loss 0.2470 acc 0.889 | val loss 0.3802 acc 0.876
[resnet18 trial9] Epoch  19/100 | LR: 2.31e-07 | train loss 0.2419 acc 0.883 | val loss 0.3891 acc 0.876
[resnet18 trial9] Epoch  20/100 | LR: 2.31e-08 | train loss 0.2307 acc 0.894 | val loss 0.3803 acc 0.878
[resnet18 trial9] Epoch  21/100 | LR: 2.31e-08 | train loss 0.2362 acc 0.897 | val loss 0.3581 acc 0.876 *
[resnet18 trial9] Epoch  22/100 | LR: 2.31e-08 | train loss 0.2320 acc 0.891 | val loss 0.3860 acc 0.883
[resnet18 trial9] Epoch  23/100 | LR: 2.31e-08 | train loss 0.2308 acc 0.892 | val loss 0.3944 acc 0.873
[resnet18 trial9] Epoch  24/100 | LR: 2.31e-08 | train loss 0.2161 acc 0.902 | val loss 0.3661 acc 0.878
[resnet18 trial9] Epoch  25/100 | LR: 2.31e-09 | train loss 0.2469 acc 0.893 | val loss 0.3852 acc 0.868
[resnet18 trial9] Epoch  26/100 | LR: 2.31e-09 | train loss 0.2155 acc 0.901 | val loss 0.3798 acc 0.878
[resnet18 trial9] Epoch  27/100 | LR: 2.31e-09 | train loss 0.2248 acc 0.896 | val loss 0.3862 acc 0.876
[resnet18 trial9] Epoch  28/100 | LR: 2.31e-09 | train loss 0.2007 acc 0.904 | val loss 0.3777 acc 0.871
[resnet18 trial9] Epoch  29/100 | LR: 2.31e-09 | train loss 0.2352 acc 0.887 | val loss 0.3728 acc 0.873
[resnet18 trial9] Epoch  30/100 | LR: 2.31e-10 | train loss 0.2128 acc 0.902 | val loss 0.3714 acc 0.876
[resnet18 trial9] Epoch  31/100 | LR: 2.31e-10 | train loss 0.2247 acc 0.892 | val loss 0.3764 acc 0.873

[resnet18 trial9] No val loss improvement for 10 epochs — stopping early at epoch 31.

[resnet18 trial9] Restored best checkpoint (val loss = 0.3581)
[10:15:34] [resnet18] trial 9 finished: best val_acc=0.8756 (at val_loss=0.3581)
[I 2026-09-22 10:15:34,850] Trial 9 finished with value: 0.875609756097561 and parameters: {'hidden_layers': 3, 'neurons': 512, 'lr': 0.00023097861492693574, 'beta1': 0.8381046165592989, 'step_size': 5, 'batch_size': 96}. Best is trial 9 with value: 0.875609756097561.
[10:15:34] [resnet18] trial 10: H=3 N=512 lr=1.53e-05 beta1=0.617 step_size=33 batch_size=96 (micro_batch=16, accum_steps=6)
[resnet18 trial10] Using gradient accumulation: 6 micro-batches per optimizer step (effective batch size ≈ micro_batch x 6).
[resnet18 trial10] Epoch   1/100 | LR: 1.53e-05 | train loss 1.3773 acc 0.438 | val loss 1.3408 acc 0.549 *
[resnet18 trial10] Epoch   2/100 | LR: 1.53e-05 | train loss 1.3493 acc 0.549 | val loss 1.2939 acc 0.654 *
[resnet18 trial10] Epoch   3/100 | LR: 1.53e-05 | train loss 1.2834 acc 0.618 | val loss 1.2049 acc 0.654 *
[resnet18 trial10] Epoch   4/100 | LR: 1.53e-05 | train loss 1.1452 acc 0.606 | val loss 1.0727 acc 0.627 *
[resnet18 trial10] Epoch   5/100 | LR: 1.53e-05 | train loss 1.0025 acc 0.607 | val loss 0.9665 acc 0.622 *
[I 2026-09-22 10:16:00,035] Trial 10 pruned. 
[10:16:00] [resnet18] trial 11: H=2 N=2048 lr=3.88e-04 beta1=0.611 step_size=12 batch_size=96 (micro_batch=16, accum_steps=6)
[resnet18 trial11] Using gradient accumulation: 6 micro-batches per optimizer step (effective batch size ≈ micro_batch x 6).
[resnet18 trial11] Epoch   1/100 | LR: 3.88e-04 | train loss 1.0168 acc 0.560 | val loss 0.9332 acc 0.551 *
[resnet18 trial11] Epoch   2/100 | LR: 3.88e-04 | train loss 0.7133 acc 0.703 | val loss 0.8381 acc 0.676 *
[resnet18 trial11] Epoch   3/100 | LR: 3.88e-04 | train loss 0.5772 acc 0.756 | val loss 0.7094 acc 0.737 *
[resnet18 trial11] Epoch   4/100 | LR: 3.88e-04 | train loss 0.5797 acc 0.755 | val loss 0.4981 acc 0.798 *
[resnet18 trial11] Epoch   5/100 | LR: 3.88e-04 | train loss 0.5370 acc 0.763 | val loss 0.5030 acc 0.820
[resnet18 trial11] Epoch   6/100 | LR: 3.88e-04 | train loss 0.4721 acc 0.812 | val loss 0.5265 acc 0.824
[resnet18 trial11] Epoch   7/100 | LR: 3.88e-04 | train loss 0.4227 acc 0.814 | val loss 0.6409 acc 0.754
[resnet18 trial11] Epoch   8/100 | LR: 3.88e-04 | train loss 0.3998 acc 0.822 | val loss 0.5330 acc 0.788
[resnet18 trial11] Epoch   9/100 | LR: 3.88e-04 | train loss 0.3449 acc 0.854 | val loss 0.4946 acc 0.800 *
[resnet18 trial11] Epoch  10/100 | LR: 3.88e-04 | train loss 0.3490 acc 0.848 | val loss 0.4032 acc 0.829 *
[resnet18 trial11] Epoch  11/100 | LR: 3.88e-04 | train loss 0.3296 acc 0.846 | val loss 0.7136 acc 0.754
[resnet18 trial11] Epoch  12/100 | LR: 3.88e-05 | train loss 0.3188 acc 0.861 | val loss 0.3927 acc 0.841 *
[resnet18 trial11] Epoch  13/100 | LR: 3.88e-05 | train loss 0.2435 acc 0.891 | val loss 0.4131 acc 0.851
[resnet18 trial11] Epoch  14/100 | LR: 3.88e-05 | train loss 0.1767 acc 0.911 | val loss 0.3747 acc 0.883 *
[resnet18 trial11] Epoch  15/100 | LR: 3.88e-05 | train loss 0.2005 acc 0.920 | val loss 0.3671 acc 0.880 *
[resnet18 trial11] Epoch  16/100 | LR: 3.88e-05 | train loss 0.1712 acc 0.920 | val loss 0.3428 acc 0.876 *
[resnet18 trial11] Epoch  17/100 | LR: 3.88e-05 | train loss 0.1526 acc 0.933 | val loss 0.3508 acc 0.880
[resnet18 trial11] Epoch  18/100 | LR: 3.88e-05 | train loss 0.1553 acc 0.936 | val loss 0.3739 acc 0.873
[resnet18 trial11] Epoch  19/100 | LR: 3.88e-05 | train loss 0.1332 acc 0.931 | val loss 0.3350 acc 0.885 *
[resnet18 trial11] Epoch  20/100 | LR: 3.88e-05 | train loss 0.1396 acc 0.931 | val loss 0.3491 acc 0.890
[resnet18 trial11] Epoch  21/100 | LR: 3.88e-05 | train loss 0.1166 acc 0.943 | val loss 0.3301 acc 0.893 *
[resnet18 trial11] Epoch  22/100 | LR: 3.88e-05 | train loss 0.1159 acc 0.944 | val loss 0.3326 acc 0.905
[resnet18 trial11] Epoch  23/100 | LR: 3.88e-05 | train loss 0.1094 acc 0.949 | val loss 0.3460 acc 0.890
[resnet18 trial11] Epoch  24/100 | LR: 3.88e-06 | train loss 0.1165 acc 0.949 | val loss 0.3418 acc 0.888
[resnet18 trial11] Epoch  25/100 | LR: 3.88e-06 | train loss 0.0900 acc 0.959 | val loss 0.3396 acc 0.888
[resnet18 trial11] Epoch  26/100 | LR: 3.88e-06 | train loss 0.1007 acc 0.958 | val loss 0.3378 acc 0.898
[resnet18 trial11] Epoch  27/100 | LR: 3.88e-06 | train loss 0.1025 acc 0.946 | val loss 0.3408 acc 0.883
[resnet18 trial11] Epoch  28/100 | LR: 3.88e-06 | train loss 0.0951 acc 0.959 | val loss 0.3319 acc 0.890
[resnet18 trial11] Epoch  29/100 | LR: 3.88e-06 | train loss 0.0950 acc 0.951 | val loss 0.3594 acc 0.883
[resnet18 trial11] Epoch  30/100 | LR: 3.88e-06 | train loss 0.0856 acc 0.960 | val loss 0.3374 acc 0.880
[resnet18 trial11] Epoch  31/100 | LR: 3.88e-06 | train loss 0.1018 acc 0.956 | val loss 0.3662 acc 0.885

[resnet18 trial11] No val loss improvement for 10 epochs — stopping early at epoch 31.

[resnet18 trial11] Restored best checkpoint (val loss = 0.3301)
[10:18:36] [resnet18] trial 11 finished: best val_acc=0.8927 (at val_loss=0.3301)
[I 2026-09-22 10:18:36,089] Trial 11 finished with value: 0.8926829268292683 and parameters: {'hidden_layers': 2, 'neurons': 2048, 'lr': 0.0003878507329493426, 'beta1': 0.6107516885033067, 'step_size': 12, 'batch_size': 96}. Best is trial 11 with value: 0.8926829268292683.
[10:18:36] [resnet18] trial 12: H=3 N=512 lr=4.16e-04 beta1=0.897 step_size=15 batch_size=96 (micro_batch=16, accum_steps=6)
[resnet18 trial12] Using gradient accumulation: 6 micro-batches per optimizer step (effective batch size ≈ micro_batch x 6).
[resnet18 trial12] Epoch   1/100 | LR: 4.16e-04 | train loss 1.0293 acc 0.615 | val loss 0.6542 acc 0.722 *
[resnet18 trial12] Epoch   2/100 | LR: 4.16e-04 | train loss 0.7141 acc 0.697 | val loss 0.6106 acc 0.754 *
[resnet18 trial12] Epoch   3/100 | LR: 4.16e-04 | train loss 0.5962 acc 0.744 | val loss 0.4315 acc 0.832 *
[resnet18 trial12] Epoch   4/100 | LR: 4.16e-04 | train loss 0.4918 acc 0.791 | val loss 0.5186 acc 0.805
[resnet18 trial12] Epoch   5/100 | LR: 4.16e-04 | train loss 0.4600 acc 0.806 | val loss 0.4499 acc 0.805
[resnet18 trial12] Epoch   6/100 | LR: 4.16e-04 | train loss 0.4366 acc 0.823 | val loss 0.4171 acc 0.834 *
[resnet18 trial12] Epoch   7/100 | LR: 4.16e-04 | train loss 0.3706 acc 0.825 | val loss 0.4208 acc 0.834
[resnet18 trial12] Epoch   8/100 | LR: 4.16e-04 | train loss 0.4354 acc 0.823 | val loss 0.6029 acc 0.756
[resnet18 trial12] Epoch   9/100 | LR: 4.16e-04 | train loss 0.4248 acc 0.812 | val loss 0.4854 acc 0.810
[resnet18 trial12] Epoch  10/100 | LR: 4.16e-04 | train loss 0.3561 acc 0.848 | val loss 0.4530 acc 0.832
[resnet18 trial12] Epoch  11/100 | LR: 4.16e-04 | train loss 0.2907 acc 0.864 | val loss 0.3817 acc 0.851 *
[resnet18 trial12] Epoch  12/100 | LR: 4.16e-04 | train loss 0.4048 acc 0.847 | val loss 0.4871 acc 0.802
[resnet18 trial12] Epoch  13/100 | LR: 4.16e-04 | train loss 0.3342 acc 0.872 | val loss 0.5767 acc 0.780
[resnet18 trial12] Epoch  14/100 | LR: 4.16e-04 | train loss 0.3223 acc 0.872 | val loss 0.5515 acc 0.810
[resnet18 trial12] Epoch  15/100 | LR: 4.16e-05 | train loss 0.3002 acc 0.878 | val loss 0.3743 acc 0.859 *
[resnet18 trial12] Epoch  16/100 | LR: 4.16e-05 | train loss 0.2494 acc 0.905 | val loss 0.3417 acc 0.871 *
[resnet18 trial12] Epoch  17/100 | LR: 4.16e-05 | train loss 0.1776 acc 0.922 | val loss 0.3370 acc 0.873 *
[resnet18 trial12] Epoch  18/100 | LR: 4.16e-05 | train loss 0.1764 acc 0.925 | val loss 0.3486 acc 0.880
[resnet18 trial12] Epoch  19/100 | LR: 4.16e-05 | train loss 0.1606 acc 0.930 | val loss 0.3158 acc 0.880 *
[resnet18 trial12] Epoch  20/100 | LR: 4.16e-05 | train loss 0.1533 acc 0.926 | val loss 0.3369 acc 0.863
[resnet18 trial12] Epoch  21/100 | LR: 4.16e-05 | train loss 0.1445 acc 0.941 | val loss 0.3016 acc 0.883 *
[resnet18 trial12] Epoch  22/100 | LR: 4.16e-05 | train loss 0.1366 acc 0.944 | val loss 0.3266 acc 0.883
[resnet18 trial12] Epoch  23/100 | LR: 4.16e-05 | train loss 0.1321 acc 0.937 | val loss 0.3419 acc 0.873
[resnet18 trial12] Epoch  24/100 | LR: 4.16e-05 | train loss 0.1147 acc 0.944 | val loss 0.3268 acc 0.866
[resnet18 trial12] Epoch  25/100 | LR: 4.16e-05 | train loss 0.1231 acc 0.943 | val loss 0.3381 acc 0.883
[resnet18 trial12] Epoch  26/100 | LR: 4.16e-05 | train loss 0.1091 acc 0.950 | val loss 0.3438 acc 0.871
[resnet18 trial12] Epoch  27/100 | LR: 4.16e-05 | train loss 0.1104 acc 0.960 | val loss 0.3653 acc 0.878
[resnet18 trial12] Epoch  28/100 | LR: 4.16e-05 | train loss 0.0951 acc 0.948 | val loss 0.3554 acc 0.878
[resnet18 trial12] Epoch  29/100 | LR: 4.16e-05 | train loss 0.0906 acc 0.960 | val loss 0.3411 acc 0.885
[resnet18 trial12] Epoch  30/100 | LR: 4.16e-06 | train loss 0.0974 acc 0.952 | val loss 0.4179 acc 0.868
[resnet18 trial12] Epoch  31/100 | LR: 4.16e-06 | train loss 0.0819 acc 0.963 | val loss 0.3646 acc 0.876

[resnet18 trial12] No val loss improvement for 10 epochs — stopping early at epoch 31.

[resnet18 trial12] Restored best checkpoint (val loss = 0.3016)
[10:21:11] [resnet18] trial 12 finished: best val_acc=0.8829 (at val_loss=0.3016)
[I 2026-09-22 10:21:11,435] Trial 12 finished with value: 0.8829268292682927 and parameters: {'hidden_layers': 3, 'neurons': 512, 'lr': 0.0004161712835845191, 'beta1': 0.8969227666828972, 'step_size': 15, 'batch_size': 96}. Best is trial 11 with value: 0.8926829268292683.
[10:21:11] [resnet18] trial 13: H=3 N=512 lr=1.04e-03 beta1=0.654 step_size=15 batch_size=96 (micro_batch=16, accum_steps=6)
[resnet18 trial13] Using gradient accumulation: 6 micro-batches per optimizer step (effective batch size ≈ micro_batch x 6).
[resnet18 trial13] Epoch   1/100 | LR: 1.04e-03 | train loss 1.1515 acc 0.492 | val loss 1.0190 acc 0.590 *
[resnet18 trial13] Epoch   2/100 | LR: 1.04e-03 | train loss 0.9526 acc 0.577 | val loss 1.1057 acc 0.517
[resnet18 trial13] Epoch   3/100 | LR: 1.04e-03 | train loss 0.8572 acc 0.641 | val loss 0.9157 acc 0.605 *
[resnet18 trial13] Epoch   4/100 | LR: 1.04e-03 | train loss 0.8059 acc 0.666 | val loss 0.6978 acc 0.702 *
[resnet18 trial13] Epoch   5/100 | LR: 1.04e-03 | train loss 0.7665 acc 0.696 | val loss 0.7258 acc 0.751
[I 2026-09-22 10:21:37,111] Trial 13 pruned. 
[10:21:37] [resnet18] trial 14: H=2 N=2048 lr=4.83e-03 beta1=0.679 step_size=11 batch_size=96 (micro_batch=16, accum_steps=6)
[resnet18 trial14] Using gradient accumulation: 6 micro-batches per optimizer step (effective batch size ≈ micro_batch x 6).
[resnet18 trial14] Epoch   1/100 | LR: 4.83e-03 | train loss 6.8207 acc 0.307 | val loss 1.2178 acc 0.490 *
[resnet18 trial14] Epoch   2/100 | LR: 4.83e-03 | train loss 1.3137 acc 0.346 | val loss 1.2092 acc 0.454 *
[resnet18 trial14] Epoch   3/100 | LR: 4.83e-03 | train loss 1.2634 acc 0.404 | val loss 1.1064 acc 0.485 *
[resnet18 trial14] Epoch   4/100 | LR: 4.83e-03 | train loss 1.2618 acc 0.395 | val loss 1.3350 acc 0.446
[resnet18 trial14] Epoch   5/100 | LR: 4.83e-03 | train loss 1.2017 acc 0.431 | val loss 1.1251 acc 0.463
[I 2026-09-22 10:22:02,691] Trial 14 pruned. 
[10:22:02] [resnet18] trial 15: H=1 N=512 lr=5.70e-04 beta1=0.963 step_size=16 batch_size=96 (micro_batch=16, accum_steps=6)
[resnet18 trial15] Using gradient accumulation: 6 micro-batches per optimizer step (effective batch size ≈ micro_batch x 6).
[resnet18 trial15] Epoch   1/100 | LR: 5.70e-04 | train loss 0.9769 acc 0.558 | val loss 0.7067 acc 0.702 *
[resnet18 trial15] Epoch   2/100 | LR: 5.70e-04 | train loss 0.7326 acc 0.671 | val loss 0.6321 acc 0.727 *
[resnet18 trial15] Epoch   3/100 | LR: 5.70e-04 | train loss 0.5912 acc 0.746 | val loss 0.6034 acc 0.759 *
[resnet18 trial15] Epoch   4/100 | LR: 5.70e-04 | train loss 0.5090 acc 0.770 | val loss 0.4578 acc 0.807 *
[resnet18 trial15] Epoch   5/100 | LR: 5.70e-04 | train loss 0.4413 acc 0.804 | val loss 0.4711 acc 0.812
[resnet18 trial15] Epoch   6/100 | LR: 5.70e-04 | train loss 0.4649 acc 0.807 | val loss 0.4658 acc 0.817
[resnet18 trial15] Epoch   7/100 | LR: 5.70e-04 | train loss 0.4146 acc 0.812 | val loss 0.4095 acc 0.834 *
[resnet18 trial15] Epoch   8/100 | LR: 5.70e-04 | train loss 0.3987 acc 0.813 | val loss 0.5701 acc 0.783
[resnet18 trial15] Epoch   9/100 | LR: 5.70e-04 | train loss 0.3906 acc 0.836 | val loss 0.4451 acc 0.834
[resnet18 trial15] Epoch  10/100 | LR: 5.70e-04 | train loss 0.3749 acc 0.840 | val loss 0.4364 acc 0.810
[resnet18 trial15] Epoch  11/100 | LR: 5.70e-04 | train loss 0.3670 acc 0.848 | val loss 0.4552 acc 0.844
[resnet18 trial15] Epoch  12/100 | LR: 5.70e-04 | train loss 0.3183 acc 0.858 | val loss 0.3807 acc 0.859 *
[resnet18 trial15] Epoch  13/100 | LR: 5.70e-04 | train loss 0.3197 acc 0.861 | val loss 0.3540 acc 0.880 *
[resnet18 trial15] Epoch  14/100 | LR: 5.70e-04 | train loss 0.2475 acc 0.885 | val loss 0.4245 acc 0.856
[resnet18 trial15] Epoch  15/100 | LR: 5.70e-04 | train loss 0.2444 acc 0.882 | val loss 0.4060 acc 0.856
[resnet18 trial15] Epoch  16/100 | LR: 5.70e-05 | train loss 0.2269 acc 0.894 | val loss 0.3570 acc 0.871
[resnet18 trial15] Epoch  17/100 | LR: 5.70e-05 | train loss 0.2354 acc 0.904 | val loss 0.3674 acc 0.871
[resnet18 trial15] Epoch  18/100 | LR: 5.70e-05 | train loss 0.2064 acc 0.905 | val loss 0.3652 acc 0.863
[resnet18 trial15] Epoch  19/100 | LR: 5.70e-05 | train loss 0.1630 acc 0.928 | val loss 0.3369 acc 0.873 *
[resnet18 trial15] Epoch  20/100 | LR: 5.70e-05 | train loss 0.1546 acc 0.928 | val loss 0.3580 acc 0.876
[resnet18 trial15] Epoch  21/100 | LR: 5.70e-05 | train loss 0.1359 acc 0.938 | val loss 0.3288 acc 0.888 *
[resnet18 trial15] Epoch  22/100 | LR: 5.70e-05 | train loss 0.1193 acc 0.940 | val loss 0.3253 acc 0.880 *
[resnet18 trial15] Epoch  23/100 | LR: 5.70e-05 | train loss 0.1277 acc 0.940 | val loss 0.3325 acc 0.883
[resnet18 trial15] Epoch  24/100 | LR: 5.70e-05 | train loss 0.1127 acc 0.943 | val loss 0.3473 acc 0.885
[resnet18 trial15] Epoch  25/100 | LR: 5.70e-05 | train loss 0.1120 acc 0.940 | val loss 0.3512 acc 0.885
[resnet18 trial15] Epoch  26/100 | LR: 5.70e-05 | train loss 0.1073 acc 0.944 | val loss 0.3374 acc 0.885
[resnet18 trial15] Epoch  27/100 | LR: 5.70e-05 | train loss 0.0990 acc 0.954 | val loss 0.3399 acc 0.883
[resnet18 trial15] Epoch  28/100 | LR: 5.70e-05 | train loss 0.1063 acc 0.957 | val loss 0.3516 acc 0.876
[resnet18 trial15] Epoch  29/100 | LR: 5.70e-05 | train loss 0.0976 acc 0.957 | val loss 0.3276 acc 0.893
[resnet18 trial15] Epoch  30/100 | LR: 5.70e-05 | train loss 0.0801 acc 0.964 | val loss 0.3582 acc 0.878
[resnet18 trial15] Epoch  31/100 | LR: 5.70e-05 | train loss 0.0758 acc 0.968 | val loss 0.3665 acc 0.876
[resnet18 trial15] Epoch  32/100 | LR: 5.70e-06 | train loss 0.0816 acc 0.954 | val loss 0.3888 acc 0.873

[resnet18 trial15] No val loss improvement for 10 epochs — stopping early at epoch 32.

[resnet18 trial15] Restored best checkpoint (val loss = 0.3253)
[10:24:44] [resnet18] trial 15 finished: best val_acc=0.8805 (at val_loss=0.3253)
[I 2026-09-22 10:24:44,122] Trial 15 finished with value: 0.8804878048780488 and parameters: {'hidden_layers': 1, 'neurons': 512, 'lr': 0.0005703335429727152, 'beta1': 0.963246355240197, 'step_size': 16, 'batch_size': 96}. Best is trial 11 with value: 0.8926829268292683.
[10:24:44] [resnet18] trial 16: H=2 N=2048 lr=1.35e-04 beta1=0.900 step_size=21 batch_size=96 (micro_batch=16, accum_steps=6)
[resnet18 trial16] Using gradient accumulation: 6 micro-batches per optimizer step (effective batch size ≈ micro_batch x 6).
[resnet18 trial16] Epoch   1/100 | LR: 1.35e-04 | train loss 1.0671 acc 0.530 | val loss 0.5673 acc 0.771 *
[resnet18 trial16] Epoch   2/100 | LR: 1.35e-04 | train loss 0.6260 acc 0.726 | val loss 0.5210 acc 0.793 *
[resnet18 trial16] Epoch   3/100 | LR: 1.35e-04 | train loss 0.4715 acc 0.788 | val loss 0.4272 acc 0.820 *
[resnet18 trial16] Epoch   4/100 | LR: 1.35e-04 | train loss 0.4373 acc 0.801 | val loss 0.4636 acc 0.810
[resnet18 trial16] Epoch   5/100 | LR: 1.35e-04 | train loss 0.4071 acc 0.807 | val loss 0.3981 acc 0.854 *
[resnet18 trial16] Epoch   6/100 | LR: 1.35e-04 | train loss 0.3487 acc 0.852 | val loss 0.4275 acc 0.837
[resnet18 trial16] Epoch   7/100 | LR: 1.35e-04 | train loss 0.3081 acc 0.863 | val loss 0.4679 acc 0.812
[resnet18 trial16] Epoch   8/100 | LR: 1.35e-04 | train loss 0.2764 acc 0.863 | val loss 0.3759 acc 0.861 *
[resnet18 trial16] Epoch   9/100 | LR: 1.35e-04 | train loss 0.2629 acc 0.889 | val loss 0.3582 acc 0.859 *
[resnet18 trial16] Epoch  10/100 | LR: 1.35e-04 | train loss 0.2442 acc 0.885 | val loss 0.4092 acc 0.839
[resnet18 trial16] Epoch  11/100 | LR: 1.35e-04 | train loss 0.2356 acc 0.894 | val loss 0.4045 acc 0.861
[resnet18 trial16] Epoch  12/100 | LR: 1.35e-04 | train loss 0.2158 acc 0.893 | val loss 0.4317 acc 0.846
[resnet18 trial16] Epoch  13/100 | LR: 1.35e-04 | train loss 0.2042 acc 0.895 | val loss 0.4645 acc 0.824
[resnet18 trial16] Epoch  14/100 | LR: 1.35e-04 | train loss 0.2095 acc 0.918 | val loss 0.3894 acc 0.861
[resnet18 trial16] Epoch  15/100 | LR: 1.35e-04 | train loss 0.1812 acc 0.916 | val loss 0.4468 acc 0.854
[resnet18 trial16] Epoch  16/100 | LR: 1.35e-04 | train loss 0.1643 acc 0.917 | val loss 0.4626 acc 0.863
[resnet18 trial16] Epoch  17/100 | LR: 1.35e-04 | train loss 0.1266 acc 0.939 | val loss 0.4805 acc 0.849
[resnet18 trial16] Epoch  18/100 | LR: 1.35e-04 | train loss 0.1619 acc 0.912 | val loss 0.3895 acc 0.868
[resnet18 trial16] Epoch  19/100 | LR: 1.35e-04 | train loss 0.1196 acc 0.952 | val loss 0.4827 acc 0.856

[resnet18 trial16] No val loss improvement for 10 epochs — stopping early at epoch 19.

[resnet18 trial16] Restored best checkpoint (val loss = 0.3582)
[10:26:20] [resnet18] trial 16 finished: best val_acc=0.8585 (at val_loss=0.3582)
[I 2026-09-22 10:26:20,089] Trial 16 finished with value: 0.8585365853658536 and parameters: {'hidden_layers': 2, 'neurons': 2048, 'lr': 0.0001350791618793459, 'beta1': 0.8995418200342938, 'step_size': 21, 'batch_size': 96}. Best is trial 11 with value: 0.8926829268292683.
[10:26:20] [resnet18] trial 17: H=2 N=2048 lr=2.42e-04 beta1=0.663 step_size=6 batch_size=96 (micro_batch=16, accum_steps=6)
[resnet18 trial17] Using gradient accumulation: 6 micro-batches per optimizer step (effective batch size ≈ micro_batch x 6).
[resnet18 trial17] Epoch   1/100 | LR: 2.42e-04 | train loss 0.9849 acc 0.579 | val loss 0.6195 acc 0.737 *
[resnet18 trial17] Epoch   2/100 | LR: 2.42e-04 | train loss 0.6286 acc 0.725 | val loss 0.4750 acc 0.800 *
[resnet18 trial17] Epoch   3/100 | LR: 2.42e-04 | train loss 0.5569 acc 0.747 | val loss 0.4956 acc 0.785
[resnet18 trial17] Epoch   4/100 | LR: 2.42e-04 | train loss 0.4885 acc 0.780 | val loss 0.4391 acc 0.807 *
[resnet18 trial17] Epoch   5/100 | LR: 2.42e-04 | train loss 0.3946 acc 0.827 | val loss 0.4082 acc 0.861 *
[resnet18 trial17] Epoch   6/100 | LR: 2.42e-05 | train loss 0.3828 acc 0.832 | val loss 0.5311 acc 0.783
[resnet18 trial17] Epoch   7/100 | LR: 2.42e-05 | train loss 0.2717 acc 0.869 | val loss 0.3877 acc 0.854 *
[resnet18 trial17] Epoch   8/100 | LR: 2.42e-05 | train loss 0.2344 acc 0.895 | val loss 0.3741 acc 0.856 *
[resnet18 trial17] Epoch   9/100 | LR: 2.42e-05 | train loss 0.2277 acc 0.894 | val loss 0.3573 acc 0.859 *
[resnet18 trial17] Epoch  10/100 | LR: 2.42e-05 | train loss 0.2011 acc 0.902 | val loss 0.3706 acc 0.854
[resnet18 trial17] Epoch  11/100 | LR: 2.42e-05 | train loss 0.1799 acc 0.913 | val loss 0.3352 acc 0.876 *
[resnet18 trial17] Epoch  12/100 | LR: 2.42e-06 | train loss 0.1609 acc 0.925 | val loss 0.3465 acc 0.873
[resnet18 trial17] Epoch  13/100 | LR: 2.42e-06 | train loss 0.2075 acc 0.895 | val loss 0.3492 acc 0.883
[resnet18 trial17] Epoch  14/100 | LR: 2.42e-06 | train loss 0.1624 acc 0.925 | val loss 0.3459 acc 0.873
[resnet18 trial17] Epoch  15/100 | LR: 2.42e-06 | train loss 0.1549 acc 0.930 | val loss 0.3500 acc 0.871
[resnet18 trial17] Epoch  16/100 | LR: 2.42e-06 | train loss 0.1659 acc 0.924 | val loss 0.3526 acc 0.868
[resnet18 trial17] Epoch  17/100 | LR: 2.42e-06 | train loss 0.1675 acc 0.915 | val loss 0.3435 acc 0.868
[resnet18 trial17] Epoch  18/100 | LR: 2.42e-07 | train loss 0.1827 acc 0.923 | val loss 0.3420 acc 0.863
[resnet18 trial17] Epoch  19/100 | LR: 2.42e-07 | train loss 0.1632 acc 0.922 | val loss 0.3530 acc 0.859
[resnet18 trial17] Epoch  20/100 | LR: 2.42e-07 | train loss 0.1724 acc 0.920 | val loss 0.3435 acc 0.868
[resnet18 trial17] Epoch  21/100 | LR: 2.42e-07 | train loss 0.1573 acc 0.923 | val loss 0.3541 acc 0.871

[resnet18 trial17] No val loss improvement for 10 epochs — stopping early at epoch 21.

[resnet18 trial17] Restored best checkpoint (val loss = 0.3352)
[10:28:05] [resnet18] trial 17 finished: best val_acc=0.8756 (at val_loss=0.3352)
[I 2026-09-22 10:28:05,833] Trial 17 finished with value: 0.875609756097561 and parameters: {'hidden_layers': 2, 'neurons': 2048, 'lr': 0.0002424934853228375, 'beta1': 0.6633508490066782, 'step_size': 6, 'batch_size': 96}. Best is trial 11 with value: 0.8926829268292683.
[10:28:05] [resnet18] trial 18: H=3 N=2048 lr=2.00e-04 beta1=0.771 step_size=14 batch_size=16 (micro_batch=16, accum_steps=1)
[resnet18 trial18] Epoch   1/100 | LR: 2.00e-04 | train loss 0.9504 acc 0.573 | val loss 0.7278 acc 0.702 *
[resnet18 trial18] Epoch   2/100 | LR: 2.00e-04 | train loss 0.7616 acc 0.661 | val loss 0.6037 acc 0.783 *
[resnet18 trial18] Epoch   3/100 | LR: 2.00e-04 | train loss 0.6956 acc 0.702 | val loss 0.9009 acc 0.661
[resnet18 trial18] Epoch   4/100 | LR: 2.00e-04 | train loss 0.6991 acc 0.702 | val loss 0.5476 acc 0.780 *
[resnet18 trial18] Epoch   5/100 | LR: 2.00e-04 | train loss 0.5754 acc 0.760 | val loss 0.4695 acc 0.829 *
[resnet18 trial18] Epoch   6/100 | LR: 2.00e-04 | train loss 0.5589 acc 0.777 | val loss 0.6454 acc 0.759
[resnet18 trial18] Epoch   7/100 | LR: 2.00e-04 | train loss 0.4901 acc 0.801 | val loss 0.5383 acc 0.805
[resnet18 trial18] Epoch   8/100 | LR: 2.00e-04 | train loss 0.5013 acc 0.793 | val loss 0.4447 acc 0.824 *
[resnet18 trial18] Epoch   9/100 | LR: 2.00e-04 | train loss 0.4467 acc 0.816 | val loss 0.6015 acc 0.800
[resnet18 trial18] Epoch  10/100 | LR: 2.00e-04 | train loss 0.4342 acc 0.831 | val loss 0.5322 acc 0.783
[I 2026-09-22 10:28:56,438] Trial 18 pruned. 
[10:28:56] [resnet18] trial 19: H=3 N=512 lr=1.02e-03 beta1=0.873 step_size=24 batch_size=96 (micro_batch=16, accum_steps=6)
[resnet18 trial19] Using gradient accumulation: 6 micro-batches per optimizer step (effective batch size ≈ micro_batch x 6).
[resnet18 trial19] Epoch   1/100 | LR: 1.02e-03 | train loss 1.1100 acc 0.473 | val loss 0.8846 acc 0.617 *
[resnet18 trial19] Epoch   2/100 | LR: 1.02e-03 | train loss 0.8824 acc 0.600 | val loss 0.7358 acc 0.678 *
[resnet18 trial19] Epoch   3/100 | LR: 1.02e-03 | train loss 0.8061 acc 0.679 | val loss 0.8339 acc 0.663
[resnet18 trial19] Epoch   4/100 | LR: 1.02e-03 | train loss 0.7064 acc 0.706 | val loss 0.7884 acc 0.710
[resnet18 trial19] Epoch   5/100 | LR: 1.02e-03 | train loss 0.7008 acc 0.718 | val loss 0.6774 acc 0.751 *
[I 2026-09-22 10:29:21,759] Trial 19 pruned. 
[10:29:21] === resnet18 done: 14 completed, 6 pruned. Best trial #11: val_acc=0.8927 params={'hidden_layers': 2, 'neurons': 2048, 'lr': 0.0003878507329493426, 'beta1': 0.6107516885033067, 'step_size': 12, 'batch_size': 96} ===
[10:29:21] Saved tuned hyperparameters for resnet18 to tuned_hyperparams.json
[10:29:21] [resnet18] finished in 53.1 min
[10:29:21] === Starting tuning for efficientnet_b0: 20 trials, img_size=(224, 224) ===
[I 2026-09-22 10:29:21,761] A new study created in memory with name: efficientnet_b0_tune
[10:29:21] [efficientnet_b0] trial 0: H=1 N=512 lr=2.92e-03 beta1=0.800 step_size=30 batch_size=16 (micro_batch=16, accum_steps=1)
[efficientnet_b0 trial0] Epoch   1/100 | LR: 2.92e-03 | train loss 1.3582 acc 0.401 | val loss 1.2124 acc 0.405 *
[efficientnet_b0 trial0] Epoch   2/100 | LR: 2.92e-03 | train loss 1.1902 acc 0.471 | val loss 1.1445 acc 0.434 *
[efficientnet_b0 trial0] Epoch   3/100 | LR: 2.92e-03 | train loss 1.0180 acc 0.531 | val loss 0.8901 acc 0.539 *
[efficientnet_b0 trial0] Epoch   4/100 | LR: 2.92e-03 | train loss 0.9608 acc 0.566 | val loss 1.6200 acc 0.237
[efficientnet_b0 trial0] Epoch   5/100 | LR: 2.92e-03 | train loss 0.9158 acc 0.577 | val loss 0.7386 acc 0.693 *
[efficientnet_b0 trial0] Epoch   6/100 | LR: 2.92e-03 | train loss 0.8794 acc 0.619 | val loss 0.7901 acc 0.666
[efficientnet_b0 trial0] Epoch   7/100 | LR: 2.92e-03 | train loss 1.0393 acc 0.559 | val loss 1.0676 acc 0.571
[efficientnet_b0 trial0] Epoch   8/100 | LR: 2.92e-03 | train loss 0.8286 acc 0.645 | val loss 0.5970 acc 0.761 *
[efficientnet_b0 trial0] Epoch   9/100 | LR: 2.92e-03 | train loss 0.7640 acc 0.673 | val loss 1.6524 acc 0.376
[efficientnet_b0 trial0] Epoch  10/100 | LR: 2.92e-03 | train loss 0.7059 acc 0.702 | val loss 1.1336 acc 0.539
[efficientnet_b0 trial0] Epoch  11/100 | LR: 2.92e-03 | train loss 0.6997 acc 0.704 | val loss 0.8508 acc 0.680
[efficientnet_b0 trial0] Epoch  12/100 | LR: 2.92e-03 | train loss 0.6666 acc 0.724 | val loss 0.9182 acc 0.578
[efficientnet_b0 trial0] Epoch  13/100 | LR: 2.92e-03 | train loss 0.6574 acc 0.713 | val loss 0.7442 acc 0.629
[efficientnet_b0 trial0] Epoch  14/100 | LR: 2.92e-03 | train loss 0.6235 acc 0.741 | val loss 0.7268 acc 0.693
[efficientnet_b0 trial0] Epoch  15/100 | LR: 2.92e-03 | train loss 0.6440 acc 0.729 | val loss 0.6633 acc 0.756
[efficientnet_b0 trial0] Epoch  16/100 | LR: 2.92e-03 | train loss 0.6417 acc 0.742 | val loss 0.5484 acc 0.824 *
[efficientnet_b0 trial0] Epoch  17/100 | LR: 2.92e-03 | train loss 0.6506 acc 0.735 | val loss 0.5935 acc 0.776
[efficientnet_b0 trial0] Epoch  18/100 | LR: 2.92e-03 | train loss 0.5753 acc 0.757 | val loss 0.4704 acc 0.841 *
[efficientnet_b0 trial0] Epoch  19/100 | LR: 2.92e-03 | train loss 0.6175 acc 0.758 | val loss 0.5411 acc 0.766
[efficientnet_b0 trial0] Epoch  20/100 | LR: 2.92e-03 | train loss 0.5963 acc 0.765 | val loss 0.5268 acc 0.793
[efficientnet_b0 trial0] Epoch  21/100 | LR: 2.92e-03 | train loss 0.6317 acc 0.755 | val loss 0.5380 acc 0.790
[efficientnet_b0 trial0] Epoch  22/100 | LR: 2.92e-03 | train loss 0.5867 acc 0.764 | val loss 0.5492 acc 0.800
[efficientnet_b0 trial0] Epoch  23/100 | LR: 2.92e-03 | train loss 0.5478 acc 0.770 | val loss 0.6913 acc 0.759
[efficientnet_b0 trial0] Epoch  24/100 | LR: 2.92e-03 | train loss 0.5445 acc 0.775 | val loss 0.5993 acc 0.785
[efficientnet_b0 trial0] Epoch  25/100 | LR: 2.92e-03 | train loss 0.5856 acc 0.762 | val loss 0.5505 acc 0.807
[efficientnet_b0 trial0] Epoch  26/100 | LR: 2.92e-03 | train loss 0.5473 acc 0.785 | val loss 0.6806 acc 0.754
[efficientnet_b0 trial0] Epoch  27/100 | LR: 2.92e-03 | train loss 0.5952 acc 0.761 | val loss 0.6890 acc 0.705
[efficientnet_b0 trial0] Epoch  28/100 | LR: 2.92e-03 | train loss 0.5549 acc 0.774 | val loss 0.7750 acc 0.741

[efficientnet_b0 trial0] No val loss improvement for 10 epochs — stopping early at epoch 28.

[efficientnet_b0 trial0] Restored best checkpoint (val loss = 0.4704)
[10:32:10] [efficientnet_b0] trial 0 finished: best val_acc=0.8415 (at val_loss=0.4704)
[I 2026-09-22 10:32:10,036] Trial 0 finished with value: 0.8414634146341463 and parameters: {'hidden_layers': 1, 'neurons': 512, 'lr': 0.0029154431891537554, 'beta1': 0.7999563908598613, 'step_size': 30, 'batch_size': 16}. Best is trial 0 with value: 0.8414634146341463.
[10:32:10] [efficientnet_b0] trial 1: H=2 N=2048 lr=1.38e-03 beta1=0.600 step_size=23 batch_size=96 (micro_batch=16, accum_steps=6)
[efficientnet_b0 trial1] Using gradient accumulation: 6 micro-batches per optimizer step (effective batch size ≈ micro_batch x 6).
[efficientnet_b0 trial1] Epoch   1/100 | LR: 1.38e-03 | train loss 1.1785 acc 0.433 | val loss 0.8963 acc 0.666 *
[efficientnet_b0 trial1] Epoch   2/100 | LR: 1.38e-03 | train loss 0.8569 acc 0.659 | val loss 0.6527 acc 0.766 *
[efficientnet_b0 trial1] Epoch   3/100 | LR: 1.38e-03 | train loss 0.7304 acc 0.736 | val loss 0.4915 acc 0.790 *
[efficientnet_b0 trial1] Epoch   4/100 | LR: 1.38e-03 | train loss 0.6444 acc 0.752 | val loss 0.5047 acc 0.810
[efficientnet_b0 trial1] Epoch   5/100 | LR: 1.38e-03 | train loss 0.5423 acc 0.772 | val loss 0.5566 acc 0.798
[efficientnet_b0 trial1] Epoch   6/100 | LR: 1.38e-03 | train loss 0.6039 acc 0.772 | val loss 0.4639 acc 0.749 *
[efficientnet_b0 trial1] Epoch   7/100 | LR: 1.38e-03 | train loss 0.5548 acc 0.762 | val loss 1.1281 acc 0.622
[efficientnet_b0 trial1] Epoch   8/100 | LR: 1.38e-03 | train loss 0.4972 acc 0.801 | val loss 0.4838 acc 0.812
[efficientnet_b0 trial1] Epoch   9/100 | LR: 1.38e-03 | train loss 0.4270 acc 0.816 | val loss 0.4383 acc 0.802 *
[efficientnet_b0 trial1] Epoch  10/100 | LR: 1.38e-03 | train loss 0.4103 acc 0.839 | val loss 0.4470 acc 0.851
[efficientnet_b0 trial1] Epoch  11/100 | LR: 1.38e-03 | train loss 0.3687 acc 0.852 | val loss 0.4504 acc 0.841
[efficientnet_b0 trial1] Epoch  12/100 | LR: 1.38e-03 | train loss 0.3964 acc 0.843 | val loss 0.4810 acc 0.807
[efficientnet_b0 trial1] Epoch  13/100 | LR: 1.38e-03 | train loss 0.3232 acc 0.858 | val loss 0.4192 acc 0.841 *
[efficientnet_b0 trial1] Epoch  14/100 | LR: 1.38e-03 | train loss 0.3158 acc 0.872 | val loss 0.4361 acc 0.854
[efficientnet_b0 trial1] Epoch  15/100 | LR: 1.38e-03 | train loss 0.2803 acc 0.878 | val loss 0.4470 acc 0.834
[efficientnet_b0 trial1] Epoch  16/100 | LR: 1.38e-03 | train loss 0.3180 acc 0.866 | val loss 0.3730 acc 0.844 *
[efficientnet_b0 trial1] Epoch  17/100 | LR: 1.38e-03 | train loss 0.3350 acc 0.874 | val loss 0.4484 acc 0.820
[efficientnet_b0 trial1] Epoch  18/100 | LR: 1.38e-03 | train loss 0.2509 acc 0.886 | val loss 0.4209 acc 0.846
[efficientnet_b0 trial1] Epoch  19/100 | LR: 1.38e-03 | train loss 0.3175 acc 0.875 | val loss 0.4602 acc 0.822
[efficientnet_b0 trial1] Epoch  20/100 | LR: 1.38e-03 | train loss 0.2527 acc 0.895 | val loss 0.4553 acc 0.834
[efficientnet_b0 trial1] Epoch  21/100 | LR: 1.38e-03 | train loss 0.2834 acc 0.888 | val loss 0.4847 acc 0.817
[efficientnet_b0 trial1] Epoch  22/100 | LR: 1.38e-03 | train loss 0.2298 acc 0.900 | val loss 0.6570 acc 0.824
[efficientnet_b0 trial1] Epoch  23/100 | LR: 1.38e-04 | train loss 0.2319 acc 0.914 | val loss 0.5771 acc 0.839
[efficientnet_b0 trial1] Epoch  24/100 | LR: 1.38e-04 | train loss 0.1770 acc 0.921 | val loss 0.4245 acc 0.854
[efficientnet_b0 trial1] Epoch  25/100 | LR: 1.38e-04 | train loss 0.1500 acc 0.929 | val loss 0.4177 acc 0.846
[efficientnet_b0 trial1] Epoch  26/100 | LR: 1.38e-04 | train loss 0.1364 acc 0.948 | val loss 0.3966 acc 0.861

[efficientnet_b0 trial1] No val loss improvement for 10 epochs — stopping early at epoch 26.

[efficientnet_b0 trial1] Restored best checkpoint (val loss = 0.3730)
[10:34:39] [efficientnet_b0] trial 1 finished: best val_acc=0.8439 (at val_loss=0.3730)
[I 2026-09-22 10:34:39,121] Trial 1 finished with value: 0.8439024390243902 and parameters: {'hidden_layers': 2, 'neurons': 2048, 'lr': 0.0013826232179369874, 'beta1': 0.5996372172970215, 'step_size': 23, 'batch_size': 96}. Best is trial 1 with value: 0.8439024390243902.
[10:34:39] [efficientnet_b0] trial 2: H=2 N=1024 lr=4.34e-03 beta1=0.629 step_size=28 batch_size=48 (micro_batch=16, accum_steps=3)
[efficientnet_b0 trial2] Using gradient accumulation: 3 micro-batches per optimizer step (effective batch size ≈ micro_batch x 3).
[efficientnet_b0 trial2] Epoch   1/100 | LR: 4.34e-03 | train loss 1.5343 acc 0.350 | val loss 1.3886 acc 0.241 *
[efficientnet_b0 trial2] Epoch   2/100 | LR: 4.34e-03 | train loss 1.2647 acc 0.404 | val loss 1.6626 acc 0.380
[efficientnet_b0 trial2] Epoch   3/100 | LR: 4.34e-03 | train loss 1.2493 acc 0.426 | val loss 4.3568 acc 0.061
[efficientnet_b0 trial2] Epoch   4/100 | LR: 4.34e-03 | train loss 1.2992 acc 0.389 | val loss 1.3714 acc 0.444 *
[efficientnet_b0 trial2] Epoch   5/100 | LR: 4.34e-03 | train loss 1.1810 acc 0.469 | val loss 1.1069 acc 0.427 *
[efficientnet_b0 trial2] Epoch   6/100 | LR: 4.34e-03 | train loss 1.1172 acc 0.480 | val loss 1.3223 acc 0.329
[efficientnet_b0 trial2] Epoch   7/100 | LR: 4.34e-03 | train loss 1.1332 acc 0.488 | val loss 1.0215 acc 0.546 *
[efficientnet_b0 trial2] Epoch   8/100 | LR: 4.34e-03 | train loss 1.0486 acc 0.525 | val loss 1.1396 acc 0.595
[efficientnet_b0 trial2] Epoch   9/100 | LR: 4.34e-03 | train loss 1.0733 acc 0.490 | val loss 1.0491 acc 0.495
[efficientnet_b0 trial2] Epoch  10/100 | LR: 4.34e-03 | train loss 1.0758 acc 0.480 | val loss 9.1635 acc 0.466
[efficientnet_b0 trial2] Epoch  11/100 | LR: 4.34e-03 | train loss 0.9484 acc 0.576 | val loss 0.7977 acc 0.629 *
[efficientnet_b0 trial2] Epoch  12/100 | LR: 4.34e-03 | train loss 0.9181 acc 0.584 | val loss 0.8618 acc 0.561
[efficientnet_b0 trial2] Epoch  13/100 | LR: 4.34e-03 | train loss 0.8642 acc 0.628 | val loss 1.5055 acc 0.344
[efficientnet_b0 trial2] Epoch  14/100 | LR: 4.34e-03 | train loss 0.8976 acc 0.626 | val loss 0.6971 acc 0.720 *
[efficientnet_b0 trial2] Epoch  15/100 | LR: 4.34e-03 | train loss 0.7390 acc 0.696 | val loss 0.7006 acc 0.710
[efficientnet_b0 trial2] Epoch  16/100 | LR: 4.34e-03 | train loss 0.7629 acc 0.674 | val loss 0.6350 acc 0.693 *
[efficientnet_b0 trial2] Epoch  17/100 | LR: 4.34e-03 | train loss 0.7043 acc 0.701 | val loss 0.9908 acc 0.600
[efficientnet_b0 trial2] Epoch  18/100 | LR: 4.34e-03 | train loss 0.6548 acc 0.715 | val loss 0.5956 acc 0.763 *
[efficientnet_b0 trial2] Epoch  19/100 | LR: 4.34e-03 | train loss 0.6669 acc 0.722 | val loss 0.8705 acc 0.668
[efficientnet_b0 trial2] Epoch  20/100 | LR: 4.34e-03 | train loss 0.7040 acc 0.713 | val loss 0.7230 acc 0.720
[efficientnet_b0 trial2] Epoch  21/100 | LR: 4.34e-03 | train loss 0.6936 acc 0.706 | val loss 0.6960 acc 0.695
[efficientnet_b0 trial2] Epoch  22/100 | LR: 4.34e-03 | train loss 0.6529 acc 0.722 | val loss 0.6805 acc 0.768
[efficientnet_b0 trial2] Epoch  23/100 | LR: 4.34e-03 | train loss 0.6546 acc 0.743 | val loss 0.7190 acc 0.756
[efficientnet_b0 trial2] Epoch  24/100 | LR: 4.34e-03 | train loss 0.6319 acc 0.733 | val loss 0.5348 acc 0.788 *
[efficientnet_b0 trial2] Epoch  25/100 | LR: 4.34e-03 | train loss 0.5589 acc 0.755 | val loss 0.4432 acc 0.844 *
[efficientnet_b0 trial2] Epoch  26/100 | LR: 4.34e-03 | train loss 0.5981 acc 0.752 | val loss 1.0341 acc 0.573
[efficientnet_b0 trial2] Epoch  27/100 | LR: 4.34e-03 | train loss 0.5807 acc 0.759 | val loss 1.0874 acc 0.629
[efficientnet_b0 trial2] Epoch  28/100 | LR: 4.34e-04 | train loss 0.6172 acc 0.729 | val loss 0.5119 acc 0.822
[efficientnet_b0 trial2] Epoch  29/100 | LR: 4.34e-04 | train loss 0.5066 acc 0.803 | val loss 0.4428 acc 0.844 *
[efficientnet_b0 trial2] Epoch  30/100 | LR: 4.34e-04 | train loss 0.4541 acc 0.790 | val loss 0.4308 acc 0.837 *
[efficientnet_b0 trial2] Epoch  31/100 | LR: 4.34e-04 | train loss 0.3876 acc 0.821 | val loss 0.4148 acc 0.844 *
[efficientnet_b0 trial2] Epoch  32/100 | LR: 4.34e-04 | train loss 0.4241 acc 0.816 | val loss 0.4267 acc 0.856
[efficientnet_b0 trial2] Epoch  33/100 | LR: 4.34e-04 | train loss 0.4201 acc 0.816 | val loss 0.4524 acc 0.849
[efficientnet_b0 trial2] Epoch  34/100 | LR: 4.34e-04 | train loss 0.3662 acc 0.821 | val loss 0.4699 acc 0.846
[efficientnet_b0 trial2] Epoch  35/100 | LR: 4.34e-04 | train loss 0.3695 acc 0.830 | val loss 0.4321 acc 0.844
[efficientnet_b0 trial2] Epoch  36/100 | LR: 4.34e-04 | train loss 0.3582 acc 0.840 | val loss 0.4546 acc 0.854
[efficientnet_b0 trial2] Epoch  37/100 | LR: 4.34e-04 | train loss 0.3787 acc 0.826 | val loss 0.4307 acc 0.856
[efficientnet_b0 trial2] Epoch  38/100 | LR: 4.34e-04 | train loss 0.3677 acc 0.827 | val loss 0.4409 acc 0.854
[efficientnet_b0 trial2] Epoch  39/100 | LR: 4.34e-04 | train loss 0.3447 acc 0.856 | val loss 0.4460 acc 0.837
[efficientnet_b0 trial2] Epoch  40/100 | LR: 4.34e-04 | train loss 0.3432 acc 0.845 | val loss 0.4308 acc 0.866
[efficientnet_b0 trial2] Epoch  41/100 | LR: 4.34e-04 | train loss 0.3276 acc 0.839 | val loss 0.3976 acc 0.861 *
[efficientnet_b0 trial2] Epoch  42/100 | LR: 4.34e-04 | train loss 0.3274 acc 0.849 | val loss 0.4405 acc 0.849
[efficientnet_b0 trial2] Epoch  43/100 | LR: 4.34e-04 | train loss 0.3506 acc 0.842 | val loss 0.4004 acc 0.863
[efficientnet_b0 trial2] Epoch  44/100 | LR: 4.34e-04 | train loss 0.3032 acc 0.848 | val loss 0.4432 acc 0.856
[efficientnet_b0 trial2] Epoch  45/100 | LR: 4.34e-04 | train loss 0.3065 acc 0.856 | val loss 0.4223 acc 0.866
[efficientnet_b0 trial2] Epoch  46/100 | LR: 4.34e-04 | train loss 0.2912 acc 0.853 | val loss 0.4368 acc 0.868
[efficientnet_b0 trial2] Epoch  47/100 | LR: 4.34e-04 | train loss 0.2976 acc 0.850 | val loss 0.4238 acc 0.854
[efficientnet_b0 trial2] Epoch  48/100 | LR: 4.34e-04 | train loss 0.3015 acc 0.851 | val loss 0.4341 acc 0.856
[efficientnet_b0 trial2] Epoch  49/100 | LR: 4.34e-04 | train loss 0.2767 acc 0.862 | val loss 0.3889 acc 0.876 *
[efficientnet_b0 trial2] Epoch  50/100 | LR: 4.34e-04 | train loss 0.2838 acc 0.860 | val loss 0.4320 acc 0.863
[efficientnet_b0 trial2] Epoch  51/100 | LR: 4.34e-04 | train loss 0.2805 acc 0.867 | val loss 0.4258 acc 0.868
[efficientnet_b0 trial2] Epoch  52/100 | LR: 4.34e-04 | train loss 0.3022 acc 0.860 | val loss 0.4521 acc 0.861
[efficientnet_b0 trial2] Epoch  53/100 | LR: 4.34e-04 | train loss 0.2709 acc 0.871 | val loss 0.4335 acc 0.868
[efficientnet_b0 trial2] Epoch  54/100 | LR: 4.34e-04 | train loss 0.2702 acc 0.872 | val loss 0.4294 acc 0.859
[efficientnet_b0 trial2] Epoch  55/100 | LR: 4.34e-04 | train loss 0.2678 acc 0.877 | val loss 0.4060 acc 0.868
[efficientnet_b0 trial2] Epoch  56/100 | LR: 4.34e-05 | train loss 0.2847 acc 0.874 | val loss 0.4105 acc 0.856
[efficientnet_b0 trial2] Epoch  57/100 | LR: 4.34e-05 | train loss 0.2393 acc 0.872 | val loss 0.3946 acc 0.859
[efficientnet_b0 trial2] Epoch  58/100 | LR: 4.34e-05 | train loss 0.2635 acc 0.881 | val loss 0.3984 acc 0.859
[efficientnet_b0 trial2] Epoch  59/100 | LR: 4.34e-05 | train loss 0.2385 acc 0.880 | val loss 0.4005 acc 0.856

[efficientnet_b0 trial2] No val loss improvement for 10 epochs — stopping early at epoch 59.

[efficientnet_b0 trial2] Restored best checkpoint (val loss = 0.3889)
[10:40:16] [efficientnet_b0] trial 2 finished: best val_acc=0.8756 (at val_loss=0.3889)
[I 2026-09-22 10:40:16,933] Trial 2 finished with value: 0.875609756097561 and parameters: {'hidden_layers': 2, 'neurons': 1024, 'lr': 0.004337920697490943, 'beta1': 0.6291312108184084, 'step_size': 28, 'batch_size': 48}. Best is trial 2 with value: 0.875609756097561.
[10:40:16] [efficientnet_b0] trial 3: H=1 N=2048 lr=1.22e-05 beta1=0.914 step_size=17 batch_size=64 (micro_batch=16, accum_steps=4)
[efficientnet_b0 trial3] Using gradient accumulation: 4 micro-batches per optimizer step (effective batch size ≈ micro_batch x 4).
[efficientnet_b0 trial3] Epoch   1/100 | LR: 1.22e-05 | train loss 1.3712 acc 0.349 | val loss 1.3337 acc 0.502 *
[efficientnet_b0 trial3] Epoch   2/100 | LR: 1.22e-05 | train loss 1.3315 acc 0.511 | val loss 1.2772 acc 0.593 *
[efficientnet_b0 trial3] Epoch   3/100 | LR: 1.22e-05 | train loss 1.2837 acc 0.555 | val loss 1.2390 acc 0.661 *
[efficientnet_b0 trial3] Epoch   4/100 | LR: 1.22e-05 | train loss 1.2356 acc 0.577 | val loss 1.1794 acc 0.673 *
[efficientnet_b0 trial3] Epoch   5/100 | LR: 1.22e-05 | train loss 1.1772 acc 0.603 | val loss 1.1030 acc 0.685 *
[efficientnet_b0 trial3] Epoch   6/100 | LR: 1.22e-05 | train loss 1.1000 acc 0.614 | val loss 1.0393 acc 0.700 *
[efficientnet_b0 trial3] Epoch   7/100 | LR: 1.22e-05 | train loss 1.0436 acc 0.628 | val loss 1.0039 acc 0.685 *
[efficientnet_b0 trial3] Epoch   8/100 | LR: 1.22e-05 | train loss 0.9813 acc 0.638 | val loss 0.9229 acc 0.712 *
[efficientnet_b0 trial3] Epoch   9/100 | LR: 1.22e-05 | train loss 0.9295 acc 0.645 | val loss 0.8771 acc 0.720 *
[efficientnet_b0 trial3] Epoch  10/100 | LR: 1.22e-05 | train loss 0.8585 acc 0.659 | val loss 0.8047 acc 0.734 *
[efficientnet_b0 trial3] Epoch  11/100 | LR: 1.22e-05 | train loss 0.7889 acc 0.683 | val loss 0.7558 acc 0.744 *
[efficientnet_b0 trial3] Epoch  12/100 | LR: 1.22e-05 | train loss 0.7590 acc 0.689 | val loss 0.7310 acc 0.739 *
[efficientnet_b0 trial3] Epoch  13/100 | LR: 1.22e-05 | train loss 0.7468 acc 0.692 | val loss 0.6795 acc 0.756 *
[efficientnet_b0 trial3] Epoch  14/100 | LR: 1.22e-05 | train loss 0.6868 acc 0.709 | val loss 0.6449 acc 0.776 *
[efficientnet_b0 trial3] Epoch  15/100 | LR: 1.22e-05 | train loss 0.6590 acc 0.722 | val loss 0.6306 acc 0.771 *
[efficientnet_b0 trial3] Epoch  16/100 | LR: 1.22e-05 | train loss 0.6460 acc 0.719 | val loss 0.6289 acc 0.761 *
[efficientnet_b0 trial3] Epoch  17/100 | LR: 1.22e-06 | train loss 0.6167 acc 0.740 | val loss 0.5810 acc 0.780 *
[efficientnet_b0 trial3] Epoch  18/100 | LR: 1.22e-06 | train loss 0.6086 acc 0.736 | val loss 0.5703 acc 0.800 *
[efficientnet_b0 trial3] Epoch  19/100 | LR: 1.22e-06 | train loss 0.6103 acc 0.732 | val loss 0.5901 acc 0.756
[efficientnet_b0 trial3] Epoch  20/100 | LR: 1.22e-06 | train loss 0.5899 acc 0.743 | val loss 0.5680 acc 0.778 *
[efficientnet_b0 trial3] Epoch  21/100 | LR: 1.22e-06 | train loss 0.5760 acc 0.756 | val loss 0.5917 acc 0.759
[efficientnet_b0 trial3] Epoch  22/100 | LR: 1.22e-06 | train loss 0.5835 acc 0.751 | val loss 0.5733 acc 0.768
[efficientnet_b0 trial3] Epoch  23/100 | LR: 1.22e-06 | train loss 0.6003 acc 0.756 | val loss 0.5772 acc 0.776
[efficientnet_b0 trial3] Epoch  24/100 | LR: 1.22e-06 | train loss 0.5829 acc 0.746 | val loss 0.5698 acc 0.768
[efficientnet_b0 trial3] Epoch  25/100 | LR: 1.22e-06 | train loss 0.5982 acc 0.748 | val loss 0.5758 acc 0.771
[efficientnet_b0 trial3] Epoch  26/100 | LR: 1.22e-06 | train loss 0.5963 acc 0.759 | val loss 0.5622 acc 0.785 *
[efficientnet_b0 trial3] Epoch  27/100 | LR: 1.22e-06 | train loss 0.5885 acc 0.749 | val loss 0.5620 acc 0.783 *
[efficientnet_b0 trial3] Epoch  28/100 | LR: 1.22e-06 | train loss 0.5931 acc 0.752 | val loss 0.5747 acc 0.773
[efficientnet_b0 trial3] Epoch  29/100 | LR: 1.22e-06 | train loss 0.5711 acc 0.746 | val loss 0.5555 acc 0.785 *
[efficientnet_b0 trial3] Epoch  30/100 | LR: 1.22e-06 | train loss 0.5826 acc 0.742 | val loss 0.5459 acc 0.800 *
[efficientnet_b0 trial3] Epoch  31/100 | LR: 1.22e-06 | train loss 0.5724 acc 0.748 | val loss 0.5615 acc 0.780
[efficientnet_b0 trial3] Epoch  32/100 | LR: 1.22e-06 | train loss 0.5644 acc 0.753 | val loss 0.5717 acc 0.766
[efficientnet_b0 trial3] Epoch  33/100 | LR: 1.22e-06 | train loss 0.5712 acc 0.765 | val loss 0.5889 acc 0.761
[efficientnet_b0 trial3] Epoch  34/100 | LR: 1.22e-07 | train loss 0.5731 acc 0.754 | val loss 0.5577 acc 0.795
[efficientnet_b0 trial3] Epoch  35/100 | LR: 1.22e-07 | train loss 0.5530 acc 0.754 | val loss 0.5485 acc 0.788
[efficientnet_b0 trial3] Epoch  36/100 | LR: 1.22e-07 | train loss 0.5830 acc 0.746 | val loss 0.5651 acc 0.778
[efficientnet_b0 trial3] Epoch  37/100 | LR: 1.22e-07 | train loss 0.5599 acc 0.750 | val loss 0.5458 acc 0.788 *
[efficientnet_b0 trial3] Epoch  38/100 | LR: 1.22e-07 | train loss 0.5801 acc 0.746 | val loss 0.5550 acc 0.783
[efficientnet_b0 trial3] Epoch  39/100 | LR: 1.22e-07 | train loss 0.5458 acc 0.757 | val loss 0.5473 acc 0.776
[efficientnet_b0 trial3] Epoch  40/100 | LR: 1.22e-07 | train loss 0.5613 acc 0.768 | val loss 0.5887 acc 0.754
[efficientnet_b0 trial3] Epoch  41/100 | LR: 1.22e-07 | train loss 0.5787 acc 0.744 | val loss 0.5486 acc 0.795
[efficientnet_b0 trial3] Epoch  42/100 | LR: 1.22e-07 | train loss 0.5645 acc 0.752 | val loss 0.5574 acc 0.783
[efficientnet_b0 trial3] Epoch  43/100 | LR: 1.22e-07 | train loss 0.5516 acc 0.750 | val loss 0.5841 acc 0.751
[efficientnet_b0 trial3] Epoch  44/100 | LR: 1.22e-07 | train loss 0.5599 acc 0.754 | val loss 0.5489 acc 0.780
[efficientnet_b0 trial3] Epoch  45/100 | LR: 1.22e-07 | train loss 0.5753 acc 0.748 | val loss 0.5499 acc 0.778
[efficientnet_b0 trial3] Epoch  46/100 | LR: 1.22e-07 | train loss 0.5616 acc 0.749 | val loss 0.5546 acc 0.795
[efficientnet_b0 trial3] Epoch  47/100 | LR: 1.22e-07 | train loss 0.5523 acc 0.760 | val loss 0.5579 acc 0.778

[efficientnet_b0 trial3] No val loss improvement for 10 epochs — stopping early at epoch 47.

[efficientnet_b0 trial3] Restored best checkpoint (val loss = 0.5458)
[10:44:44] [efficientnet_b0] trial 3 finished: best val_acc=0.7878 (at val_loss=0.5458)
[I 2026-09-22 10:44:44,464] Trial 3 finished with value: 0.7878048780487805 and parameters: {'hidden_layers': 1, 'neurons': 2048, 'lr': 1.2172958098369984e-05, 'beta1': 0.9135400170668128, 'step_size': 17, 'batch_size': 64}. Best is trial 2 with value: 0.875609756097561.
[10:44:44] [efficientnet_b0] trial 4: H=1 N=512 lr=2.91e-06 beta1=0.931 step_size=27 batch_size=96 (micro_batch=16, accum_steps=6)
[efficientnet_b0 trial4] Using gradient accumulation: 6 micro-batches per optimizer step (effective batch size ≈ micro_batch x 6).
[efficientnet_b0 trial4] Epoch   1/100 | LR: 2.91e-06 | train loss 1.3915 acc 0.200 | val loss 1.3892 acc 0.195 *
[efficientnet_b0 trial4] Epoch   2/100 | LR: 2.91e-06 | train loss 1.3847 acc 0.248 | val loss 1.3845 acc 0.188 *
[efficientnet_b0 trial4] Epoch   3/100 | LR: 2.91e-06 | train loss 1.3798 acc 0.267 | val loss 1.3801 acc 0.210 *
[efficientnet_b0 trial4] Epoch   4/100 | LR: 2.91e-06 | train loss 1.3768 acc 0.290 | val loss 1.3729 acc 0.239 *
[efficientnet_b0 trial4] Epoch   5/100 | LR: 2.91e-06 | train loss 1.3743 acc 0.311 | val loss 1.3652 acc 0.263 *
[efficientnet_b0 trial4] Epoch   6/100 | LR: 2.91e-06 | train loss 1.3673 acc 0.352 | val loss 1.3631 acc 0.293 *
[efficientnet_b0 trial4] Epoch   7/100 | LR: 2.91e-06 | train loss 1.3623 acc 0.380 | val loss 1.3564 acc 0.315 *
[efficientnet_b0 trial4] Epoch   8/100 | LR: 2.91e-06 | train loss 1.3603 acc 0.401 | val loss 1.3539 acc 0.334 *
[efficientnet_b0 trial4] Epoch   9/100 | LR: 2.91e-06 | train loss 1.3573 acc 0.407 | val loss 1.3498 acc 0.344 *
[efficientnet_b0 trial4] Epoch  10/100 | LR: 2.91e-06 | train loss 1.3531 acc 0.444 | val loss 1.3445 acc 0.366 *
[efficientnet_b0 trial4] Epoch  11/100 | LR: 2.91e-06 | train loss 1.3489 acc 0.469 | val loss 1.3402 acc 0.376 *
[efficientnet_b0 trial4] Epoch  12/100 | LR: 2.91e-06 | train loss 1.3466 acc 0.475 | val loss 1.3317 acc 0.420 *
[efficientnet_b0 trial4] Epoch  13/100 | LR: 2.91e-06 | train loss 1.3377 acc 0.496 | val loss 1.3284 acc 0.463 *
[efficientnet_b0 trial4] Epoch  14/100 | LR: 2.91e-06 | train loss 1.3335 acc 0.508 | val loss 1.3243 acc 0.473 *
[efficientnet_b0 trial4] Epoch  15/100 | LR: 2.91e-06 | train loss 1.3276 acc 0.521 | val loss 1.3200 acc 0.480 *
[efficientnet_b0 trial4] Epoch  16/100 | LR: 2.91e-06 | train loss 1.3242 acc 0.547 | val loss 1.3149 acc 0.507 *
[efficientnet_b0 trial4] Epoch  17/100 | LR: 2.91e-06 | train loss 1.3151 acc 0.541 | val loss 1.3058 acc 0.522 *
[efficientnet_b0 trial4] Epoch  18/100 | LR: 2.91e-06 | train loss 1.3119 acc 0.544 | val loss 1.3091 acc 0.532
[efficientnet_b0 trial4] Epoch  19/100 | LR: 2.91e-06 | train loss 1.3073 acc 0.577 | val loss 1.2981 acc 0.554 *
[efficientnet_b0 trial4] Epoch  20/100 | LR: 2.91e-06 | train loss 1.2995 acc 0.580 | val loss 1.2840 acc 0.583 *
[efficientnet_b0 trial4] Epoch  21/100 | LR: 2.91e-06 | train loss 1.2946 acc 0.597 | val loss 1.2839 acc 0.576 *
[efficientnet_b0 trial4] Epoch  22/100 | LR: 2.91e-06 | train loss 1.2880 acc 0.587 | val loss 1.2757 acc 0.595 *
[efficientnet_b0 trial4] Epoch  23/100 | LR: 2.91e-06 | train loss 1.2812 acc 0.589 | val loss 1.2760 acc 0.602
[efficientnet_b0 trial4] Epoch  24/100 | LR: 2.91e-06 | train loss 1.2764 acc 0.608 | val loss 1.2615 acc 0.617 *
[efficientnet_b0 trial4] Epoch  25/100 | LR: 2.91e-06 | train loss 1.2665 acc 0.602 | val loss 1.2500 acc 0.637 *
[efficientnet_b0 trial4] Epoch  26/100 | LR: 2.91e-06 | train loss 1.2565 acc 0.614 | val loss 1.2579 acc 0.602
[efficientnet_b0 trial4] Epoch  27/100 | LR: 2.91e-07 | train loss 1.2510 acc 0.619 | val loss 1.2421 acc 0.627 *
[efficientnet_b0 trial4] Epoch  28/100 | LR: 2.91e-07 | train loss 1.2425 acc 0.613 | val loss 1.2440 acc 0.637
[efficientnet_b0 trial4] Epoch  29/100 | LR: 2.91e-07 | train loss 1.2456 acc 0.617 | val loss 1.2405 acc 0.624 *
[efficientnet_b0 trial4] Epoch  30/100 | LR: 2.91e-07 | train loss 1.2469 acc 0.610 | val loss 1.2413 acc 0.629
[efficientnet_b0 trial4] Epoch  31/100 | LR: 2.91e-07 | train loss 1.2460 acc 0.599 | val loss 1.2468 acc 0.624
[efficientnet_b0 trial4] Epoch  32/100 | LR: 2.91e-07 | train loss 1.2452 acc 0.624 | val loss 1.2350 acc 0.649 *
[efficientnet_b0 trial4] Epoch  33/100 | LR: 2.91e-07 | train loss 1.2424 acc 0.628 | val loss 1.2330 acc 0.659 *
[efficientnet_b0 trial4] Epoch  34/100 | LR: 2.91e-07 | train loss 1.2424 acc 0.629 | val loss 1.2390 acc 0.634
[efficientnet_b0 trial4] Epoch  35/100 | LR: 2.91e-07 | train loss 1.2407 acc 0.615 | val loss 1.2268 acc 0.646 *
[efficientnet_b0 trial4] Epoch  36/100 | LR: 2.91e-07 | train loss 1.2372 acc 0.632 | val loss 1.2392 acc 0.641
[efficientnet_b0 trial4] Epoch  37/100 | LR: 2.91e-07 | train loss 1.2338 acc 0.640 | val loss 1.2386 acc 0.627
[efficientnet_b0 trial4] Epoch  38/100 | LR: 2.91e-07 | train loss 1.2418 acc 0.628 | val loss 1.2305 acc 0.624
[efficientnet_b0 trial4] Epoch  39/100 | LR: 2.91e-07 | train loss 1.2424 acc 0.612 | val loss 1.2294 acc 0.641
[efficientnet_b0 trial4] Epoch  40/100 | LR: 2.91e-07 | train loss 1.2353 acc 0.632 | val loss 1.2189 acc 0.673 *
[efficientnet_b0 trial4] Epoch  41/100 | LR: 2.91e-07 | train loss 1.2388 acc 0.631 | val loss 1.2267 acc 0.661
[efficientnet_b0 trial4] Epoch  42/100 | LR: 2.91e-07 | train loss 1.2296 acc 0.637 | val loss 1.2291 acc 0.639
[efficientnet_b0 trial4] Epoch  43/100 | LR: 2.91e-07 | train loss 1.2374 acc 0.608 | val loss 1.2344 acc 0.634
[efficientnet_b0 trial4] Epoch  44/100 | LR: 2.91e-07 | train loss 1.2323 acc 0.622 | val loss 1.2332 acc 0.659
[efficientnet_b0 trial4] Epoch  45/100 | LR: 2.91e-07 | train loss 1.2342 acc 0.622 | val loss 1.2335 acc 0.641
[efficientnet_b0 trial4] Epoch  46/100 | LR: 2.91e-07 | train loss 1.2298 acc 0.622 | val loss 1.2255 acc 0.641
[efficientnet_b0 trial4] Epoch  47/100 | LR: 2.91e-07 | train loss 1.2349 acc 0.621 | val loss 1.2201 acc 0.646
[efficientnet_b0 trial4] Epoch  48/100 | LR: 2.91e-07 | train loss 1.2278 acc 0.638 | val loss 1.2386 acc 0.624
[efficientnet_b0 trial4] Epoch  49/100 | LR: 2.91e-07 | train loss 1.2344 acc 0.619 | val loss 1.2237 acc 0.644
[efficientnet_b0 trial4] Epoch  50/100 | LR: 2.91e-07 | train loss 1.2279 acc 0.621 | val loss 1.2300 acc 0.639

[efficientnet_b0 trial4] No val loss improvement for 10 epochs — stopping early at epoch 50.

[efficientnet_b0 trial4] Restored best checkpoint (val loss = 1.2189)
[10:49:27] [efficientnet_b0] trial 4 finished: best val_acc=0.6732 (at val_loss=1.2189)
[I 2026-09-22 10:49:27,271] Trial 4 finished with value: 0.6731707317073171 and parameters: {'hidden_layers': 1, 'neurons': 512, 'lr': 2.907208890659845e-06, 'beta1': 0.9306886095119211, 'step_size': 27, 'batch_size': 96}. Best is trial 2 with value: 0.875609756097561.
[10:49:27] [efficientnet_b0] trial 5: H=2 N=512 lr=5.13e-05 beta1=0.513 step_size=8 batch_size=48 (micro_batch=16, accum_steps=3)
[efficientnet_b0 trial5] Using gradient accumulation: 3 micro-batches per optimizer step (effective batch size ≈ micro_batch x 3).
[efficientnet_b0 trial5] Epoch   1/100 | LR: 5.13e-05 | train loss 1.3549 acc 0.464 | val loss 1.2535 acc 0.710 *
[efficientnet_b0 trial5] Epoch   2/100 | LR: 5.13e-05 | train loss 1.1787 acc 0.617 | val loss 0.9458 acc 0.727 *
[efficientnet_b0 trial5] Epoch   3/100 | LR: 5.13e-05 | train loss 0.9416 acc 0.667 | val loss 0.7776 acc 0.722 *
[efficientnet_b0 trial5] Epoch   4/100 | LR: 5.13e-05 | train loss 0.7248 acc 0.709 | val loss 0.6229 acc 0.776 *
[efficientnet_b0 trial5] Epoch   5/100 | LR: 5.13e-05 | train loss 0.5976 acc 0.741 | val loss 0.5016 acc 0.795 *
[efficientnet_b0 trial5] Epoch   6/100 | LR: 5.13e-05 | train loss 0.5261 acc 0.776 | val loss 0.4817 acc 0.793 *
[efficientnet_b0 trial5] Epoch   7/100 | LR: 5.13e-05 | train loss 0.5088 acc 0.790 | val loss 0.4789 acc 0.800 *
[efficientnet_b0 trial5] Epoch   8/100 | LR: 5.13e-06 | train loss 0.4457 acc 0.806 | val loss 0.4459 acc 0.805 *
[efficientnet_b0 trial5] Epoch   9/100 | LR: 5.13e-06 | train loss 0.3926 acc 0.813 | val loss 0.4303 acc 0.810 *
[efficientnet_b0 trial5] Epoch  10/100 | LR: 5.13e-06 | train loss 0.4120 acc 0.807 | val loss 0.4377 acc 0.817
[efficientnet_b0 trial5] Epoch  11/100 | LR: 5.13e-06 | train loss 0.3811 acc 0.830 | val loss 0.4112 acc 0.824 *
[efficientnet_b0 trial5] Epoch  12/100 | LR: 5.13e-06 | train loss 0.3738 acc 0.814 | val loss 0.4391 acc 0.815
[efficientnet_b0 trial5] Epoch  13/100 | LR: 5.13e-06 | train loss 0.3868 acc 0.815 | val loss 0.4101 acc 0.827 *
[efficientnet_b0 trial5] Epoch  14/100 | LR: 5.13e-06 | train loss 0.3653 acc 0.830 | val loss 0.4077 acc 0.824 *
[efficientnet_b0 trial5] Epoch  15/100 | LR: 5.13e-06 | train loss 0.3658 acc 0.832 | val loss 0.4026 acc 0.822 *
[efficientnet_b0 trial5] Epoch  16/100 | LR: 5.13e-07 | train loss 0.3870 acc 0.827 | val loss 0.4056 acc 0.822
[efficientnet_b0 trial5] Epoch  17/100 | LR: 5.13e-07 | train loss 0.3814 acc 0.826 | val loss 0.4113 acc 0.824
[efficientnet_b0 trial5] Epoch  18/100 | LR: 5.13e-07 | train loss 0.3803 acc 0.830 | val loss 0.4154 acc 0.812
[efficientnet_b0 trial5] Epoch  19/100 | LR: 5.13e-07 | train loss 0.3501 acc 0.839 | val loss 0.4047 acc 0.827
[efficientnet_b0 trial5] Epoch  20/100 | LR: 5.13e-07 | train loss 0.3886 acc 0.837 | val loss 0.3973 acc 0.829 *
[efficientnet_b0 trial5] Epoch  21/100 | LR: 5.13e-07 | train loss 0.3733 acc 0.833 | val loss 0.3984 acc 0.822
[efficientnet_b0 trial5] Epoch  22/100 | LR: 5.13e-07 | train loss 0.3695 acc 0.828 | val loss 0.3974 acc 0.827
[efficientnet_b0 trial5] Epoch  23/100 | LR: 5.13e-07 | train loss 0.3616 acc 0.832 | val loss 0.3995 acc 0.834
[efficientnet_b0 trial5] Epoch  24/100 | LR: 5.13e-08 | train loss 0.3860 acc 0.832 | val loss 0.3968 acc 0.829 *
[efficientnet_b0 trial5] Epoch  25/100 | LR: 5.13e-08 | train loss 0.3674 acc 0.832 | val loss 0.4041 acc 0.824
[efficientnet_b0 trial5] Epoch  26/100 | LR: 5.13e-08 | train loss 0.3481 acc 0.839 | val loss 0.4111 acc 0.822
[efficientnet_b0 trial5] Epoch  27/100 | LR: 5.13e-08 | train loss 0.3661 acc 0.834 | val loss 0.3972 acc 0.832
[efficientnet_b0 trial5] Epoch  28/100 | LR: 5.13e-08 | train loss 0.3755 acc 0.823 | val loss 0.4087 acc 0.817
[efficientnet_b0 trial5] Epoch  29/100 | LR: 5.13e-08 | train loss 0.3701 acc 0.827 | val loss 0.4017 acc 0.827
[efficientnet_b0 trial5] Epoch  30/100 | LR: 5.13e-08 | train loss 0.3663 acc 0.834 | val loss 0.4118 acc 0.820
[efficientnet_b0 trial5] Epoch  31/100 | LR: 5.13e-08 | train loss 0.3423 acc 0.843 | val loss 0.4006 acc 0.824
[efficientnet_b0 trial5] Epoch  32/100 | LR: 5.13e-09 | train loss 0.3796 acc 0.834 | val loss 0.3997 acc 0.829
[efficientnet_b0 trial5] Epoch  33/100 | LR: 5.13e-09 | train loss 0.3567 acc 0.826 | val loss 0.4060 acc 0.832
[efficientnet_b0 trial5] Epoch  34/100 | LR: 5.13e-09 | train loss 0.3617 acc 0.843 | val loss 0.4064 acc 0.815

[efficientnet_b0 trial5] No val loss improvement for 10 epochs — stopping early at epoch 34.

[efficientnet_b0 trial5] Restored best checkpoint (val loss = 0.3968)
[10:52:41] [efficientnet_b0] trial 5 finished: best val_acc=0.8293 (at val_loss=0.3968)
[I 2026-09-22 10:52:41,501] Trial 5 finished with value: 0.8292682926829268 and parameters: {'hidden_layers': 2, 'neurons': 512, 'lr': 5.1305517605898387e-05, 'beta1': 0.5126841442453035, 'step_size': 8, 'batch_size': 48}. Best is trial 2 with value: 0.875609756097561.
[10:52:41] [efficientnet_b0] trial 6: H=2 N=512 lr=3.06e-03 beta1=0.901 step_size=11 batch_size=32 (micro_batch=16, accum_steps=2)
[efficientnet_b0 trial6] Using gradient accumulation: 2 micro-batches per optimizer step (effective batch size ≈ micro_batch x 2).
[efficientnet_b0 trial6] Epoch   1/100 | LR: 3.06e-03 | train loss 1.2788 acc 0.413 | val loss 1.1834 acc 0.434 *
[efficientnet_b0 trial6] Epoch   2/100 | LR: 3.06e-03 | train loss 1.1878 acc 0.456 | val loss 1.1781 acc 0.256 *
[efficientnet_b0 trial6] Epoch   3/100 | LR: 3.06e-03 | train loss 1.0264 acc 0.494 | val loss 0.8030 acc 0.710 *
[efficientnet_b0 trial6] Epoch   4/100 | LR: 3.06e-03 | train loss 0.9658 acc 0.564 | val loss 0.8200 acc 0.578
[efficientnet_b0 trial6] Epoch   5/100 | LR: 3.06e-03 | train loss 0.9483 acc 0.577 | val loss 0.7004 acc 0.722 *
[efficientnet_b0 trial6] Epoch   6/100 | LR: 3.06e-03 | train loss 0.9170 acc 0.593 | val loss 0.8144 acc 0.695
[efficientnet_b0 trial6] Epoch   7/100 | LR: 3.06e-03 | train loss 0.8013 acc 0.612 | val loss 0.9431 acc 0.595
[efficientnet_b0 trial6] Epoch   8/100 | LR: 3.06e-03 | train loss 0.8235 acc 0.620 | val loss 0.7839 acc 0.749
[efficientnet_b0 trial6] Epoch   9/100 | LR: 3.06e-03 | train loss 0.7394 acc 0.670 | val loss 0.6724 acc 0.717 *
[efficientnet_b0 trial6] Epoch  10/100 | LR: 3.06e-03 | train loss 0.7028 acc 0.702 | val loss 0.6044 acc 0.761 *
[efficientnet_b0 trial6] Epoch  11/100 | LR: 3.06e-04 | train loss 0.6493 acc 0.715 | val loss 0.8208 acc 0.722
[efficientnet_b0 trial6] Epoch  12/100 | LR: 3.06e-04 | train loss 0.5821 acc 0.752 | val loss 0.5077 acc 0.820 *
[efficientnet_b0 trial6] Epoch  13/100 | LR: 3.06e-04 | train loss 0.5005 acc 0.783 | val loss 0.4704 acc 0.829 *
[efficientnet_b0 trial6] Epoch  14/100 | LR: 3.06e-04 | train loss 0.4426 acc 0.821 | val loss 0.4899 acc 0.837
[efficientnet_b0 trial6] Epoch  15/100 | LR: 3.06e-04 | train loss 0.4400 acc 0.807 | val loss 0.5095 acc 0.812
[efficientnet_b0 trial6] Epoch  16/100 | LR: 3.06e-04 | train loss 0.4383 acc 0.800 | val loss 0.4515 acc 0.820 *
[efficientnet_b0 trial6] Epoch  17/100 | LR: 3.06e-04 | train loss 0.4093 acc 0.820 | val loss 0.4464 acc 0.827 *
[efficientnet_b0 trial6] Epoch  18/100 | LR: 3.06e-04 | train loss 0.4342 acc 0.820 | val loss 0.4658 acc 0.812
[efficientnet_b0 trial6] Epoch  19/100 | LR: 3.06e-04 | train loss 0.3873 acc 0.817 | val loss 0.4577 acc 0.834
[efficientnet_b0 trial6] Epoch  20/100 | LR: 3.06e-04 | train loss 0.3587 acc 0.837 | val loss 0.4703 acc 0.805
[efficientnet_b0 trial6] Epoch  21/100 | LR: 3.06e-04 | train loss 0.3611 acc 0.830 | val loss 0.4681 acc 0.820
[efficientnet_b0 trial6] Epoch  22/100 | LR: 3.06e-05 | train loss 0.3571 acc 0.842 | val loss 0.4886 acc 0.815
[efficientnet_b0 trial6] Epoch  23/100 | LR: 3.06e-05 | train loss 0.3490 acc 0.846 | val loss 0.4512 acc 0.822
[efficientnet_b0 trial6] Epoch  24/100 | LR: 3.06e-05 | train loss 0.3247 acc 0.844 | val loss 0.4370 acc 0.829 *
[efficientnet_b0 trial6] Epoch  25/100 | LR: 3.06e-05 | train loss 0.3350 acc 0.845 | val loss 0.4257 acc 0.829 *
[efficientnet_b0 trial6] Epoch  26/100 | LR: 3.06e-05 | train loss 0.3219 acc 0.858 | val loss 0.4294 acc 0.827
[efficientnet_b0 trial6] Epoch  27/100 | LR: 3.06e-05 | train loss 0.3639 acc 0.855 | val loss 0.4513 acc 0.834
[efficientnet_b0 trial6] Epoch  28/100 | LR: 3.06e-05 | train loss 0.3063 acc 0.858 | val loss 0.4338 acc 0.834
[efficientnet_b0 trial6] Epoch  29/100 | LR: 3.06e-05 | train loss 0.3312 acc 0.861 | val loss 0.4546 acc 0.820
[efficientnet_b0 trial6] Epoch  30/100 | LR: 3.06e-05 | train loss 0.3145 acc 0.853 | val loss 0.4465 acc 0.827
[efficientnet_b0 trial6] Epoch  31/100 | LR: 3.06e-05 | train loss 0.3096 acc 0.848 | val loss 0.4300 acc 0.832
[efficientnet_b0 trial6] Epoch  32/100 | LR: 3.06e-05 | train loss 0.3294 acc 0.843 | val loss 0.4461 acc 0.822
[efficientnet_b0 trial6] Epoch  33/100 | LR: 3.06e-06 | train loss 0.3179 acc 0.858 | val loss 0.4394 acc 0.837
[efficientnet_b0 trial6] Epoch  34/100 | LR: 3.06e-06 | train loss 0.3088 acc 0.873 | val loss 0.4352 acc 0.829
[efficientnet_b0 trial6] Epoch  35/100 | LR: 3.06e-06 | train loss 0.2965 acc 0.865 | val loss 0.4408 acc 0.829

[efficientnet_b0 trial6] No val loss improvement for 10 epochs — stopping early at epoch 35.

[efficientnet_b0 trial6] Restored best checkpoint (val loss = 0.4257)
[10:56:02] [efficientnet_b0] trial 6 finished: best val_acc=0.8293 (at val_loss=0.4257)
[I 2026-09-22 10:56:02,800] Trial 6 finished with value: 0.8292682926829268 and parameters: {'hidden_layers': 2, 'neurons': 512, 'lr': 0.0030608522106722507, 'beta1': 0.901032366372658, 'step_size': 11, 'batch_size': 32}. Best is trial 2 with value: 0.875609756097561.
[10:56:02] [efficientnet_b0] trial 7: H=1 N=512 lr=2.24e-05 beta1=0.971 step_size=16 batch_size=32 (micro_batch=16, accum_steps=2)
[efficientnet_b0 trial7] Using gradient accumulation: 2 micro-batches per optimizer step (effective batch size ≈ micro_batch x 2).
[efficientnet_b0 trial7] Epoch   1/100 | LR: 2.24e-05 | train loss 1.3560 acc 0.443 | val loss 1.3049 acc 0.588 *
[efficientnet_b0 trial7] Epoch   2/100 | LR: 2.24e-05 | train loss 1.2805 acc 0.563 | val loss 1.2165 acc 0.705 *
[efficientnet_b0 trial7] Epoch   3/100 | LR: 2.24e-05 | train loss 1.1724 acc 0.646 | val loss 1.0962 acc 0.700 *
[efficientnet_b0 trial7] Epoch   4/100 | LR: 2.24e-05 | train loss 1.0322 acc 0.628 | val loss 0.9707 acc 0.705 *
[efficientnet_b0 trial7] Epoch   5/100 | LR: 2.24e-05 | train loss 0.9008 acc 0.652 | val loss 0.8573 acc 0.727 *
[efficientnet_b0 trial7] Epoch   6/100 | LR: 2.24e-05 | train loss 0.8146 acc 0.667 | val loss 0.7314 acc 0.751 *
[efficientnet_b0 trial7] Epoch   7/100 | LR: 2.24e-05 | train loss 0.7086 acc 0.707 | val loss 0.6552 acc 0.771 *
[efficientnet_b0 trial7] Epoch   8/100 | LR: 2.24e-05 | train loss 0.6322 acc 0.730 | val loss 0.6357 acc 0.759 *
[efficientnet_b0 trial7] Epoch   9/100 | LR: 2.24e-05 | train loss 0.6091 acc 0.754 | val loss 0.5786 acc 0.780 *
[efficientnet_b0 trial7] Epoch  10/100 | LR: 2.24e-05 | train loss 0.5545 acc 0.752 | val loss 0.5536 acc 0.798 *
[efficientnet_b0 trial7] Epoch  11/100 | LR: 2.24e-05 | train loss 0.4996 acc 0.788 | val loss 0.5411 acc 0.802 *
[efficientnet_b0 trial7] Epoch  12/100 | LR: 2.24e-05 | train loss 0.4667 acc 0.788 | val loss 0.5065 acc 0.810 *
[efficientnet_b0 trial7] Epoch  13/100 | LR: 2.24e-05 | train loss 0.4555 acc 0.791 | val loss 0.4633 acc 0.824 *
[efficientnet_b0 trial7] Epoch  14/100 | LR: 2.24e-05 | train loss 0.4534 acc 0.791 | val loss 0.4586 acc 0.822 *
[efficientnet_b0 trial7] Epoch  15/100 | LR: 2.24e-05 | train loss 0.4148 acc 0.804 | val loss 0.4354 acc 0.841 *
[efficientnet_b0 trial7] Epoch  16/100 | LR: 2.24e-06 | train loss 0.4140 acc 0.814 | val loss 0.4424 acc 0.834
[efficientnet_b0 trial7] Epoch  17/100 | LR: 2.24e-06 | train loss 0.3755 acc 0.816 | val loss 0.4338 acc 0.841 *
[efficientnet_b0 trial7] Epoch  18/100 | LR: 2.24e-06 | train loss 0.3901 acc 0.816 | val loss 0.4426 acc 0.849
[efficientnet_b0 trial7] Epoch  19/100 | LR: 2.24e-06 | train loss 0.3813 acc 0.822 | val loss 0.4311 acc 0.834 *
[efficientnet_b0 trial7] Epoch  20/100 | LR: 2.24e-06 | train loss 0.3790 acc 0.824 | val loss 0.4137 acc 0.846 *
[efficientnet_b0 trial7] Epoch  21/100 | LR: 2.24e-06 | train loss 0.3756 acc 0.826 | val loss 0.4120 acc 0.854 *
[efficientnet_b0 trial7] Epoch  22/100 | LR: 2.24e-06 | train loss 0.3746 acc 0.821 | val loss 0.4276 acc 0.841
[efficientnet_b0 trial7] Epoch  23/100 | LR: 2.24e-06 | train loss 0.3905 acc 0.824 | val loss 0.4205 acc 0.849
[efficientnet_b0 trial7] Epoch  24/100 | LR: 2.24e-06 | train loss 0.3590 acc 0.827 | val loss 0.4035 acc 0.854 *
[efficientnet_b0 trial7] Epoch  25/100 | LR: 2.24e-06 | train loss 0.4116 acc 0.821 | val loss 0.4063 acc 0.844
[efficientnet_b0 trial7] Epoch  26/100 | LR: 2.24e-06 | train loss 0.3859 acc 0.827 | val loss 0.3994 acc 0.851 *
[efficientnet_b0 trial7] Epoch  27/100 | LR: 2.24e-06 | train loss 0.3877 acc 0.819 | val loss 0.4121 acc 0.851
[efficientnet_b0 trial7] Epoch  28/100 | LR: 2.24e-06 | train loss 0.3701 acc 0.834 | val loss 0.4192 acc 0.841
[efficientnet_b0 trial7] Epoch  29/100 | LR: 2.24e-06 | train loss 0.3775 acc 0.819 | val loss 0.4143 acc 0.849
[efficientnet_b0 trial7] Epoch  30/100 | LR: 2.24e-06 | train loss 0.3480 acc 0.837 | val loss 0.4060 acc 0.849
[efficientnet_b0 trial7] Epoch  31/100 | LR: 2.24e-06 | train loss 0.3930 acc 0.824 | val loss 0.3993 acc 0.854 *
[efficientnet_b0 trial7] Epoch  32/100 | LR: 2.24e-07 | train loss 0.3647 acc 0.823 | val loss 0.4106 acc 0.841
[efficientnet_b0 trial7] Epoch  33/100 | LR: 2.24e-07 | train loss 0.3736 acc 0.822 | val loss 0.4089 acc 0.849
[efficientnet_b0 trial7] Epoch  34/100 | LR: 2.24e-07 | train loss 0.3702 acc 0.833 | val loss 0.4139 acc 0.846
[efficientnet_b0 trial7] Epoch  35/100 | LR: 2.24e-07 | train loss 0.3586 acc 0.840 | val loss 0.3960 acc 0.856 *
[efficientnet_b0 trial7] Epoch  36/100 | LR: 2.24e-07 | train loss 0.3736 acc 0.836 | val loss 0.4117 acc 0.851
[efficientnet_b0 trial7] Epoch  37/100 | LR: 2.24e-07 | train loss 0.3744 acc 0.825 | val loss 0.4096 acc 0.844
[efficientnet_b0 trial7] Epoch  38/100 | LR: 2.24e-07 | train loss 0.3933 acc 0.822 | val loss 0.4021 acc 0.846
[efficientnet_b0 trial7] Epoch  39/100 | LR: 2.24e-07 | train loss 0.3796 acc 0.831 | val loss 0.4286 acc 0.837
[efficientnet_b0 trial7] Epoch  40/100 | LR: 2.24e-07 | train loss 0.3782 acc 0.826 | val loss 0.4181 acc 0.846
[efficientnet_b0 trial7] Epoch  41/100 | LR: 2.24e-07 | train loss 0.3536 acc 0.824 | val loss 0.4271 acc 0.851
[efficientnet_b0 trial7] Epoch  42/100 | LR: 2.24e-07 | train loss 0.3674 acc 0.833 | val loss 0.4113 acc 0.849
[efficientnet_b0 trial7] Epoch  43/100 | LR: 2.24e-07 | train loss 0.3714 acc 0.839 | val loss 0.4124 acc 0.844
[efficientnet_b0 trial7] Epoch  44/100 | LR: 2.24e-07 | train loss 0.3662 acc 0.826 | val loss 0.4129 acc 0.849
[efficientnet_b0 trial7] Epoch  45/100 | LR: 2.24e-07 | train loss 0.3715 acc 0.825 | val loss 0.4083 acc 0.849

[efficientnet_b0 trial7] No val loss improvement for 10 epochs — stopping early at epoch 45.

[efficientnet_b0 trial7] Restored best checkpoint (val loss = 0.3960)
[11:00:20] [efficientnet_b0] trial 7 finished: best val_acc=0.8561 (at val_loss=0.3960)
[I 2026-09-22 11:00:20,764] Trial 7 finished with value: 0.8560975609756097 and parameters: {'hidden_layers': 1, 'neurons': 512, 'lr': 2.2410971619109514e-05, 'beta1': 0.970511942252347, 'step_size': 16, 'batch_size': 32}. Best is trial 2 with value: 0.875609756097561.
[11:00:20] [efficientnet_b0] trial 8: H=2 N=2048 lr=9.08e-06 beta1=0.572 step_size=22 batch_size=8 (micro_batch=8, accum_steps=1)
[efficientnet_b0 trial8] Epoch   1/100 | LR: 9.08e-06 | train loss 1.3401 acc 0.481 | val loss 1.2095 acc 0.637 *
[efficientnet_b0 trial8] Epoch   2/100 | LR: 9.08e-06 | train loss 1.2152 acc 0.573 | val loss 1.0262 acc 0.717 *
[efficientnet_b0 trial8] Epoch   3/100 | LR: 9.08e-06 | train loss 1.0241 acc 0.640 | val loss 0.8432 acc 0.707 *
[efficientnet_b0 trial8] Epoch   4/100 | LR: 9.08e-06 | train loss 0.8401 acc 0.655 | val loss 0.7291 acc 0.724 *
[efficientnet_b0 trial8] Epoch   5/100 | LR: 9.08e-06 | train loss 0.8011 acc 0.676 | val loss 0.7572 acc 0.715
[efficientnet_b0 trial8] Epoch   6/100 | LR: 9.08e-06 | train loss 0.7332 acc 0.683 | val loss 0.7003 acc 0.722 *
[efficientnet_b0 trial8] Epoch   7/100 | LR: 9.08e-06 | train loss 0.6732 acc 0.709 | val loss 0.5939 acc 0.793 *
[efficientnet_b0 trial8] Epoch   8/100 | LR: 9.08e-06 | train loss 0.6573 acc 0.709 | val loss 0.6019 acc 0.776
[efficientnet_b0 trial8] Epoch   9/100 | LR: 9.08e-06 | train loss 0.6294 acc 0.738 | val loss 0.5570 acc 0.776 *
[efficientnet_b0 trial8] Epoch  10/100 | LR: 9.08e-06 | train loss 0.5835 acc 0.746 | val loss 0.5550 acc 0.785 *
[efficientnet_b0 trial8] Epoch  11/100 | LR: 9.08e-06 | train loss 0.5905 acc 0.752 | val loss 0.5274 acc 0.790 *
[efficientnet_b0 trial8] Epoch  12/100 | LR: 9.08e-06 | train loss 0.5519 acc 0.761 | val loss 0.5062 acc 0.815 *
[efficientnet_b0 trial8] Epoch  13/100 | LR: 9.08e-06 | train loss 0.5421 acc 0.749 | val loss 0.5384 acc 0.790
[efficientnet_b0 trial8] Epoch  14/100 | LR: 9.08e-06 | train loss 0.5404 acc 0.772 | val loss 0.4942 acc 0.815 *
[efficientnet_b0 trial8] Epoch  15/100 | LR: 9.08e-06 | train loss 0.5060 acc 0.765 | val loss 0.4921 acc 0.822 *
[efficientnet_b0 trial8] Epoch  16/100 | LR: 9.08e-06 | train loss 0.4843 acc 0.778 | val loss 0.4664 acc 0.820 *
[efficientnet_b0 trial8] Epoch  17/100 | LR: 9.08e-06 | train loss 0.4714 acc 0.785 | val loss 0.5008 acc 0.829
[efficientnet_b0 trial8] Epoch  18/100 | LR: 9.08e-06 | train loss 0.4680 acc 0.785 | val loss 0.4677 acc 0.810
[efficientnet_b0 trial8] Epoch  19/100 | LR: 9.08e-06 | train loss 0.4679 acc 0.784 | val loss 0.4403 acc 0.829 *
[efficientnet_b0 trial8] Epoch  20/100 | LR: 9.08e-06 | train loss 0.4835 acc 0.788 | val loss 0.4426 acc 0.824
[efficientnet_b0 trial8] Epoch  21/100 | LR: 9.08e-06 | train loss 0.4271 acc 0.810 | val loss 0.4451 acc 0.829
[efficientnet_b0 trial8] Epoch  22/100 | LR: 9.08e-07 | train loss 0.4487 acc 0.801 | val loss 0.4564 acc 0.822
[efficientnet_b0 trial8] Epoch  23/100 | LR: 9.08e-07 | train loss 0.4263 acc 0.813 | val loss 0.4260 acc 0.829 *
[efficientnet_b0 trial8] Epoch  24/100 | LR: 9.08e-07 | train loss 0.4045 acc 0.811 | val loss 0.4548 acc 0.807
[efficientnet_b0 trial8] Epoch  25/100 | LR: 9.08e-07 | train loss 0.3940 acc 0.834 | val loss 0.4689 acc 0.817
[efficientnet_b0 trial8] Epoch  26/100 | LR: 9.08e-07 | train loss 0.3982 acc 0.820 | val loss 0.4340 acc 0.824
[efficientnet_b0 trial8] Epoch  27/100 | LR: 9.08e-07 | train loss 0.3911 acc 0.829 | val loss 0.4357 acc 0.827
[efficientnet_b0 trial8] Epoch  28/100 | LR: 9.08e-07 | train loss 0.4001 acc 0.812 | val loss 0.4206 acc 0.839 *
[efficientnet_b0 trial8] Epoch  29/100 | LR: 9.08e-07 | train loss 0.3946 acc 0.817 | val loss 0.4199 acc 0.832 *
[efficientnet_b0 trial8] Epoch  30/100 | LR: 9.08e-07 | train loss 0.4097 acc 0.811 | val loss 0.4551 acc 0.810
[efficientnet_b0 trial8] Epoch  31/100 | LR: 9.08e-07 | train loss 0.3968 acc 0.810 | val loss 0.4240 acc 0.846
[efficientnet_b0 trial8] Epoch  32/100 | LR: 9.08e-07 | train loss 0.4084 acc 0.819 | val loss 0.4268 acc 0.841
[efficientnet_b0 trial8] Epoch  33/100 | LR: 9.08e-07 | train loss 0.4005 acc 0.808 | val loss 0.4224 acc 0.849
[efficientnet_b0 trial8] Epoch  34/100 | LR: 9.08e-07 | train loss 0.3998 acc 0.829 | val loss 0.4190 acc 0.837 *
[efficientnet_b0 trial8] Epoch  35/100 | LR: 9.08e-07 | train loss 0.3997 acc 0.809 | val loss 0.4137 acc 0.827 *
[efficientnet_b0 trial8] Epoch  36/100 | LR: 9.08e-07 | train loss 0.4071 acc 0.807 | val loss 0.4263 acc 0.844
[efficientnet_b0 trial8] Epoch  37/100 | LR: 9.08e-07 | train loss 0.3717 acc 0.820 | val loss 0.4286 acc 0.839
[efficientnet_b0 trial8] Epoch  38/100 | LR: 9.08e-07 | train loss 0.4305 acc 0.804 | val loss 0.4321 acc 0.841
[efficientnet_b0 trial8] Epoch  39/100 | LR: 9.08e-07 | train loss 0.3891 acc 0.830 | val loss 0.4208 acc 0.832
[efficientnet_b0 trial8] Epoch  40/100 | LR: 9.08e-07 | train loss 0.4102 acc 0.826 | val loss 0.4119 acc 0.841 *
[efficientnet_b0 trial8] Epoch  41/100 | LR: 9.08e-07 | train loss 0.4041 acc 0.814 | val loss 0.4294 acc 0.824
[efficientnet_b0 trial8] Epoch  42/100 | LR: 9.08e-07 | train loss 0.3801 acc 0.833 | val loss 0.4073 acc 0.839 *
[efficientnet_b0 trial8] Epoch  43/100 | LR: 9.08e-07 | train loss 0.3826 acc 0.819 | val loss 0.4431 acc 0.822
[efficientnet_b0 trial8] Epoch  44/100 | LR: 9.08e-08 | train loss 0.3832 acc 0.809 | val loss 0.4383 acc 0.824
[efficientnet_b0 trial8] Epoch  45/100 | LR: 9.08e-08 | train loss 0.3779 acc 0.816 | val loss 0.4218 acc 0.822
[efficientnet_b0 trial8] Epoch  46/100 | LR: 9.08e-08 | train loss 0.4032 acc 0.814 | val loss 0.4211 acc 0.839
[efficientnet_b0 trial8] Epoch  47/100 | LR: 9.08e-08 | train loss 0.3680 acc 0.824 | val loss 0.3982 acc 0.841 *
[efficientnet_b0 trial8] Epoch  48/100 | LR: 9.08e-08 | train loss 0.3915 acc 0.815 | val loss 0.4044 acc 0.851
[efficientnet_b0 trial8] Epoch  49/100 | LR: 9.08e-08 | train loss 0.3878 acc 0.829 | val loss 0.4175 acc 0.832
[efficientnet_b0 trial8] Epoch  50/100 | LR: 9.08e-08 | train loss 0.3839 acc 0.839 | val loss 0.4380 acc 0.827
[efficientnet_b0 trial8] Epoch  51/100 | LR: 9.08e-08 | train loss 0.3825 acc 0.810 | val loss 0.4027 acc 0.839
[I 2026-09-22 11:07:38,633] Trial 8 pruned. 
[11:07:38] [efficientnet_b0] trial 9: H=3 N=512 lr=2.31e-04 beta1=0.838 step_size=5 batch_size=96 (micro_batch=16, accum_steps=6)
[efficientnet_b0 trial9] Using gradient accumulation: 6 micro-batches per optimizer step (effective batch size ≈ micro_batch x 6).
[efficientnet_b0 trial9] Epoch   1/100 | LR: 2.31e-04 | train loss 1.2952 acc 0.512 | val loss 0.8962 acc 0.568 *
[efficientnet_b0 trial9] Epoch   2/100 | LR: 2.31e-04 | train loss 0.8924 acc 0.625 | val loss 0.6575 acc 0.739 *
[efficientnet_b0 trial9] Epoch   3/100 | LR: 2.31e-04 | train loss 0.6848 acc 0.703 | val loss 0.5162 acc 0.785 *
[efficientnet_b0 trial9] Epoch   4/100 | LR: 2.31e-04 | train loss 0.5476 acc 0.765 | val loss 0.4630 acc 0.810 *
[efficientnet_b0 trial9] Epoch   5/100 | LR: 2.31e-05 | train loss 0.4435 acc 0.810 | val loss 0.4637 acc 0.807
[efficientnet_b0 trial9] Epoch   6/100 | LR: 2.31e-05 | train loss 0.3626 acc 0.830 | val loss 0.4352 acc 0.827 *
[efficientnet_b0 trial9] Epoch   7/100 | LR: 2.31e-05 | train loss 0.3667 acc 0.829 | val loss 0.4040 acc 0.839 *
[efficientnet_b0 trial9] Epoch   8/100 | LR: 2.31e-05 | train loss 0.3572 acc 0.832 | val loss 0.4093 acc 0.846
[efficientnet_b0 trial9] Epoch   9/100 | LR: 2.31e-05 | train loss 0.3357 acc 0.843 | val loss 0.3979 acc 0.841 *
[efficientnet_b0 trial9] Epoch  10/100 | LR: 2.31e-06 | train loss 0.3251 acc 0.848 | val loss 0.4186 acc 0.846
[efficientnet_b0 trial9] Epoch  11/100 | LR: 2.31e-06 | train loss 0.3458 acc 0.849 | val loss 0.4020 acc 0.844
[efficientnet_b0 trial9] Epoch  12/100 | LR: 2.31e-06 | train loss 0.3050 acc 0.865 | val loss 0.4033 acc 0.829
[efficientnet_b0 trial9] Epoch  13/100 | LR: 2.31e-06 | train loss 0.3266 acc 0.853 | val loss 0.4006 acc 0.851
[efficientnet_b0 trial9] Epoch  14/100 | LR: 2.31e-06 | train loss 0.2993 acc 0.853 | val loss 0.3953 acc 0.851 *
[efficientnet_b0 trial9] Epoch  15/100 | LR: 2.31e-07 | train loss 0.3168 acc 0.851 | val loss 0.4051 acc 0.861
[efficientnet_b0 trial9] Epoch  16/100 | LR: 2.31e-07 | train loss 0.3387 acc 0.843 | val loss 0.3978 acc 0.846
[efficientnet_b0 trial9] Epoch  17/100 | LR: 2.31e-07 | train loss 0.3126 acc 0.837 | val loss 0.3940 acc 0.846 *
[efficientnet_b0 trial9] Epoch  18/100 | LR: 2.31e-07 | train loss 0.3085 acc 0.854 | val loss 0.3956 acc 0.841
[efficientnet_b0 trial9] Epoch  19/100 | LR: 2.31e-07 | train loss 0.3542 acc 0.847 | val loss 0.3827 acc 0.846 *
[efficientnet_b0 trial9] Epoch  20/100 | LR: 2.31e-08 | train loss 0.3012 acc 0.857 | val loss 0.3914 acc 0.854
[efficientnet_b0 trial9] Epoch  21/100 | LR: 2.31e-08 | train loss 0.3213 acc 0.852 | val loss 0.3896 acc 0.837
[efficientnet_b0 trial9] Epoch  22/100 | LR: 2.31e-08 | train loss 0.3596 acc 0.849 | val loss 0.4347 acc 0.839
[efficientnet_b0 trial9] Epoch  23/100 | LR: 2.31e-08 | train loss 0.3149 acc 0.861 | val loss 0.3985 acc 0.844
[efficientnet_b0 trial9] Epoch  24/100 | LR: 2.31e-08 | train loss 0.3235 acc 0.848 | val loss 0.3814 acc 0.851 *
[efficientnet_b0 trial9] Epoch  25/100 | LR: 2.31e-09 | train loss 0.3309 acc 0.840 | val loss 0.3941 acc 0.849
[efficientnet_b0 trial9] Epoch  26/100 | LR: 2.31e-09 | train loss 0.3231 acc 0.845 | val loss 0.3818 acc 0.849
[efficientnet_b0 trial9] Epoch  27/100 | LR: 2.31e-09 | train loss 0.3177 acc 0.842 | val loss 0.3921 acc 0.841
[efficientnet_b0 trial9] Epoch  28/100 | LR: 2.31e-09 | train loss 0.3341 acc 0.843 | val loss 0.3882 acc 0.846
[efficientnet_b0 trial9] Epoch  29/100 | LR: 2.31e-09 | train loss 0.3361 acc 0.850 | val loss 0.3961 acc 0.851
[efficientnet_b0 trial9] Epoch  30/100 | LR: 2.31e-10 | train loss 0.3241 acc 0.855 | val loss 0.3947 acc 0.849
[efficientnet_b0 trial9] Epoch  31/100 | LR: 2.31e-10 | train loss 0.3333 acc 0.860 | val loss 0.3906 acc 0.837
[efficientnet_b0 trial9] Epoch  32/100 | LR: 2.31e-10 | train loss 0.3344 acc 0.853 | val loss 0.3957 acc 0.839
[efficientnet_b0 trial9] Epoch  33/100 | LR: 2.31e-10 | train loss 0.3090 acc 0.862 | val loss 0.3949 acc 0.849
[efficientnet_b0 trial9] Epoch  34/100 | LR: 2.31e-10 | train loss 0.3431 acc 0.841 | val loss 0.3846 acc 0.859

[efficientnet_b0 trial9] No val loss improvement for 10 epochs — stopping early at epoch 34.

[efficientnet_b0 trial9] Restored best checkpoint (val loss = 0.3814)
[11:10:52] [efficientnet_b0] trial 9 finished: best val_acc=0.8512 (at val_loss=0.3814)
[I 2026-09-22 11:10:52,111] Trial 9 finished with value: 0.8512195121951219 and parameters: {'hidden_layers': 3, 'neurons': 512, 'lr': 0.00023097861492693574, 'beta1': 0.8381046165592989, 'step_size': 5, 'batch_size': 96}. Best is trial 2 with value: 0.875609756097561.
[11:10:52] [efficientnet_b0] trial 10: H=2 N=1024 lr=2.33e-03 beta1=0.642 step_size=37 batch_size=48 (micro_batch=16, accum_steps=3)
[efficientnet_b0 trial10] Using gradient accumulation: 3 micro-batches per optimizer step (effective batch size ≈ micro_batch x 3).
[efficientnet_b0 trial10] Epoch   1/100 | LR: 2.33e-03 | train loss 1.2899 acc 0.465 | val loss 0.9867 acc 0.629 *
[efficientnet_b0 trial10] Epoch   2/100 | LR: 2.33e-03 | train loss 1.1178 acc 0.509 | val loss 1.1548 acc 0.583
[efficientnet_b0 trial10] Epoch   3/100 | LR: 2.33e-03 | train loss 1.1106 acc 0.527 | val loss 1.0257 acc 0.620
[efficientnet_b0 trial10] Epoch   4/100 | LR: 2.33e-03 | train loss 1.0247 acc 0.562 | val loss 0.6940 acc 0.683 *
[efficientnet_b0 trial10] Epoch   5/100 | LR: 2.33e-03 | train loss 0.8586 acc 0.637 | val loss 0.9833 acc 0.710
[I 2026-09-22 11:11:21,072] Trial 10 pruned. 
[11:11:21] [efficientnet_b0] trial 11: H=0 N=1024 lr=1.16e-04 beta1=0.690 step_size=18 batch_size=48 (micro_batch=16, accum_steps=3)
[efficientnet_b0 trial11] Using gradient accumulation: 3 micro-batches per optimizer step (effective batch size ≈ micro_batch x 3).
[efficientnet_b0 trial11] Epoch   1/100 | LR: 1.16e-04 | train loss 1.2046 acc 0.508 | val loss 0.9887 acc 0.646 *
[efficientnet_b0 trial11] Epoch   2/100 | LR: 1.16e-04 | train loss 0.8493 acc 0.648 | val loss 0.7001 acc 0.780 *
[efficientnet_b0 trial11] Epoch   3/100 | LR: 1.16e-04 | train loss 0.6712 acc 0.732 | val loss 0.5544 acc 0.771 *
[efficientnet_b0 trial11] Epoch   4/100 | LR: 1.16e-04 | train loss 0.5697 acc 0.765 | val loss 0.4828 acc 0.815 *
[efficientnet_b0 trial11] Epoch   5/100 | LR: 1.16e-04 | train loss 0.4718 acc 0.793 | val loss 0.4300 acc 0.841 *
[efficientnet_b0 trial11] Epoch   6/100 | LR: 1.16e-04 | train loss 0.4144 acc 0.822 | val loss 0.3593 acc 0.854 *
[efficientnet_b0 trial11] Epoch   7/100 | LR: 1.16e-04 | train loss 0.3605 acc 0.845 | val loss 0.3848 acc 0.851
[efficientnet_b0 trial11] Epoch   8/100 | LR: 1.16e-04 | train loss 0.3340 acc 0.846 | val loss 0.3639 acc 0.844
[efficientnet_b0 trial11] Epoch   9/100 | LR: 1.16e-04 | train loss 0.2932 acc 0.862 | val loss 0.3635 acc 0.851
[efficientnet_b0 trial11] Epoch  10/100 | LR: 1.16e-04 | train loss 0.3018 acc 0.872 | val loss 0.3743 acc 0.856
[efficientnet_b0 trial11] Epoch  11/100 | LR: 1.16e-04 | train loss 0.2690 acc 0.881 | val loss 0.3322 acc 0.873 *
[efficientnet_b0 trial11] Epoch  12/100 | LR: 1.16e-04 | train loss 0.2292 acc 0.889 | val loss 0.3534 acc 0.863
[efficientnet_b0 trial11] Epoch  13/100 | LR: 1.16e-04 | train loss 0.2399 acc 0.888 | val loss 0.3278 acc 0.876 *
[efficientnet_b0 trial11] Epoch  14/100 | LR: 1.16e-04 | train loss 0.2259 acc 0.901 | val loss 0.3566 acc 0.866
[efficientnet_b0 trial11] Epoch  15/100 | LR: 1.16e-04 | train loss 0.1747 acc 0.924 | val loss 0.3510 acc 0.863
[efficientnet_b0 trial11] Epoch  16/100 | LR: 1.16e-04 | train loss 0.2023 acc 0.903 | val loss 0.3407 acc 0.876
[efficientnet_b0 trial11] Epoch  17/100 | LR: 1.16e-04 | train loss 0.1775 acc 0.915 | val loss 0.3511 acc 0.871
[efficientnet_b0 trial11] Epoch  18/100 | LR: 1.16e-05 | train loss 0.1723 acc 0.934 | val loss 0.3188 acc 0.888 *
[efficientnet_b0 trial11] Epoch  19/100 | LR: 1.16e-05 | train loss 0.1385 acc 0.935 | val loss 0.3078 acc 0.895 *
[efficientnet_b0 trial11] Epoch  20/100 | LR: 1.16e-05 | train loss 0.1294 acc 0.940 | val loss 0.3047 acc 0.890 *
[efficientnet_b0 trial11] Epoch  21/100 | LR: 1.16e-05 | train loss 0.1362 acc 0.948 | val loss 0.3087 acc 0.885
[efficientnet_b0 trial11] Epoch  22/100 | LR: 1.16e-05 | train loss 0.1239 acc 0.943 | val loss 0.3153 acc 0.885
[efficientnet_b0 trial11] Epoch  23/100 | LR: 1.16e-05 | train loss 0.1245 acc 0.943 | val loss 0.3134 acc 0.885
[efficientnet_b0 trial11] Epoch  24/100 | LR: 1.16e-05 | train loss 0.1239 acc 0.948 | val loss 0.3266 acc 0.873
[efficientnet_b0 trial11] Epoch  25/100 | LR: 1.16e-05 | train loss 0.1169 acc 0.943 | val loss 0.3036 acc 0.885 *
[efficientnet_b0 trial11] Epoch  26/100 | LR: 1.16e-05 | train loss 0.1172 acc 0.947 | val loss 0.3288 acc 0.873
[efficientnet_b0 trial11] Epoch  27/100 | LR: 1.16e-05 | train loss 0.1229 acc 0.942 | val loss 0.3296 acc 0.876
[efficientnet_b0 trial11] Epoch  28/100 | LR: 1.16e-05 | train loss 0.1155 acc 0.956 | val loss 0.3415 acc 0.876
[efficientnet_b0 trial11] Epoch  29/100 | LR: 1.16e-05 | train loss 0.1286 acc 0.949 | val loss 0.3396 acc 0.876
[efficientnet_b0 trial11] Epoch  30/100 | LR: 1.16e-05 | train loss 0.1094 acc 0.952 | val loss 0.3343 acc 0.885
[efficientnet_b0 trial11] Epoch  31/100 | LR: 1.16e-05 | train loss 0.1167 acc 0.944 | val loss 0.3181 acc 0.890
[efficientnet_b0 trial11] Epoch  32/100 | LR: 1.16e-05 | train loss 0.1192 acc 0.949 | val loss 0.3095 acc 0.878
[efficientnet_b0 trial11] Epoch  33/100 | LR: 1.16e-05 | train loss 0.1142 acc 0.944 | val loss 0.3042 acc 0.885
[efficientnet_b0 trial11] Epoch  34/100 | LR: 1.16e-05 | train loss 0.1242 acc 0.947 | val loss 0.3198 acc 0.883
[efficientnet_b0 trial11] Epoch  35/100 | LR: 1.16e-05 | train loss 0.1031 acc 0.950 | val loss 0.3071 acc 0.876

[efficientnet_b0 trial11] No val loss improvement for 10 epochs — stopping early at epoch 35.

[efficientnet_b0 trial11] Restored best checkpoint (val loss = 0.3036)
[11:14:39] [efficientnet_b0] trial 11 finished: best val_acc=0.8854 (at val_loss=0.3036)
[I 2026-09-22 11:14:39,193] Trial 11 finished with value: 0.8853658536585366 and parameters: {'hidden_layers': 0, 'neurons': 1024, 'lr': 0.00011550110506410747, 'beta1': 0.6897661871656535, 'step_size': 18, 'batch_size': 48}. Best is trial 11 with value: 0.8853658536585366.
[11:14:39] [efficientnet_b0] trial 12: H=0 N=1024 lr=2.30e-06 beta1=0.556 step_size=18 batch_size=48 (micro_batch=16, accum_steps=3)
[efficientnet_b0 trial12] Using gradient accumulation: 3 micro-batches per optimizer step (effective batch size ≈ micro_batch x 3).
[efficientnet_b0 trial12] Epoch   1/100 | LR: 2.30e-06 | train loss 1.3960 acc 0.236 | val loss 1.4046 acc 0.239 *
[efficientnet_b0 trial12] Epoch   2/100 | LR: 2.30e-06 | train loss 1.3869 acc 0.236 | val loss 1.4020 acc 0.239 *
[efficientnet_b0 trial12] Epoch   3/100 | LR: 2.30e-06 | train loss 1.3809 acc 0.258 | val loss 1.3779 acc 0.302 *
[efficientnet_b0 trial12] Epoch   4/100 | LR: 2.30e-06 | train loss 1.3732 acc 0.270 | val loss 1.3854 acc 0.271
[efficientnet_b0 trial12] Epoch   5/100 | LR: 2.30e-06 | train loss 1.3661 acc 0.283 | val loss 1.3784 acc 0.293
[I 2026-09-22 11:15:07,831] Trial 12 pruned. 
[11:15:07] [efficientnet_b0] trial 13: H=2 N=1024 lr=2.96e-04 beta1=0.815 step_size=20 batch_size=48 (micro_batch=16, accum_steps=3)
[efficientnet_b0 trial13] Using gradient accumulation: 3 micro-batches per optimizer step (effective batch size ≈ micro_batch x 3).
[efficientnet_b0 trial13] Epoch   1/100 | LR: 2.96e-04 | train loss 1.0931 acc 0.531 | val loss 0.6691 acc 0.751 *
[efficientnet_b0 trial13] Epoch   2/100 | LR: 2.96e-04 | train loss 0.6987 acc 0.706 | val loss 0.5859 acc 0.741 *
[efficientnet_b0 trial13] Epoch   3/100 | LR: 2.96e-04 | train loss 0.5582 acc 0.771 | val loss 0.5115 acc 0.807 *
[efficientnet_b0 trial13] Epoch   4/100 | LR: 2.96e-04 | train loss 0.4874 acc 0.797 | val loss 0.5001 acc 0.805 *
[efficientnet_b0 trial13] Epoch   5/100 | LR: 2.96e-04 | train loss 0.4161 acc 0.815 | val loss 0.5272 acc 0.820
[efficientnet_b0 trial13] Epoch   6/100 | LR: 2.96e-04 | train loss 0.3391 acc 0.846 | val loss 0.3320 acc 0.859 *
[efficientnet_b0 trial13] Epoch   7/100 | LR: 2.96e-04 | train loss 0.3067 acc 0.876 | val loss 0.4697 acc 0.824
[efficientnet_b0 trial13] Epoch   8/100 | LR: 2.96e-04 | train loss 0.2623 acc 0.880 | val loss 0.3562 acc 0.880
[efficientnet_b0 trial13] Epoch   9/100 | LR: 2.96e-04 | train loss 0.2951 acc 0.879 | val loss 0.3342 acc 0.880
[efficientnet_b0 trial13] Epoch  10/100 | LR: 2.96e-04 | train loss 0.2384 acc 0.895 | val loss 0.4010 acc 0.856
[efficientnet_b0 trial13] Epoch  11/100 | LR: 2.96e-04 | train loss 0.2698 acc 0.879 | val loss 0.4666 acc 0.844
[efficientnet_b0 trial13] Epoch  12/100 | LR: 2.96e-04 | train loss 0.2602 acc 0.899 | val loss 0.3724 acc 0.846
[efficientnet_b0 trial13] Epoch  13/100 | LR: 2.96e-04 | train loss 0.2640 acc 0.893 | val loss 0.3971 acc 0.866
[efficientnet_b0 trial13] Epoch  14/100 | LR: 2.96e-04 | train loss 0.1799 acc 0.917 | val loss 0.3585 acc 0.895
[efficientnet_b0 trial13] Epoch  15/100 | LR: 2.96e-04 | train loss 0.1468 acc 0.934 | val loss 0.4396 acc 0.866
[efficientnet_b0 trial13] Epoch  16/100 | LR: 2.96e-04 | train loss 0.1456 acc 0.939 | val loss 0.7295 acc 0.785

[efficientnet_b0 trial13] No val loss improvement for 10 epochs — stopping early at epoch 16.

[efficientnet_b0 trial13] Restored best checkpoint (val loss = 0.3320)
[11:16:39] [efficientnet_b0] trial 13 finished: best val_acc=0.8585 (at val_loss=0.3320)
[I 2026-09-22 11:16:39,757] Trial 13 finished with value: 0.8585365853658536 and parameters: {'hidden_layers': 2, 'neurons': 1024, 'lr': 0.00029600752029361043, 'beta1': 0.8145202239338036, 'step_size': 20, 'batch_size': 48}. Best is trial 11 with value: 0.8853658536585366.
[11:16:39] [efficientnet_b0] trial 14: H=0 N=1024 lr=6.36e-04 beta1=0.711 step_size=18 batch_size=48 (micro_batch=16, accum_steps=3)
[efficientnet_b0 trial14] Using gradient accumulation: 3 micro-batches per optimizer step (effective batch size ≈ micro_batch x 3).
[efficientnet_b0 trial14] Epoch   1/100 | LR: 6.36e-04 | train loss 0.9234 acc 0.578 | val loss 0.6846 acc 0.710 *
[efficientnet_b0 trial14] Epoch   2/100 | LR: 6.36e-04 | train loss 0.6423 acc 0.728 | val loss 0.6100 acc 0.756 *
[efficientnet_b0 trial14] Epoch   3/100 | LR: 6.36e-04 | train loss 0.4980 acc 0.800 | val loss 0.4833 acc 0.822 *
[efficientnet_b0 trial14] Epoch   4/100 | LR: 6.36e-04 | train loss 0.4400 acc 0.817 | val loss 0.4590 acc 0.849 *
[efficientnet_b0 trial14] Epoch   5/100 | LR: 6.36e-04 | train loss 0.3572 acc 0.847 | val loss 0.4509 acc 0.820 *
[efficientnet_b0 trial14] Epoch   6/100 | LR: 6.36e-04 | train loss 0.3424 acc 0.848 | val loss 0.4444 acc 0.827 *
[efficientnet_b0 trial14] Epoch   7/100 | LR: 6.36e-04 | train loss 0.3192 acc 0.862 | val loss 0.4749 acc 0.839
[efficientnet_b0 trial14] Epoch   8/100 | LR: 6.36e-04 | train loss 0.3469 acc 0.868 | val loss 0.4046 acc 0.822 *
[efficientnet_b0 trial14] Epoch   9/100 | LR: 6.36e-04 | train loss 0.2943 acc 0.868 | val loss 0.3674 acc 0.863 *
[efficientnet_b0 trial14] Epoch  10/100 | LR: 6.36e-04 | train loss 0.2710 acc 0.881 | val loss 0.4228 acc 0.851
[efficientnet_b0 trial14] Epoch  11/100 | LR: 6.36e-04 | train loss 0.1753 acc 0.923 | val loss 0.4823 acc 0.827
[efficientnet_b0 trial14] Epoch  12/100 | LR: 6.36e-04 | train loss 0.2111 acc 0.900 | val loss 0.3905 acc 0.880
[efficientnet_b0 trial14] Epoch  13/100 | LR: 6.36e-04 | train loss 0.1938 acc 0.910 | val loss 0.4089 acc 0.861
[efficientnet_b0 trial14] Epoch  14/100 | LR: 6.36e-04 | train loss 0.1849 acc 0.922 | val loss 0.4098 acc 0.846
[efficientnet_b0 trial14] Epoch  15/100 | LR: 6.36e-04 | train loss 0.1755 acc 0.928 | val loss 0.5854 acc 0.829
[efficientnet_b0 trial14] Epoch  16/100 | LR: 6.36e-04 | train loss 0.2134 acc 0.918 | val loss 0.3884 acc 0.866
[efficientnet_b0 trial14] Epoch  17/100 | LR: 6.36e-04 | train loss 0.1330 acc 0.947 | val loss 0.3703 acc 0.888
[efficientnet_b0 trial14] Epoch  18/100 | LR: 6.36e-05 | train loss 0.1539 acc 0.934 | val loss 0.4707 acc 0.854
[efficientnet_b0 trial14] Epoch  19/100 | LR: 6.36e-05 | train loss 0.1233 acc 0.944 | val loss 0.3626 acc 0.885 *
[efficientnet_b0 trial14] Epoch  20/100 | LR: 6.36e-05 | train loss 0.1064 acc 0.957 | val loss 0.3211 acc 0.895 *
[efficientnet_b0 trial14] Epoch  21/100 | LR: 6.36e-05 | train loss 0.0918 acc 0.962 | val loss 0.3568 acc 0.883
[efficientnet_b0 trial14] Epoch  22/100 | LR: 6.36e-05 | train loss 0.0712 acc 0.967 | val loss 0.3638 acc 0.888
[efficientnet_b0 trial14] Epoch  23/100 | LR: 6.36e-05 | train loss 0.0651 acc 0.971 | val loss 0.4010 acc 0.880
[efficientnet_b0 trial14] Epoch  24/100 | LR: 6.36e-05 | train loss 0.0562 acc 0.976 | val loss 0.3555 acc 0.890
[efficientnet_b0 trial14] Epoch  25/100 | LR: 6.36e-05 | train loss 0.0558 acc 0.976 | val loss 0.3512 acc 0.893
[efficientnet_b0 trial14] Epoch  26/100 | LR: 6.36e-05 | train loss 0.0544 acc 0.981 | val loss 0.3736 acc 0.893
[efficientnet_b0 trial14] Epoch  27/100 | LR: 6.36e-05 | train loss 0.0533 acc 0.977 | val loss 0.3586 acc 0.890
[efficientnet_b0 trial14] Epoch  28/100 | LR: 6.36e-05 | train loss 0.0637 acc 0.976 | val loss 0.3852 acc 0.880
[efficientnet_b0 trial14] Epoch  29/100 | LR: 6.36e-05 | train loss 0.0530 acc 0.975 | val loss 0.3491 acc 0.900
[efficientnet_b0 trial14] Epoch  30/100 | LR: 6.36e-05 | train loss 0.0531 acc 0.975 | val loss 0.3788 acc 0.890

[efficientnet_b0 trial14] No val loss improvement for 10 epochs — stopping early at epoch 30.

[efficientnet_b0 trial14] Restored best checkpoint (val loss = 0.3211)
[11:19:30] [efficientnet_b0] trial 14 finished: best val_acc=0.8951 (at val_loss=0.3211)
[I 2026-09-22 11:19:30,484] Trial 14 finished with value: 0.8951219512195122 and parameters: {'hidden_layers': 0, 'neurons': 1024, 'lr': 0.0006362425507056167, 'beta1': 0.7112807710226824, 'step_size': 18, 'batch_size': 48}. Best is trial 14 with value: 0.8951219512195122.
[11:19:30] [efficientnet_b0] trial 15: H=0 N=1024 lr=4.38e-04 beta1=0.834 step_size=30 batch_size=48 (micro_batch=16, accum_steps=3)
[efficientnet_b0 trial15] Using gradient accumulation: 3 micro-batches per optimizer step (effective batch size ≈ micro_batch x 3).
[efficientnet_b0 trial15] Epoch   1/100 | LR: 4.38e-04 | train loss 1.0019 acc 0.547 | val loss 0.5287 acc 0.785 *
[efficientnet_b0 trial15] Epoch   2/100 | LR: 4.38e-04 | train loss 0.6208 acc 0.739 | val loss 0.4556 acc 0.839 *
[efficientnet_b0 trial15] Epoch   3/100 | LR: 4.38e-04 | train loss 0.5239 acc 0.788 | val loss 0.3529 acc 0.841 *
[efficientnet_b0 trial15] Epoch   4/100 | LR: 4.38e-04 | train loss 0.4161 acc 0.810 | val loss 0.3397 acc 0.854 *
[W 2026-09-22 11:19:57,646] Trial 15 failed with parameters: {'hidden_layers': 0, 'neurons': 1024, 'lr': 0.0004375169409338613, 'beta1': 0.8340112134740225, 'step_size': 30, 'batch_size': 48} because of the following error: AcceleratorError("CUDA error: the launch timed out and was terminated\nSearch for `cudaErrorLaunchTimeout' in https://docs.nvidia.com/cuda/cuda-runtime-api/group__CUDART__TYPES.html for more information.\nFor more detailed error information, run with CUDA_LOG_FILE=stderr\n").
Traceback (most recent call last):
  File "/home/janes/Repos/Skripsie/CNN/tune.py", line 178, in objective
    train_model(
    ~~~~~~~~~~~^
        model, train_loader_arch, val_loader_arch, optimizer, scheduler,
        ^^^^^^^^^^^^^^^^^^^^^^^^^^^^^^^^^^^^^^^^^^^^^^^^^^^^^^^^^^^^^^^^
    ...<2 lines>...
        epoch_callback=epoch_cb,
        ^^^^^^^^^^^^^^^^^^^^^^^^
    )
    ^
  File "/home/janes/Repos/Skripsie/CNN/wwtw_utils.py", line 423, in train_model
    train_loss, train_acc = run_epoch(model, train_loader, optimizer, criterion, True,
                            ~~~~~~~~~^^^^^^^^^^^^^^^^^^^^^^^^^^^^^^^^^^^^^^^^^^^^^^^^^
                                       is_inception, accum_steps, scaler)
                                       ^^^^^^^^^^^^^^^^^^^^^^^^^^^^^^^^^^
  File "/home/janes/Repos/Skripsie/CNN/wwtw_utils.py", line 358, in run_epoch
    scaler.scale(scaled_loss).backward()
    ~~~~~~~~~~~~~~~~~~~~~~~~~~~~~~~~~~^^
  File "/home/janes/Repos/Skripsie/.venv/lib/python3.14/site-packages/torch/_tensor.py", line 623, in backward
    torch.autograd.backward(
    ~~~~~~~~~~~~~~~~~~~~~~~^
        self, gradient, retain_graph, create_graph, inputs=inputs
        ^^^^^^^^^^^^^^^^^^^^^^^^^^^^^^^^^^^^^^^^^^^^^^^^^^^^^^^^^
    )
    ^
  File "/home/janes/Repos/Skripsie/.venv/lib/python3.14/site-packages/torch/autograd/__init__.py", line 395, in backward
    _engine_run_backward(
    ~~~~~~~~~~~~~~~~~~~~^
        tensors,
        ^^^^^^^^
    ...<5 lines>...
        accumulate_grad=True,
        ^^^^^^^^^^^^^^^^^^^^^
    )
    ^
  File "/home/janes/Repos/Skripsie/.venv/lib/python3.14/site-packages/torch/autograd/graph.py", line 979, in _engine_run_backward
    return Variable._execution_engine.run_backward(  # Calls into the C++ engine to run the backward pass
           ~~~~~~~~~~~~~~~~~~~~~~~~~~~~~~~~~~~~~~~^^^^^^^^^^^^^^^^^^^^^^^^^^^^^^^^^^^^^^^^^^^^^^^^^^^^^^^
        t_outputs, *args, **kwargs
        ^^^^^^^^^^^^^^^^^^^^^^^^^^
    )  # Calls into the C++ engine to run the backward pass
    ^
RuntimeError: cuDNN error: CUDNN_STATUS_EXECUTION_FAILED_CUDART

During handling of the above exception, another exception occurred:

Traceback (most recent call last):
  File "/home/janes/Repos/Skripsie/.venv/lib/python3.14/site-packages/optuna/study/_optimize.py", line 206, in _run_trial
    value_or_values = func(trial)
  File "/home/janes/Repos/Skripsie/CNN/tune.py", line 189, in objective
    torch.cuda.empty_cache()
    ~~~~~~~~~~~~~~~~~~~~~~^^
  File "/home/janes/Repos/Skripsie/.venv/lib/python3.14/site-packages/torch/cuda/memory.py", line 228, in empty_cache
    torch._C._cuda_emptyCache()
    ~~~~~~~~~~~~~~~~~~~~~~~~~^^
torch.AcceleratorError: CUDA error: the launch timed out and was terminated
Search for `cudaErrorLaunchTimeout' in https://docs.nvidia.com/cuda/cuda-runtime-api/group__CUDART__TYPES.html for more information.
For more detailed error information, run with CUDA_LOG_FILE=stderr

[W 2026-09-22 11:19:57,650] Trial 15 failed with value None.
Traceback (most recent call last):
  File "/home/janes/Repos/Skripsie/CNN/tune.py", line 178, in objective
    train_model(
    ~~~~~~~~~~~^
        model, train_loader_arch, val_loader_arch, optimizer, scheduler,
        ^^^^^^^^^^^^^^^^^^^^^^^^^^^^^^^^^^^^^^^^^^^^^^^^^^^^^^^^^^^^^^^^
    ...<2 lines>...
        epoch_callback=epoch_cb,
        ^^^^^^^^^^^^^^^^^^^^^^^^
    )
    ^
  File "/home/janes/Repos/Skripsie/CNN/wwtw_utils.py", line 423, in train_model
    train_loss, train_acc = run_epoch(model, train_loader, optimizer, criterion, True,
                            ~~~~~~~~~^^^^^^^^^^^^^^^^^^^^^^^^^^^^^^^^^^^^^^^^^^^^^^^^^
                                       is_inception, accum_steps, scaler)
                                       ^^^^^^^^^^^^^^^^^^^^^^^^^^^^^^^^^^
  File "/home/janes/Repos/Skripsie/CNN/wwtw_utils.py", line 358, in run_epoch
    scaler.scale(scaled_loss).backward()
    ~~~~~~~~~~~~~~~~~~~~~~~~~~~~~~~~~~^^
  File "/home/janes/Repos/Skripsie/.venv/lib/python3.14/site-packages/torch/_tensor.py", line 623, in backward
    torch.autograd.backward(
    ~~~~~~~~~~~~~~~~~~~~~~~^
        self, gradient, retain_graph, create_graph, inputs=inputs
        ^^^^^^^^^^^^^^^^^^^^^^^^^^^^^^^^^^^^^^^^^^^^^^^^^^^^^^^^^
    )
    ^
  File "/home/janes/Repos/Skripsie/.venv/lib/python3.14/site-packages/torch/autograd/__init__.py", line 395, in backward
    _engine_run_backward(
    ~~~~~~~~~~~~~~~~~~~~^
        tensors,
        ^^^^^^^^
    ...<5 lines>...
        accumulate_grad=True,
        ^^^^^^^^^^^^^^^^^^^^^
    )
    ^
  File "/home/janes/Repos/Skripsie/.venv/lib/python3.14/site-packages/torch/autograd/graph.py", line 979, in _engine_run_backward
    return Variable._execution_engine.run_backward(  # Calls into the C++ engine to run the backward pass
           ~~~~~~~~~~~~~~~~~~~~~~~~~~~~~~~~~~~~~~~^^^^^^^^^^^^^^^^^^^^^^^^^^^^^^^^^^^^^^^^^^^^^^^^^^^^^^^
        t_outputs, *args, **kwargs
        ^^^^^^^^^^^^^^^^^^^^^^^^^^
    )  # Calls into the C++ engine to run the backward pass
    ^
RuntimeError: cuDNN error: CUDNN_STATUS_EXECUTION_FAILED_CUDART

During handling of the above exception, another exception occurred:

Traceback (most recent call last):
  File "/home/janes/Repos/Skripsie/CNN/tune.py", line 256, in <module>
    main()
    ~~~~^^
  File "/home/janes/Repos/Skripsie/CNN/tune.py", line 250, in main
    tune_architecture(arch, args.n_trials)
    ~~~~~~~~~~~~~~~~~^^^^^^^^^^^^^^^^^^^^^
  File "/home/janes/Repos/Skripsie/CNN/tune.py", line 213, in tune_architecture
    study.optimize(make_objective(arch), n_trials=n_trials)
    ~~~~~~~~~~~~~~^^^^^^^^^^^^^^^^^^^^^^^^^^^^^^^^^^^^^^^^^
  File "/home/janes/Repos/Skripsie/.venv/lib/python3.14/site-packages/optuna/study/study.py", line 502, in optimize
    _optimize(
    ~~~~~~~~~^
        study=self,
        ^^^^^^^^^^^
    ...<7 lines>...
        show_progress_bar=show_progress_bar,
        ^^^^^^^^^^^^^^^^^^^^^^^^^^^^^^^^^^^^
    )
    ^
  File "/home/janes/Repos/Skripsie/.venv/lib/python3.14/site-packages/optuna/study/_optimize.py", line 68, in _optimize
    _optimize_sequential(
    ~~~~~~~~~~~~~~~~~~~~^
        study,
        ^^^^^^
    ...<8 lines>...
        progress_bar=progress_bar,
        ^^^^^^^^^^^^^^^^^^^^^^^^^^
    )
    ^
  File "/home/janes/Repos/Skripsie/.venv/lib/python3.14/site-packages/optuna/study/_optimize.py", line 165, in _optimize_sequential
    frozen_trial_id = _run_trial(study, func, catch)
  File "/home/janes/Repos/Skripsie/.venv/lib/python3.14/site-packages/optuna/study/_optimize.py", line 263, in _run_trial
    raise func_err
  File "/home/janes/Repos/Skripsie/.venv/lib/python3.14/site-packages/optuna/study/_optimize.py", line 206, in _run_trial
    value_or_values = func(trial)
  File "/home/janes/Repos/Skripsie/CNN/tune.py", line 189, in objective
    torch.cuda.empty_cache()
    ~~~~~~~~~~~~~~~~~~~~~~^^
  File "/home/janes/Repos/Skripsie/.venv/lib/python3.14/site-packages/torch/cuda/memory.py", line 228, in empty_cache
    torch._C._cuda_emptyCache()
    ~~~~~~~~~~~~~~~~~~~~~~~~~^^
torch.AcceleratorError: CUDA error: the launch timed out and was terminated
Search for `cudaErrorLaunchTimeout' in https://docs.nvidia.com/cuda/cuda-runtime-api/group__CUDART__TYPES.html for more information.
For more detailed error information, run with CUDA_LOG_FILE=stderr

[11:22:22] === run_tuning_with_retries: attempt 1/50 ===
Using device: cuda
Test set ID (derived from DATASET_ROOT): NoordelikeWerke
Classes found (4): ['Dysfunctional', 'Empty', 'Functional', 'Scum']
Train: 1692 | Val: 410 | Test: 405
[11:22:23] Dataset root: ../cnn_dataset_split_facility_test-NoordelikeWerke  Component: clarifier
[11:22:23] Architectures to tune (6): ['resnet18', 'efficientnet_b0', 'densenet121', 'resnet50', 'convnext_tiny', 'inception_v3']
[11:22:23] Trials per architecture: 20
[11:22:23] [resnet18] already has a saved result in tuned_hyperparams.json (val_acc=0.8927) -- skipping.
[I 2026-09-22 11:22:24,314] A new study created in RDB with name: efficientnet_b0_tune
[11:22:24] === efficientnet_b0: 0/20 trials already recorded, 20 remaining, img_size=(224, 224) ===
[11:22:24] [efficientnet_b0] trial 0: H=1 N=512 lr=2.92e-03 beta1=0.800 step_size=30 batch_size=16 (micro_batch=16, accum_steps=1)
Using device: cuda
Test set ID (derived from DATASET_ROOT): NoordelikeWerke
Classes found (4): ['Dysfunctional', 'Empty', 'Functional', 'Scum']
Train: 1692 | Val: 410 | Test: 405
[efficientnet_b0 trial0] Epoch   1/100 | LR: 2.92e-03 | train loss 1.3145 acc 0.400 | val loss 1.0830 acc 0.459 *
[efficientnet_b0 trial0] Epoch   2/100 | LR: 2.92e-03 | train loss 1.1345 acc 0.440 | val loss 1.3204 acc 0.366
[efficientnet_b0 trial0] Epoch   3/100 | LR: 2.92e-03 | train loss 1.1485 acc 0.472 | val loss 0.9776 acc 0.554 *
[efficientnet_b0 trial0] Epoch   4/100 | LR: 2.92e-03 | train loss 1.0594 acc 0.509 | val loss 1.4155 acc 0.417
[efficientnet_b0 trial0] Epoch   5/100 | LR: 2.92e-03 | train loss 1.0120 acc 0.537 | val loss 0.7914 acc 0.717 *
[efficientnet_b0 trial0] Epoch   6/100 | LR: 2.92e-03 | train loss 0.8312 acc 0.645 | val loss 1.0146 acc 0.566
[efficientnet_b0 trial0] Epoch   7/100 | LR: 2.92e-03 | train loss 0.8275 acc 0.656 | val loss 0.9398 acc 0.598
[efficientnet_b0 trial0] Epoch   8/100 | LR: 2.92e-03 | train loss 0.8320 acc 0.634 | val loss 0.6674 acc 0.741 *
[efficientnet_b0 trial0] Epoch   9/100 | LR: 2.92e-03 | train loss 0.7864 acc 0.684 | val loss 0.5887 acc 0.783 *
[efficientnet_b0 trial0] Epoch  10/100 | LR: 2.92e-03 | train loss 0.7094 acc 0.700 | val loss 1.0668 acc 0.546
[efficientnet_b0 trial0] Epoch  11/100 | LR: 2.92e-03 | train loss 0.7064 acc 0.719 | val loss 0.6395 acc 0.780
[efficientnet_b0 trial0] Epoch  12/100 | LR: 2.92e-03 | train loss 0.6974 acc 0.711 | val loss 0.5951 acc 0.771
[efficientnet_b0 trial0] Epoch  13/100 | LR: 2.92e-03 | train loss 0.6822 acc 0.729 | val loss 0.4948 acc 0.815 *
[efficientnet_b0 trial0] Epoch  14/100 | LR: 2.92e-03 | train loss 0.6226 acc 0.723 | val loss 0.7192 acc 0.705
[efficientnet_b0 trial0] Epoch  15/100 | LR: 2.92e-03 | train loss 0.6520 acc 0.729 | val loss 0.6144 acc 0.727
[efficientnet_b0 trial0] Epoch  16/100 | LR: 2.92e-03 | train loss 0.6311 acc 0.745 | val loss 0.5155 acc 0.802
[efficientnet_b0 trial0] Epoch  17/100 | LR: 2.92e-03 | train loss 0.5749 acc 0.768 | val loss 0.4798 acc 0.817 *
[efficientnet_b0 trial0] Epoch  18/100 | LR: 2.92e-03 | train loss 0.5812 acc 0.764 | val loss 0.5628 acc 0.805
[efficientnet_b0 trial0] Epoch  19/100 | LR: 2.92e-03 | train loss 0.5994 acc 0.761 | val loss 0.6513 acc 0.761
[efficientnet_b0 trial0] Epoch  20/100 | LR: 2.92e-03 | train loss 0.6710 acc 0.728 | val loss 0.5454 acc 0.780
[efficientnet_b0 trial0] Epoch  21/100 | LR: 2.92e-03 | train loss 0.5611 acc 0.755 | val loss 0.5327 acc 0.827
[efficientnet_b0 trial0] Epoch  22/100 | LR: 2.92e-03 | train loss 0.5622 acc 0.775 | val loss 0.5306 acc 0.773
[efficientnet_b0 trial0] Epoch  23/100 | LR: 2.92e-03 | train loss 0.5953 acc 0.758 | val loss 1.9920 acc 0.254
[efficientnet_b0 trial0] Epoch  24/100 | LR: 2.92e-03 | train loss 0.5951 acc 0.761 | val loss 0.5230 acc 0.790
[efficientnet_b0 trial0] Epoch  25/100 | LR: 2.92e-03 | train loss 0.5343 acc 0.767 | val loss 0.5725 acc 0.780
[efficientnet_b0 trial0] Epoch  26/100 | LR: 2.92e-03 | train loss 0.5571 acc 0.760 | val loss 0.6520 acc 0.746
[efficientnet_b0 trial0] Epoch  27/100 | LR: 2.92e-03 | train loss 0.6063 acc 0.765 | val loss 0.5341 acc 0.759

[efficientnet_b0 trial0] No val loss improvement for 10 epochs — stopping early at epoch 27.

[efficientnet_b0 trial0] Restored best checkpoint (val loss = 0.4798)
[11:25:06] [efficientnet_b0] trial 0 finished: best val_acc=0.8171 (at val_loss=0.4798)
[I 2026-09-22 11:25:06,456] Trial 0 finished with value: 0.8170731707317073 and parameters: {'hidden_layers': 1, 'neurons': 512, 'lr': 0.0029154431891537554, 'beta1': 0.7999563908598613, 'step_size': 30, 'batch_size': 16}. Best is trial 0 with value: 0.8170731707317073.
[11:25:06] [efficientnet_b0] trial 1: H=2 N=2048 lr=1.38e-03 beta1=0.600 step_size=23 batch_size=96 (micro_batch=16, accum_steps=6)
[efficientnet_b0 trial1] Using gradient accumulation: 6 micro-batches per optimizer step (effective batch size ≈ micro_batch x 6).
[efficientnet_b0 trial1] Epoch   1/100 | LR: 1.38e-03 | train loss 1.2035 acc 0.421 | val loss 0.9360 acc 0.598 *
[efficientnet_b0 trial1] Epoch   2/100 | LR: 1.38e-03 | train loss 0.9294 acc 0.617 | val loss 0.9649 acc 0.602
[efficientnet_b0 trial1] Epoch   3/100 | LR: 1.38e-03 | train loss 0.7202 acc 0.684 | val loss 0.5604 acc 0.785 *
[efficientnet_b0 trial1] Epoch   4/100 | LR: 1.38e-03 | train loss 0.6568 acc 0.728 | val loss 0.6158 acc 0.778
[efficientnet_b0 trial1] Epoch   5/100 | LR: 1.38e-03 | train loss 0.6322 acc 0.770 | val loss 0.4606 acc 0.849 *
[efficientnet_b0 trial1] Epoch   6/100 | LR: 1.38e-03 | train loss 0.5887 acc 0.780 | val loss 0.3799 acc 0.846 *
[efficientnet_b0 trial1] Epoch   7/100 | LR: 1.38e-03 | train loss 0.5222 acc 0.804 | val loss 0.4283 acc 0.832
[efficientnet_b0 trial1] Epoch   8/100 | LR: 1.38e-03 | train loss 0.5574 acc 0.801 | val loss 0.6301 acc 0.780
[efficientnet_b0 trial1] Epoch   9/100 | LR: 1.38e-03 | train loss 0.4532 acc 0.817 | val loss 0.4261 acc 0.837
[efficientnet_b0 trial1] Epoch  10/100 | LR: 1.38e-03 | train loss 0.4115 acc 0.835 | val loss 0.5689 acc 0.795
[efficientnet_b0 trial1] Epoch  11/100 | LR: 1.38e-03 | train loss 0.3985 acc 0.836 | val loss 0.4210 acc 0.849
[efficientnet_b0 trial1] Epoch  12/100 | LR: 1.38e-03 | train loss 0.3774 acc 0.841 | val loss 0.4081 acc 0.839
[efficientnet_b0 trial1] Epoch  13/100 | LR: 1.38e-03 | train loss 0.3350 acc 0.866 | val loss 0.3384 acc 0.863 *
[efficientnet_b0 trial1] Epoch  14/100 | LR: 1.38e-03 | train loss 0.2821 acc 0.884 | val loss 0.3897 acc 0.861
[efficientnet_b0 trial1] Epoch  15/100 | LR: 1.38e-03 | train loss 0.3632 acc 0.858 | val loss 0.3453 acc 0.878
[efficientnet_b0 trial1] Epoch  16/100 | LR: 1.38e-03 | train loss 0.2922 acc 0.879 | val loss 0.4550 acc 0.839
[efficientnet_b0 trial1] Epoch  17/100 | LR: 1.38e-03 | train loss 0.3674 acc 0.854 | val loss 0.4256 acc 0.849
[efficientnet_b0 trial1] Epoch  18/100 | LR: 1.38e-03 | train loss 0.3609 acc 0.872 | val loss 0.4207 acc 0.856
[efficientnet_b0 trial1] Epoch  19/100 | LR: 1.38e-03 | train loss 0.2615 acc 0.892 | val loss 0.5968 acc 0.824
[efficientnet_b0 trial1] Epoch  20/100 | LR: 1.38e-03 | train loss 0.3183 acc 0.891 | val loss 1.4302 acc 0.649
[efficientnet_b0 trial1] Epoch  21/100 | LR: 1.38e-03 | train loss 0.3032 acc 0.878 | val loss 0.4229 acc 0.827
[efficientnet_b0 trial1] Epoch  22/100 | LR: 1.38e-03 | train loss 0.2177 acc 0.908 | val loss 0.5334 acc 0.829
[efficientnet_b0 trial1] Epoch  23/100 | LR: 1.38e-04 | train loss 0.2268 acc 0.899 | val loss 0.4184 acc 0.861

[efficientnet_b0 trial1] No val loss improvement for 10 epochs — stopping early at epoch 23.

[efficientnet_b0 trial1] Restored best checkpoint (val loss = 0.3384)
[11:27:17] [efficientnet_b0] trial 1 finished: best val_acc=0.8634 (at val_loss=0.3384)
[I 2026-09-22 11:27:18,007] Trial 1 finished with value: 0.8634146341463415 and parameters: {'hidden_layers': 2, 'neurons': 2048, 'lr': 0.0013826232179369874, 'beta1': 0.5996372172970215, 'step_size': 23, 'batch_size': 96}. Best is trial 1 with value: 0.8634146341463415.
[11:27:18] [efficientnet_b0] trial 2: H=2 N=1024 lr=4.34e-03 beta1=0.629 step_size=28 batch_size=48 (micro_batch=16, accum_steps=3)
[efficientnet_b0 trial2] Using gradient accumulation: 3 micro-batches per optimizer step (effective batch size ≈ micro_batch x 3).
[efficientnet_b0 trial2] Epoch   1/100 | LR: 4.34e-03 | train loss 1.5009 acc 0.381 | val loss 1.2942 acc 0.200 *
[efficientnet_b0 trial2] Epoch   2/100 | LR: 4.34e-03 | train loss 1.3743 acc 0.356 | val loss 1.2186 acc 0.412 *
[efficientnet_b0 trial2] Epoch   3/100 | LR: 4.34e-03 | train loss 1.3675 acc 0.385 | val loss 1.1792 acc 0.437 *
[efficientnet_b0 trial2] Epoch   4/100 | LR: 4.34e-03 | train loss 1.2179 acc 0.423 | val loss 1.0201 acc 0.459 *
[efficientnet_b0 trial2] Epoch   5/100 | LR: 4.34e-03 | train loss 1.1471 acc 0.463 | val loss 0.9816 acc 0.537 *
[efficientnet_b0 trial2] Epoch   6/100 | LR: 4.34e-03 | train loss 1.0964 acc 0.474 | val loss 1.1817 acc 0.385
[efficientnet_b0 trial2] Epoch   7/100 | LR: 4.34e-03 | train loss 1.0157 acc 0.517 | val loss 0.9742 acc 0.634 *
[efficientnet_b0 trial2] Epoch   8/100 | LR: 4.34e-03 | train loss 0.9685 acc 0.529 | val loss 0.8635 acc 0.610 *
[efficientnet_b0 trial2] Epoch   9/100 | LR: 4.34e-03 | train loss 0.9103 acc 0.568 | val loss 1.8430 acc 0.456
[efficientnet_b0 trial2] Epoch  10/100 | LR: 4.34e-03 | train loss 0.9370 acc 0.565 | val loss 0.7395 acc 0.693 *
[efficientnet_b0 trial2] Epoch  11/100 | LR: 4.34e-03 | train loss 0.9228 acc 0.591 | val loss 0.7624 acc 0.676
[efficientnet_b0 trial2] Epoch  12/100 | LR: 4.34e-03 | train loss 0.8956 acc 0.624 | val loss 0.7790 acc 0.656
[efficientnet_b0 trial2] Epoch  13/100 | LR: 4.34e-03 | train loss 0.8634 acc 0.655 | val loss 1.1497 acc 0.454
[efficientnet_b0 trial2] Epoch  14/100 | LR: 4.34e-03 | train loss 0.8942 acc 0.642 | val loss 0.9685 acc 0.644
[efficientnet_b0 trial2] Epoch  15/100 | LR: 4.34e-03 | train loss 0.8217 acc 0.664 | val loss 0.6086 acc 0.727 *
[efficientnet_b0 trial2] Epoch  16/100 | LR: 4.34e-03 | train loss 0.7749 acc 0.684 | val loss 0.7029 acc 0.712
[efficientnet_b0 trial2] Epoch  17/100 | LR: 4.34e-03 | train loss 0.7150 acc 0.698 | val loss 1.3366 acc 0.417
[efficientnet_b0 trial2] Epoch  18/100 | LR: 4.34e-03 | train loss 0.7139 acc 0.685 | val loss 0.6073 acc 0.729 *
[efficientnet_b0 trial2] Epoch  19/100 | LR: 4.34e-03 | train loss 0.6614 acc 0.717 | val loss 0.5621 acc 0.798 *
[efficientnet_b0 trial2] Epoch  20/100 | LR: 4.34e-03 | train loss 0.6639 acc 0.748 | val loss 0.8405 acc 0.612
[efficientnet_b0 trial2] Epoch  21/100 | LR: 4.34e-03 | train loss 0.6689 acc 0.740 | val loss 1.1455 acc 0.424
[efficientnet_b0 trial2] Epoch  22/100 | LR: 4.34e-03 | train loss 0.7521 acc 0.680 | val loss 0.6677 acc 0.746
[efficientnet_b0 trial2] Epoch  23/100 | LR: 4.34e-03 | train loss 0.6269 acc 0.730 | val loss 0.7259 acc 0.688
[efficientnet_b0 trial2] Epoch  24/100 | LR: 4.34e-03 | train loss 0.6225 acc 0.743 | val loss 0.7128 acc 0.693
[efficientnet_b0 trial2] Epoch  25/100 | LR: 4.34e-03 | train loss 0.6177 acc 0.709 | val loss 0.6960 acc 0.715
[efficientnet_b0 trial2] Epoch  26/100 | LR: 4.34e-03 | train loss 0.7166 acc 0.698 | val loss 0.6502 acc 0.720
[efficientnet_b0 trial2] Epoch  27/100 | LR: 4.34e-03 | train loss 0.5863 acc 0.749 | val loss 0.5885 acc 0.778
[efficientnet_b0 trial2] Epoch  28/100 | LR: 4.34e-04 | train loss 0.6351 acc 0.726 | val loss 0.6409 acc 0.724
[efficientnet_b0 trial2] Epoch  29/100 | LR: 4.34e-04 | train loss 0.5033 acc 0.762 | val loss 0.4771 acc 0.815 *
[efficientnet_b0 trial2] Epoch  30/100 | LR: 4.34e-04 | train loss 0.4413 acc 0.805 | val loss 0.4928 acc 0.795
[efficientnet_b0 trial2] Epoch  31/100 | LR: 4.34e-04 | train loss 0.4410 acc 0.806 | val loss 0.4801 acc 0.805
[efficientnet_b0 trial2] Epoch  32/100 | LR: 4.34e-04 | train loss 0.4147 acc 0.811 | val loss 0.4979 acc 0.824
[efficientnet_b0 trial2] Epoch  33/100 | LR: 4.34e-04 | train loss 0.4072 acc 0.814 | val loss 0.4550 acc 0.812 *
[efficientnet_b0 trial2] Epoch  34/100 | LR: 4.34e-04 | train loss 0.3862 acc 0.819 | val loss 0.4573 acc 0.817
[efficientnet_b0 trial2] Epoch  35/100 | LR: 4.34e-04 | train loss 0.3837 acc 0.824 | val loss 0.4593 acc 0.802
[efficientnet_b0 trial2] Epoch  36/100 | LR: 4.34e-04 | train loss 0.3748 acc 0.829 | val loss 0.4472 acc 0.834 *
[efficientnet_b0 trial2] Epoch  37/100 | LR: 4.34e-04 | train loss 0.3851 acc 0.816 | val loss 0.4591 acc 0.810
[efficientnet_b0 trial2] Epoch  38/100 | LR: 4.34e-04 | train loss 0.3205 acc 0.845 | val loss 0.4501 acc 0.837
[efficientnet_b0 trial2] Epoch  39/100 | LR: 4.34e-04 | train loss 0.3707 acc 0.833 | val loss 0.4588 acc 0.807
[efficientnet_b0 trial2] Epoch  40/100 | LR: 4.34e-04 | train loss 0.3787 acc 0.835 | val loss 0.4603 acc 0.807
[efficientnet_b0 trial2] Epoch  41/100 | LR: 4.34e-04 | train loss 0.3463 acc 0.838 | val loss 0.4715 acc 0.815
[efficientnet_b0 trial2] Epoch  42/100 | LR: 4.34e-04 | train loss 0.3267 acc 0.837 | val loss 0.4486 acc 0.824
[efficientnet_b0 trial2] Epoch  43/100 | LR: 4.34e-04 | train loss 0.3219 acc 0.852 | val loss 0.4442 acc 0.824 *
[efficientnet_b0 trial2] Epoch  44/100 | LR: 4.34e-04 | train loss 0.3438 acc 0.842 | val loss 0.5890 acc 0.768
[efficientnet_b0 trial2] Epoch  45/100 | LR: 4.34e-04 | train loss 0.3528 acc 0.841 | val loss 0.4383 acc 0.820 *
[efficientnet_b0 trial2] Epoch  46/100 | LR: 4.34e-04 | train loss 0.3350 acc 0.840 | val loss 0.4471 acc 0.817
[efficientnet_b0 trial2] Epoch  47/100 | LR: 4.34e-04 | train loss 0.3169 acc 0.858 | val loss 0.4406 acc 0.827
[efficientnet_b0 trial2] Epoch  48/100 | LR: 4.34e-04 | train loss 0.3132 acc 0.856 | val loss 0.4500 acc 0.832
[efficientnet_b0 trial2] Epoch  49/100 | LR: 4.34e-04 | train loss 0.3165 acc 0.847 | val loss 0.4536 acc 0.812
[efficientnet_b0 trial2] Epoch  50/100 | LR: 4.34e-04 | train loss 0.3125 acc 0.848 | val loss 0.4326 acc 0.829 *
[efficientnet_b0 trial2] Epoch  51/100 | LR: 4.34e-04 | train loss 0.3147 acc 0.860 | val loss 0.4265 acc 0.810 *
[efficientnet_b0 trial2] Epoch  52/100 | LR: 4.34e-04 | train loss 0.3193 acc 0.843 | val loss 0.4231 acc 0.824 *
[efficientnet_b0 trial2] Epoch  53/100 | LR: 4.34e-04 | train loss 0.2829 acc 0.872 | val loss 0.3998 acc 0.834 *
[efficientnet_b0 trial2] Epoch  54/100 | LR: 4.34e-04 | train loss 0.2626 acc 0.868 | val loss 0.4440 acc 0.810
[efficientnet_b0 trial2] Epoch  55/100 | LR: 4.34e-04 | train loss 0.2792 acc 0.871 | val loss 0.4729 acc 0.810
[efficientnet_b0 trial2] Epoch  56/100 | LR: 4.34e-05 | train loss 0.2802 acc 0.870 | val loss 0.4099 acc 0.851
[efficientnet_b0 trial2] Epoch  57/100 | LR: 4.34e-05 | train loss 0.2649 acc 0.882 | val loss 0.4251 acc 0.834
[efficientnet_b0 trial2] Epoch  58/100 | LR: 4.34e-05 | train loss 0.2765 acc 0.869 | val loss 0.4302 acc 0.832
[efficientnet_b0 trial2] Epoch  59/100 | LR: 4.34e-05 | train loss 0.2366 acc 0.880 | val loss 0.4257 acc 0.837
[efficientnet_b0 trial2] Epoch  60/100 | LR: 4.34e-05 | train loss 0.2453 acc 0.884 | val loss 0.4331 acc 0.841
[efficientnet_b0 trial2] Epoch  61/100 | LR: 4.34e-05 | train loss 0.2461 acc 0.887 | val loss 0.4269 acc 0.837
[efficientnet_b0 trial2] Epoch  62/100 | LR: 4.34e-05 | train loss 0.2629 acc 0.874 | val loss 0.4227 acc 0.834
[efficientnet_b0 trial2] Epoch  63/100 | LR: 4.34e-05 | train loss 0.2370 acc 0.885 | val loss 0.3992 acc 0.861 *
[efficientnet_b0 trial2] Epoch  64/100 | LR: 4.34e-05 | train loss 0.2493 acc 0.878 | val loss 0.4314 acc 0.837
[efficientnet_b0 trial2] Epoch  65/100 | LR: 4.34e-05 | train loss 0.2506 acc 0.877 | val loss 0.4321 acc 0.827
[efficientnet_b0 trial2] Epoch  66/100 | LR: 4.34e-05 | train loss 0.2447 acc 0.878 | val loss 0.4061 acc 0.854
[efficientnet_b0 trial2] Epoch  67/100 | LR: 4.34e-05 | train loss 0.2444 acc 0.877 | val loss 0.4300 acc 0.824
[efficientnet_b0 trial2] Epoch  68/100 | LR: 4.34e-05 | train loss 0.2290 acc 0.892 | val loss 0.4235 acc 0.841
[efficientnet_b0 trial2] Epoch  69/100 | LR: 4.34e-05 | train loss 0.2394 acc 0.884 | val loss 0.4124 acc 0.844
[efficientnet_b0 trial2] Epoch  70/100 | LR: 4.34e-05 | train loss 0.2452 acc 0.879 | val loss 0.4131 acc 0.866
[efficientnet_b0 trial2] Epoch  71/100 | LR: 4.34e-05 | train loss 0.2443 acc 0.885 | val loss 0.4134 acc 0.851
[efficientnet_b0 trial2] Epoch  72/100 | LR: 4.34e-05 | train loss 0.2390 acc 0.871 | val loss 0.4197 acc 0.841
[efficientnet_b0 trial2] Epoch  73/100 | LR: 4.34e-05 | train loss 0.2273 acc 0.892 | val loss 0.4201 acc 0.839

[efficientnet_b0 trial2] No val loss improvement for 10 epochs — stopping early at epoch 73.

[efficientnet_b0 trial2] Restored best checkpoint (val loss = 0.3992)
[11:34:14] [efficientnet_b0] trial 2 finished: best val_acc=0.8610 (at val_loss=0.3992)
[I 2026-09-22 11:34:14,422] Trial 2 finished with value: 0.8609756097560975 and parameters: {'hidden_layers': 2, 'neurons': 1024, 'lr': 0.004337920697490943, 'beta1': 0.6291312108184084, 'step_size': 28, 'batch_size': 48}. Best is trial 1 with value: 0.8634146341463415.
[11:34:14] [efficientnet_b0] trial 3: H=1 N=2048 lr=1.22e-05 beta1=0.914 step_size=17 batch_size=64 (micro_batch=16, accum_steps=4)
[efficientnet_b0 trial3] Using gradient accumulation: 4 micro-batches per optimizer step (effective batch size ≈ micro_batch x 4).
[efficientnet_b0 trial3] Epoch   1/100 | LR: 1.22e-05 | train loss 1.3664 acc 0.400 | val loss 1.3339 acc 0.471 *
[efficientnet_b0 trial3] Epoch   2/100 | LR: 1.22e-05 | train loss 1.3236 acc 0.511 | val loss 1.2889 acc 0.561 *
[efficientnet_b0 trial3] Epoch   3/100 | LR: 1.22e-05 | train loss 1.2877 acc 0.590 | val loss 1.2366 acc 0.639 *
[efficientnet_b0 trial3] Epoch   4/100 | LR: 1.22e-05 | train loss 1.2371 acc 0.627 | val loss 1.1830 acc 0.680 *
[efficientnet_b0 trial3] Epoch   5/100 | LR: 1.22e-05 | train loss 1.1820 acc 0.637 | val loss 1.1025 acc 0.688 *
[efficientnet_b0 trial3] Epoch   6/100 | LR: 1.22e-05 | train loss 1.1114 acc 0.647 | val loss 1.0416 acc 0.702 *
[efficientnet_b0 trial3] Epoch   7/100 | LR: 1.22e-05 | train loss 1.0377 acc 0.680 | val loss 0.9581 acc 0.712 *
[efficientnet_b0 trial3] Epoch   8/100 | LR: 1.22e-05 | train loss 0.9609 acc 0.654 | val loss 0.9088 acc 0.717 *
[efficientnet_b0 trial3] Epoch   9/100 | LR: 1.22e-05 | train loss 0.8875 acc 0.686 | val loss 0.8414 acc 0.737 *
[efficientnet_b0 trial3] Epoch  10/100 | LR: 1.22e-05 | train loss 0.8136 acc 0.672 | val loss 0.7726 acc 0.734 *
[efficientnet_b0 trial3] Epoch  11/100 | LR: 1.22e-05 | train loss 0.7612 acc 0.697 | val loss 0.7307 acc 0.754 *
[efficientnet_b0 trial3] Epoch  12/100 | LR: 1.22e-05 | train loss 0.7344 acc 0.714 | val loss 0.6820 acc 0.761 *
[efficientnet_b0 trial3] Epoch  13/100 | LR: 1.22e-05 | train loss 0.6976 acc 0.710 | val loss 0.6422 acc 0.766 *
[efficientnet_b0 trial3] Epoch  14/100 | LR: 1.22e-05 | train loss 0.6702 acc 0.729 | val loss 0.6481 acc 0.759
[efficientnet_b0 trial3] Epoch  15/100 | LR: 1.22e-05 | train loss 0.6215 acc 0.739 | val loss 0.5865 acc 0.793 *
[efficientnet_b0 trial3] Epoch  16/100 | LR: 1.22e-05 | train loss 0.6082 acc 0.738 | val loss 0.5809 acc 0.776 *
[efficientnet_b0 trial3] Epoch  17/100 | LR: 1.22e-06 | train loss 0.5940 acc 0.749 | val loss 0.5791 acc 0.783 *
[efficientnet_b0 trial3] Epoch  18/100 | LR: 1.22e-06 | train loss 0.5724 acc 0.742 | val loss 0.5507 acc 0.788 *
[efficientnet_b0 trial3] Epoch  19/100 | LR: 1.22e-06 | train loss 0.5834 acc 0.754 | val loss 0.5586 acc 0.778
[efficientnet_b0 trial3] Epoch  20/100 | LR: 1.22e-06 | train loss 0.5815 acc 0.742 | val loss 0.5486 acc 0.790 *
[efficientnet_b0 trial3] Epoch  21/100 | LR: 1.22e-06 | train loss 0.5547 acc 0.764 | val loss 0.5653 acc 0.783
[efficientnet_b0 trial3] Epoch  22/100 | LR: 1.22e-06 | train loss 0.5603 acc 0.755 | val loss 0.5449 acc 0.783 *
[efficientnet_b0 trial3] Epoch  23/100 | LR: 1.22e-06 | train loss 0.5825 acc 0.758 | val loss 0.5409 acc 0.788 *
[efficientnet_b0 trial3] Epoch  24/100 | LR: 1.22e-06 | train loss 0.5578 acc 0.754 | val loss 0.5456 acc 0.783
[efficientnet_b0 trial3] Epoch  25/100 | LR: 1.22e-06 | train loss 0.5545 acc 0.769 | val loss 0.5427 acc 0.788
[efficientnet_b0 trial3] Epoch  26/100 | LR: 1.22e-06 | train loss 0.5572 acc 0.753 | val loss 0.5473 acc 0.790
[efficientnet_b0 trial3] Epoch  27/100 | LR: 1.22e-06 | train loss 0.5723 acc 0.751 | val loss 0.5313 acc 0.800 *
[efficientnet_b0 trial3] Epoch  28/100 | LR: 1.22e-06 | train loss 0.5538 acc 0.764 | val loss 0.5666 acc 0.780
[efficientnet_b0 trial3] Epoch  29/100 | LR: 1.22e-06 | train loss 0.5621 acc 0.761 | val loss 0.5544 acc 0.783
[efficientnet_b0 trial3] Epoch  30/100 | LR: 1.22e-06 | train loss 0.5348 acc 0.771 | val loss 0.5413 acc 0.793
[efficientnet_b0 trial3] Epoch  31/100 | LR: 1.22e-06 | train loss 0.5497 acc 0.755 | val loss 0.5403 acc 0.780
[W 2026-09-22 11:37:10,899] Trial 3 failed with parameters: {'hidden_layers': 1, 'neurons': 2048, 'lr': 1.2172958098369984e-05, 'beta1': 0.9135400170668128, 'step_size': 17, 'batch_size': 64} because of the following error: AcceleratorError("CUDA error: the launch timed out and was terminated\nSearch for `cudaErrorLaunchTimeout' in https://docs.nvidia.com/cuda/cuda-runtime-api/group__CUDART__TYPES.html for more information.\nFor more detailed error information, run with CUDA_LOG_FILE=stderr\n").
Traceback (most recent call last):
  File "/home/janes/Repos/Skripsie/CNN/tune.py", line 178, in objective
    train_model(
    ~~~~~~~~~~~^
        model, train_loader_arch, val_loader_arch, optimizer, scheduler,
        ^^^^^^^^^^^^^^^^^^^^^^^^^^^^^^^^^^^^^^^^^^^^^^^^^^^^^^^^^^^^^^^^
    ...<2 lines>...
        epoch_callback=epoch_cb,
        ^^^^^^^^^^^^^^^^^^^^^^^^
    )
    ^
  File "/home/janes/Repos/Skripsie/CNN/wwtw_utils.py", line 423, in train_model
    train_loss, train_acc = run_epoch(model, train_loader, optimizer, criterion, True,
                            ~~~~~~~~~^^^^^^^^^^^^^^^^^^^^^^^^^^^^^^^^^^^^^^^^^^^^^^^^^
                                       is_inception, accum_steps, scaler)
                                       ^^^^^^^^^^^^^^^^^^^^^^^^^^^^^^^^^^
  File "/home/janes/Repos/Skripsie/CNN/wwtw_utils.py", line 352, in run_epoch
    y_hat = model(images)
  File "/home/janes/Repos/Skripsie/.venv/lib/python3.14/site-packages/torch/nn/modules/module.py", line 1778, in _wrapped_call_impl
    return self._call_impl(*args, **kwargs)
           ~~~~~~~~~~~~~~~^^^^^^^^^^^^^^^^^
  File "/home/janes/Repos/Skripsie/.venv/lib/python3.14/site-packages/torch/nn/modules/module.py", line 1789, in _call_impl
    return forward_call(*args, **kwargs)
  File "/home/janes/Repos/Skripsie/.venv/lib/python3.14/site-packages/torchvision/models/efficientnet.py", line 344, in forward
    return self._forward_impl(x)
           ~~~~~~~~~~~~~~~~~~^^^
  File "/home/janes/Repos/Skripsie/.venv/lib/python3.14/site-packages/torchvision/models/efficientnet.py", line 334, in _forward_impl
    x = self.features(x)
  File "/home/janes/Repos/Skripsie/.venv/lib/python3.14/site-packages/torch/nn/modules/module.py", line 1778, in _wrapped_call_impl
    return self._call_impl(*args, **kwargs)
           ~~~~~~~~~~~~~~~^^^^^^^^^^^^^^^^^
  File "/home/janes/Repos/Skripsie/.venv/lib/python3.14/site-packages/torch/nn/modules/module.py", line 1789, in _call_impl
    return forward_call(*args, **kwargs)
  File "/home/janes/Repos/Skripsie/.venv/lib/python3.14/site-packages/torch/nn/modules/container.py", line 253, in forward
    input = module(input)
  File "/home/janes/Repos/Skripsie/.venv/lib/python3.14/site-packages/torch/nn/modules/module.py", line 1778, in _wrapped_call_impl
    return self._call_impl(*args, **kwargs)
           ~~~~~~~~~~~~~~~^^^^^^^^^^^^^^^^^
  File "/home/janes/Repos/Skripsie/.venv/lib/python3.14/site-packages/torch/nn/modules/module.py", line 1789, in _call_impl
    return forward_call(*args, **kwargs)
  File "/home/janes/Repos/Skripsie/.venv/lib/python3.14/site-packages/torch/nn/modules/container.py", line 253, in forward
    input = module(input)
  File "/home/janes/Repos/Skripsie/.venv/lib/python3.14/site-packages/torch/nn/modules/module.py", line 1778, in _wrapped_call_impl
    return self._call_impl(*args, **kwargs)
           ~~~~~~~~~~~~~~~^^^^^^^^^^^^^^^^^
  File "/home/janes/Repos/Skripsie/.venv/lib/python3.14/site-packages/torch/nn/modules/module.py", line 1789, in _call_impl
    return forward_call(*args, **kwargs)
  File "/home/janes/Repos/Skripsie/.venv/lib/python3.14/site-packages/torchvision/models/efficientnet.py", line 165, in forward
    result = self.block(input)
  File "/home/janes/Repos/Skripsie/.venv/lib/python3.14/site-packages/torch/nn/modules/module.py", line 1778, in _wrapped_call_impl
    return self._call_impl(*args, **kwargs)
           ~~~~~~~~~~~~~~~^^^^^^^^^^^^^^^^^
  File "/home/janes/Repos/Skripsie/.venv/lib/python3.14/site-packages/torch/nn/modules/module.py", line 1789, in _call_impl
    return forward_call(*args, **kwargs)
  File "/home/janes/Repos/Skripsie/.venv/lib/python3.14/site-packages/torch/nn/modules/container.py", line 253, in forward
    input = module(input)
  File "/home/janes/Repos/Skripsie/.venv/lib/python3.14/site-packages/torch/nn/modules/module.py", line 1778, in _wrapped_call_impl
    return self._call_impl(*args, **kwargs)
           ~~~~~~~~~~~~~~~^^^^^^^^^^^^^^^^^
  File "/home/janes/Repos/Skripsie/.venv/lib/python3.14/site-packages/torch/nn/modules/module.py", line 1789, in _call_impl
    return forward_call(*args, **kwargs)
  File "/home/janes/Repos/Skripsie/.venv/lib/python3.14/site-packages/torch/nn/modules/container.py", line 253, in forward
    input = module(input)
  File "/home/janes/Repos/Skripsie/.venv/lib/python3.14/site-packages/torch/nn/modules/module.py", line 1778, in _wrapped_call_impl
    return self._call_impl(*args, **kwargs)
           ~~~~~~~~~~~~~~~^^^^^^^^^^^^^^^^^
  File "/home/janes/Repos/Skripsie/.venv/lib/python3.14/site-packages/torch/nn/modules/module.py", line 1789, in _call_impl
    return forward_call(*args, **kwargs)
  File "/home/janes/Repos/Skripsie/.venv/lib/python3.14/site-packages/torch/nn/modules/batchnorm.py", line 210, in forward
    return F.batch_norm(
           ~~~~~~~~~~~~^
        input,
        ^^^^^^
    ...<11 lines>...
        self.eps,
        ^^^^^^^^^
    )
    ^
  File "/home/janes/Repos/Skripsie/.venv/lib/python3.14/site-packages/torch/nn/functional.py", line 2898, in batch_norm
    return torch.batch_norm(
           ~~~~~~~~~~~~~~~~^
        input,
        ^^^^^^
    ...<7 lines>...
        torch.backends.cudnn.enabled,
        ^^^^^^^^^^^^^^^^^^^^^^^^^^^^^
    )
    ^
RuntimeError: cuDNN error: CUDNN_STATUS_EXECUTION_FAILED_CUDART

During handling of the above exception, another exception occurred:

Traceback (most recent call last):
  File "/home/janes/Repos/Skripsie/.venv/lib/python3.14/site-packages/optuna/study/_optimize.py", line 206, in _run_trial
    value_or_values = func(trial)
  File "/home/janes/Repos/Skripsie/CNN/tune.py", line 189, in objective
    torch.cuda.empty_cache()
    ~~~~~~~~~~~~~~~~~~~~~~^^
  File "/home/janes/Repos/Skripsie/.venv/lib/python3.14/site-packages/torch/cuda/memory.py", line 228, in empty_cache
    torch._C._cuda_emptyCache()
    ~~~~~~~~~~~~~~~~~~~~~~~~~^^
torch.AcceleratorError: CUDA error: the launch timed out and was terminated
Search for `cudaErrorLaunchTimeout' in https://docs.nvidia.com/cuda/cuda-runtime-api/group__CUDART__TYPES.html for more information.
For more detailed error information, run with CUDA_LOG_FILE=stderr

[W 2026-09-22 11:37:10,902] Trial 3 failed with value None.
Traceback (most recent call last):
  File "/home/janes/Repos/Skripsie/CNN/tune.py", line 178, in objective
    train_model(
    ~~~~~~~~~~~^
        model, train_loader_arch, val_loader_arch, optimizer, scheduler,
        ^^^^^^^^^^^^^^^^^^^^^^^^^^^^^^^^^^^^^^^^^^^^^^^^^^^^^^^^^^^^^^^^
    ...<2 lines>...
        epoch_callback=epoch_cb,
        ^^^^^^^^^^^^^^^^^^^^^^^^
    )
    ^
  File "/home/janes/Repos/Skripsie/CNN/wwtw_utils.py", line 423, in train_model
    train_loss, train_acc = run_epoch(model, train_loader, optimizer, criterion, True,
                            ~~~~~~~~~^^^^^^^^^^^^^^^^^^^^^^^^^^^^^^^^^^^^^^^^^^^^^^^^^
                                       is_inception, accum_steps, scaler)
                                       ^^^^^^^^^^^^^^^^^^^^^^^^^^^^^^^^^^
  File "/home/janes/Repos/Skripsie/CNN/wwtw_utils.py", line 352, in run_epoch
    y_hat = model(images)
  File "/home/janes/Repos/Skripsie/.venv/lib/python3.14/site-packages/torch/nn/modules/module.py", line 1778, in _wrapped_call_impl
    return self._call_impl(*args, **kwargs)
           ~~~~~~~~~~~~~~~^^^^^^^^^^^^^^^^^
  File "/home/janes/Repos/Skripsie/.venv/lib/python3.14/site-packages/torch/nn/modules/module.py", line 1789, in _call_impl
    return forward_call(*args, **kwargs)
  File "/home/janes/Repos/Skripsie/.venv/lib/python3.14/site-packages/torchvision/models/efficientnet.py", line 344, in forward
    return self._forward_impl(x)
           ~~~~~~~~~~~~~~~~~~^^^
  File "/home/janes/Repos/Skripsie/.venv/lib/python3.14/site-packages/torchvision/models/efficientnet.py", line 334, in _forward_impl
    x = self.features(x)
  File "/home/janes/Repos/Skripsie/.venv/lib/python3.14/site-packages/torch/nn/modules/module.py", line 1778, in _wrapped_call_impl
    return self._call_impl(*args, **kwargs)
           ~~~~~~~~~~~~~~~^^^^^^^^^^^^^^^^^
  File "/home/janes/Repos/Skripsie/.venv/lib/python3.14/site-packages/torch/nn/modules/module.py", line 1789, in _call_impl
    return forward_call(*args, **kwargs)
  File "/home/janes/Repos/Skripsie/.venv/lib/python3.14/site-packages/torch/nn/modules/container.py", line 253, in forward
    input = module(input)
  File "/home/janes/Repos/Skripsie/.venv/lib/python3.14/site-packages/torch/nn/modules/module.py", line 1778, in _wrapped_call_impl
    return self._call_impl(*args, **kwargs)
           ~~~~~~~~~~~~~~~^^^^^^^^^^^^^^^^^
  File "/home/janes/Repos/Skripsie/.venv/lib/python3.14/site-packages/torch/nn/modules/module.py", line 1789, in _call_impl
    return forward_call(*args, **kwargs)
  File "/home/janes/Repos/Skripsie/.venv/lib/python3.14/site-packages/torch/nn/modules/container.py", line 253, in forward
    input = module(input)
  File "/home/janes/Repos/Skripsie/.venv/lib/python3.14/site-packages/torch/nn/modules/module.py", line 1778, in _wrapped_call_impl
    return self._call_impl(*args, **kwargs)
           ~~~~~~~~~~~~~~~^^^^^^^^^^^^^^^^^
  File "/home/janes/Repos/Skripsie/.venv/lib/python3.14/site-packages/torch/nn/modules/module.py", line 1789, in _call_impl
    return forward_call(*args, **kwargs)
  File "/home/janes/Repos/Skripsie/.venv/lib/python3.14/site-packages/torchvision/models/efficientnet.py", line 165, in forward
    result = self.block(input)
  File "/home/janes/Repos/Skripsie/.venv/lib/python3.14/site-packages/torch/nn/modules/module.py", line 1778, in _wrapped_call_impl
    return self._call_impl(*args, **kwargs)
           ~~~~~~~~~~~~~~~^^^^^^^^^^^^^^^^^
  File "/home/janes/Repos/Skripsie/.venv/lib/python3.14/site-packages/torch/nn/modules/module.py", line 1789, in _call_impl
    return forward_call(*args, **kwargs)
  File "/home/janes/Repos/Skripsie/.venv/lib/python3.14/site-packages/torch/nn/modules/container.py", line 253, in forward
    input = module(input)
  File "/home/janes/Repos/Skripsie/.venv/lib/python3.14/site-packages/torch/nn/modules/module.py", line 1778, in _wrapped_call_impl
    return self._call_impl(*args, **kwargs)
           ~~~~~~~~~~~~~~~^^^^^^^^^^^^^^^^^
  File "/home/janes/Repos/Skripsie/.venv/lib/python3.14/site-packages/torch/nn/modules/module.py", line 1789, in _call_impl
    return forward_call(*args, **kwargs)
  File "/home/janes/Repos/Skripsie/.venv/lib/python3.14/site-packages/torch/nn/modules/container.py", line 253, in forward
    input = module(input)
  File "/home/janes/Repos/Skripsie/.venv/lib/python3.14/site-packages/torch/nn/modules/module.py", line 1778, in _wrapped_call_impl
    return self._call_impl(*args, **kwargs)
           ~~~~~~~~~~~~~~~^^^^^^^^^^^^^^^^^
  File "/home/janes/Repos/Skripsie/.venv/lib/python3.14/site-packages/torch/nn/modules/module.py", line 1789, in _call_impl
    return forward_call(*args, **kwargs)
  File "/home/janes/Repos/Skripsie/.venv/lib/python3.14/site-packages/torch/nn/modules/batchnorm.py", line 210, in forward
    return F.batch_norm(
           ~~~~~~~~~~~~^
        input,
        ^^^^^^
    ...<11 lines>...
        self.eps,
        ^^^^^^^^^
    )
    ^
  File "/home/janes/Repos/Skripsie/.venv/lib/python3.14/site-packages/torch/nn/functional.py", line 2898, in batch_norm
    return torch.batch_norm(
           ~~~~~~~~~~~~~~~~^
        input,
        ^^^^^^
    ...<7 lines>...
        torch.backends.cudnn.enabled,
        ^^^^^^^^^^^^^^^^^^^^^^^^^^^^^
    )
    ^
RuntimeError: cuDNN error: CUDNN_STATUS_EXECUTION_FAILED_CUDART

During handling of the above exception, another exception occurred:

Traceback (most recent call last):
  File "/home/janes/Repos/Skripsie/CNN/tune.py", line 294, in <module>
    main()
    ~~~~^^
  File "/home/janes/Repos/Skripsie/CNN/tune.py", line 288, in main
    tune_architecture(arch, args.n_trials)
    ~~~~~~~~~~~~~~~~~^^^^^^^^^^^^^^^^^^^^^
  File "/home/janes/Repos/Skripsie/CNN/tune.py", line 243, in tune_architecture
    study.optimize(make_objective(arch), n_trials=remaining)
    ~~~~~~~~~~~~~~^^^^^^^^^^^^^^^^^^^^^^^^^^^^^^^^^^^^^^^^^^
  File "/home/janes/Repos/Skripsie/.venv/lib/python3.14/site-packages/optuna/study/study.py", line 502, in optimize
    _optimize(
    ~~~~~~~~~^
        study=self,
        ^^^^^^^^^^^
    ...<7 lines>...
        show_progress_bar=show_progress_bar,
        ^^^^^^^^^^^^^^^^^^^^^^^^^^^^^^^^^^^^
    )
    ^
  File "/home/janes/Repos/Skripsie/.venv/lib/python3.14/site-packages/optuna/study/_optimize.py", line 68, in _optimize
    _optimize_sequential(
    ~~~~~~~~~~~~~~~~~~~~^
        study,
        ^^^^^^
    ...<8 lines>...
        progress_bar=progress_bar,
        ^^^^^^^^^^^^^^^^^^^^^^^^^^
    )
    ^
  File "/home/janes/Repos/Skripsie/.venv/lib/python3.14/site-packages/optuna/study/_optimize.py", line 165, in _optimize_sequential
    frozen_trial_id = _run_trial(study, func, catch)
  File "/home/janes/Repos/Skripsie/.venv/lib/python3.14/site-packages/optuna/study/_optimize.py", line 263, in _run_trial
    raise func_err
  File "/home/janes/Repos/Skripsie/.venv/lib/python3.14/site-packages/optuna/study/_optimize.py", line 206, in _run_trial
    value_or_values = func(trial)
  File "/home/janes/Repos/Skripsie/CNN/tune.py", line 189, in objective
    torch.cuda.empty_cache()
    ~~~~~~~~~~~~~~~~~~~~~~^^
  File "/home/janes/Repos/Skripsie/.venv/lib/python3.14/site-packages/torch/cuda/memory.py", line 228, in empty_cache
    torch._C._cuda_emptyCache()
    ~~~~~~~~~~~~~~~~~~~~~~~~~^^
torch.AcceleratorError: CUDA error: the launch timed out and was terminated
Search for `cudaErrorLaunchTimeout' in https://docs.nvidia.com/cuda/cuda-runtime-api/group__CUDART__TYPES.html for more information.
For more detailed error information, run with CUDA_LOG_FILE=stderr

[11:37:11] === run_tuning_with_retries: tune.py exited with code 1, retrying in 15s ===
[11:37:26] === run_tuning_with_retries: attempt 2/50 ===
Using device: cuda
Test set ID (derived from DATASET_ROOT): NoordelikeWerke
Classes found (4): ['Dysfunctional', 'Empty', 'Functional', 'Scum']
Train: 1692 | Val: 410 | Test: 405
[11:37:28] Dataset root: ../cnn_dataset_split_facility_test-NoordelikeWerke  Component: clarifier
[11:37:28] Architectures to tune (6): ['resnet18', 'efficientnet_b0', 'densenet121', 'resnet50', 'convnext_tiny', 'inception_v3']
[11:37:28] Trials per architecture: 20
[11:37:28] [resnet18] already has a saved result in tuned_hyperparams.json (val_acc=0.8927) -- skipping.
[I 2026-09-22 11:37:28,717] Using an existing study with `study_name='efficientnet_b0_tune'` instead of creating a new one.
[11:37:28] === efficientnet_b0: 4/20 trials already recorded, 16 remaining, img_size=(224, 224) ===
[11:37:28] [efficientnet_b0] trial 4: H=1 N=512 lr=2.92e-03 beta1=0.800 step_size=30 batch_size=16 (micro_batch=16, accum_steps=1)
Using device: cuda
Test set ID (derived from DATASET_ROOT): NoordelikeWerke
Classes found (4): ['Dysfunctional', 'Empty', 'Functional', 'Scum']
Train: 1692 | Val: 410 | Test: 405
[efficientnet_b0 trial4] Epoch   1/100 | LR: 2.92e-03 | train loss 1.3145 acc 0.400 | val loss 1.0830 acc 0.459 *
[efficientnet_b0 trial4] Epoch   2/100 | LR: 2.92e-03 | train loss 1.1345 acc 0.440 | val loss 1.3204 acc 0.366
[efficientnet_b0 trial4] Epoch   3/100 | LR: 2.92e-03 | train loss 1.1485 acc 0.472 | val loss 0.9776 acc 0.554 *
[efficientnet_b0 trial4] Epoch   4/100 | LR: 2.92e-03 | train loss 1.0594 acc 0.509 | val loss 1.4155 acc 0.417
[efficientnet_b0 trial4] Epoch   5/100 | LR: 2.92e-03 | train loss 1.0120 acc 0.537 | val loss 0.7914 acc 0.717 *
[efficientnet_b0 trial4] Epoch   6/100 | LR: 2.92e-03 | train loss 0.8312 acc 0.645 | val loss 1.0146 acc 0.566
[efficientnet_b0 trial4] Epoch   7/100 | LR: 2.92e-03 | train loss 0.8275 acc 0.656 | val loss 0.9398 acc 0.598
[efficientnet_b0 trial4] Epoch   8/100 | LR: 2.92e-03 | train loss 0.8320 acc 0.634 | val loss 0.6674 acc 0.741 *
[efficientnet_b0 trial4] Epoch   9/100 | LR: 2.92e-03 | train loss 0.7864 acc 0.684 | val loss 0.5887 acc 0.783 *
[efficientnet_b0 trial4] Epoch  10/100 | LR: 2.92e-03 | train loss 0.7094 acc 0.700 | val loss 1.0668 acc 0.546
[efficientnet_b0 trial4] Epoch  11/100 | LR: 2.92e-03 | train loss 0.7064 acc 0.719 | val loss 0.6395 acc 0.780
[efficientnet_b0 trial4] Epoch  12/100 | LR: 2.92e-03 | train loss 0.6974 acc 0.711 | val loss 0.5951 acc 0.771
[efficientnet_b0 trial4] Epoch  13/100 | LR: 2.92e-03 | train loss 0.6822 acc 0.729 | val loss 0.4948 acc 0.815 *
[efficientnet_b0 trial4] Epoch  14/100 | LR: 2.92e-03 | train loss 0.6226 acc 0.723 | val loss 0.7192 acc 0.705
[efficientnet_b0 trial4] Epoch  15/100 | LR: 2.92e-03 | train loss 0.6520 acc 0.729 | val loss 0.6144 acc 0.727
[efficientnet_b0 trial4] Epoch  16/100 | LR: 2.92e-03 | train loss 0.6311 acc 0.745 | val loss 0.5155 acc 0.802
[efficientnet_b0 trial4] Epoch  17/100 | LR: 2.92e-03 | train loss 0.5749 acc 0.768 | val loss 0.4798 acc 0.817 *
[efficientnet_b0 trial4] Epoch  18/100 | LR: 2.92e-03 | train loss 0.5812 acc 0.764 | val loss 0.5628 acc 0.805
[efficientnet_b0 trial4] Epoch  19/100 | LR: 2.92e-03 | train loss 0.5994 acc 0.761 | val loss 0.6513 acc 0.761
[efficientnet_b0 trial4] Epoch  20/100 | LR: 2.92e-03 | train loss 0.6710 acc 0.728 | val loss 0.5454 acc 0.780
[efficientnet_b0 trial4] Epoch  21/100 | LR: 2.92e-03 | train loss 0.5611 acc 0.755 | val loss 0.5327 acc 0.827
[efficientnet_b0 trial4] Epoch  22/100 | LR: 2.92e-03 | train loss 0.5622 acc 0.775 | val loss 0.5306 acc 0.773
[efficientnet_b0 trial4] Epoch  23/100 | LR: 2.92e-03 | train loss 0.5953 acc 0.758 | val loss 1.9920 acc 0.254
[efficientnet_b0 trial4] Epoch  24/100 | LR: 2.92e-03 | train loss 0.5951 acc 0.761 | val loss 0.5230 acc 0.790
[efficientnet_b0 trial4] Epoch  25/100 | LR: 2.92e-03 | train loss 0.5343 acc 0.767 | val loss 0.5725 acc 0.780
[efficientnet_b0 trial4] Epoch  26/100 | LR: 2.92e-03 | train loss 0.5571 acc 0.760 | val loss 0.6520 acc 0.746
[efficientnet_b0 trial4] Epoch  27/100 | LR: 2.92e-03 | train loss 0.6063 acc 0.765 | val loss 0.5341 acc 0.759

[efficientnet_b0 trial4] No val loss improvement for 10 epochs — stopping early at epoch 27.

[efficientnet_b0 trial4] Restored best checkpoint (val loss = 0.4798)
[11:40:12] [efficientnet_b0] trial 4 finished: best val_acc=0.8171 (at val_loss=0.4798)
[I 2026-09-22 11:40:12,183] Trial 4 finished with value: 0.8170731707317073 and parameters: {'hidden_layers': 1, 'neurons': 512, 'lr': 0.0029154431891537554, 'beta1': 0.7999563908598613, 'step_size': 30, 'batch_size': 16}. Best is trial 1 with value: 0.8634146341463415.
[11:40:12] [efficientnet_b0] trial 5: H=2 N=2048 lr=1.38e-03 beta1=0.600 step_size=23 batch_size=96 (micro_batch=16, accum_steps=6)
[efficientnet_b0 trial5] Using gradient accumulation: 6 micro-batches per optimizer step (effective batch size ≈ micro_batch x 6).
[efficientnet_b0 trial5] Epoch   1/100 | LR: 1.38e-03 | train loss 1.2035 acc 0.421 | val loss 0.9360 acc 0.598 *
[efficientnet_b0 trial5] Epoch   2/100 | LR: 1.38e-03 | train loss 0.9294 acc 0.617 | val loss 0.9649 acc 0.602
[efficientnet_b0 trial5] Epoch   3/100 | LR: 1.38e-03 | train loss 0.7202 acc 0.684 | val loss 0.5604 acc 0.785 *
[efficientnet_b0 trial5] Epoch   4/100 | LR: 1.38e-03 | train loss 0.6568 acc 0.728 | val loss 0.6158 acc 0.778
[efficientnet_b0 trial5] Epoch   5/100 | LR: 1.38e-03 | train loss 0.6322 acc 0.770 | val loss 0.4606 acc 0.849 *
[efficientnet_b0 trial5] Epoch   6/100 | LR: 1.38e-03 | train loss 0.5887 acc 0.780 | val loss 0.3799 acc 0.846 *
[efficientnet_b0 trial5] Epoch   7/100 | LR: 1.38e-03 | train loss 0.5222 acc 0.804 | val loss 0.4283 acc 0.832
[efficientnet_b0 trial5] Epoch   8/100 | LR: 1.38e-03 | train loss 0.5574 acc 0.801 | val loss 0.6301 acc 0.780
[efficientnet_b0 trial5] Epoch   9/100 | LR: 1.38e-03 | train loss 0.4532 acc 0.817 | val loss 0.4261 acc 0.837
[efficientnet_b0 trial5] Epoch  10/100 | LR: 1.38e-03 | train loss 0.4115 acc 0.835 | val loss 0.5689 acc 0.795
[efficientnet_b0 trial5] Epoch  11/100 | LR: 1.38e-03 | train loss 0.3985 acc 0.836 | val loss 0.4210 acc 0.849
[efficientnet_b0 trial5] Epoch  12/100 | LR: 1.38e-03 | train loss 0.3774 acc 0.841 | val loss 0.4081 acc 0.839
[efficientnet_b0 trial5] Epoch  13/100 | LR: 1.38e-03 | train loss 0.3350 acc 0.866 | val loss 0.3384 acc 0.863 *
[efficientnet_b0 trial5] Epoch  14/100 | LR: 1.38e-03 | train loss 0.2821 acc 0.884 | val loss 0.3897 acc 0.861
[efficientnet_b0 trial5] Epoch  15/100 | LR: 1.38e-03 | train loss 0.3632 acc 0.858 | val loss 0.3453 acc 0.878
[efficientnet_b0 trial5] Epoch  16/100 | LR: 1.38e-03 | train loss 0.2922 acc 0.879 | val loss 0.4550 acc 0.839
[efficientnet_b0 trial5] Epoch  17/100 | LR: 1.38e-03 | train loss 0.3674 acc 0.854 | val loss 0.4256 acc 0.849
[efficientnet_b0 trial5] Epoch  18/100 | LR: 1.38e-03 | train loss 0.3609 acc 0.872 | val loss 0.4207 acc 0.856
[efficientnet_b0 trial5] Epoch  19/100 | LR: 1.38e-03 | train loss 0.2615 acc 0.892 | val loss 0.5968 acc 0.824
[efficientnet_b0 trial5] Epoch  20/100 | LR: 1.38e-03 | train loss 0.3183 acc 0.891 | val loss 1.4302 acc 0.649
[efficientnet_b0 trial5] Epoch  21/100 | LR: 1.38e-03 | train loss 0.3032 acc 0.878 | val loss 0.4229 acc 0.827
[efficientnet_b0 trial5] Epoch  22/100 | LR: 1.38e-03 | train loss 0.2177 acc 0.908 | val loss 0.5334 acc 0.829
[efficientnet_b0 trial5] Epoch  23/100 | LR: 1.38e-04 | train loss 0.2268 acc 0.899 | val loss 0.4184 acc 0.861

[efficientnet_b0 trial5] No val loss improvement for 10 epochs — stopping early at epoch 23.

[efficientnet_b0 trial5] Restored best checkpoint (val loss = 0.3384)
[11:42:23] [efficientnet_b0] trial 5 finished: best val_acc=0.8634 (at val_loss=0.3384)
[I 2026-09-22 11:42:23,905] Trial 5 finished with value: 0.8634146341463415 and parameters: {'hidden_layers': 2, 'neurons': 2048, 'lr': 0.0013826232179369874, 'beta1': 0.5996372172970215, 'step_size': 23, 'batch_size': 96}. Best is trial 1 with value: 0.8634146341463415.
[11:42:23] [efficientnet_b0] trial 6: H=2 N=1024 lr=4.34e-03 beta1=0.629 step_size=28 batch_size=48 (micro_batch=16, accum_steps=3)
[efficientnet_b0 trial6] Using gradient accumulation: 3 micro-batches per optimizer step (effective batch size ≈ micro_batch x 3).
[efficientnet_b0 trial6] Epoch   1/100 | LR: 4.34e-03 | train loss 1.5009 acc 0.381 | val loss 1.2942 acc 0.200 *
[efficientnet_b0 trial6] Epoch   2/100 | LR: 4.34e-03 | train loss 1.3743 acc 0.356 | val loss 1.2186 acc 0.412 *
[efficientnet_b0 trial6] Epoch   3/100 | LR: 4.34e-03 | train loss 1.3675 acc 0.385 | val loss 1.1792 acc 0.437 *
[efficientnet_b0 trial6] Epoch   4/100 | LR: 4.34e-03 | train loss 1.2179 acc 0.423 | val loss 1.0201 acc 0.459 *
[efficientnet_b0 trial6] Epoch   5/100 | LR: 4.34e-03 | train loss 1.1471 acc 0.463 | val loss 0.9816 acc 0.537 *
[I 2026-09-22 11:42:52,866] Trial 6 pruned. 
[11:42:53] [efficientnet_b0] trial 7: H=1 N=2048 lr=1.22e-05 beta1=0.914 step_size=17 batch_size=64 (micro_batch=16, accum_steps=4)
[efficientnet_b0 trial7] Using gradient accumulation: 4 micro-batches per optimizer step (effective batch size ≈ micro_batch x 4).
[efficientnet_b0 trial7] Epoch   1/100 | LR: 1.22e-05 | train loss 1.3647 acc 0.432 | val loss 1.3094 acc 0.549 *
[efficientnet_b0 trial7] Epoch   2/100 | LR: 1.22e-05 | train loss 1.3177 acc 0.538 | val loss 1.2698 acc 0.588 *
[efficientnet_b0 trial7] Epoch   3/100 | LR: 1.22e-05 | train loss 1.2834 acc 0.581 | val loss 1.2212 acc 0.644 *
[efficientnet_b0 trial7] Epoch   4/100 | LR: 1.22e-05 | train loss 1.2285 acc 0.617 | val loss 1.1633 acc 0.680 *
[efficientnet_b0 trial7] Epoch   5/100 | LR: 1.22e-05 | train loss 1.1677 acc 0.624 | val loss 1.1011 acc 0.673 *
[I 2026-09-22 11:43:22,625] Trial 7 pruned. 
[11:43:22] [efficientnet_b0] trial 8: H=1 N=512 lr=2.91e-06 beta1=0.931 step_size=27 batch_size=96 (micro_batch=16, accum_steps=6)
[efficientnet_b0 trial8] Using gradient accumulation: 6 micro-batches per optimizer step (effective batch size ≈ micro_batch x 6).
[efficientnet_b0 trial8] Epoch   1/100 | LR: 2.91e-06 | train loss 1.3863 acc 0.270 | val loss 1.3733 acc 0.366 *
[efficientnet_b0 trial8] Epoch   2/100 | LR: 2.91e-06 | train loss 1.3798 acc 0.309 | val loss 1.3670 acc 0.398 *
[efficientnet_b0 trial8] Epoch   3/100 | LR: 2.91e-06 | train loss 1.3765 acc 0.336 | val loss 1.3608 acc 0.412 *
[efficientnet_b0 trial8] Epoch   4/100 | LR: 2.91e-06 | train loss 1.3727 acc 0.371 | val loss 1.3535 acc 0.476 *
[efficientnet_b0 trial8] Epoch   5/100 | LR: 2.91e-06 | train loss 1.3672 acc 0.407 | val loss 1.3497 acc 0.468 *
[I 2026-09-22 11:43:51,312] Trial 8 pruned. 
[11:43:51] [efficientnet_b0] trial 9: H=2 N=512 lr=5.13e-05 beta1=0.513 step_size=8 batch_size=48 (micro_batch=16, accum_steps=3)
[efficientnet_b0 trial9] Using gradient accumulation: 3 micro-batches per optimizer step (effective batch size ≈ micro_batch x 3).
[efficientnet_b0 trial9] Epoch   1/100 | LR: 5.13e-05 | train loss 1.3580 acc 0.436 | val loss 1.2961 acc 0.668 *
[efficientnet_b0 trial9] Epoch   2/100 | LR: 5.13e-05 | train loss 1.1789 acc 0.600 | val loss 0.9490 acc 0.707 *
[efficientnet_b0 trial9] Epoch   3/100 | LR: 5.13e-05 | train loss 0.8844 acc 0.658 | val loss 0.7853 acc 0.744 *
[efficientnet_b0 trial9] Epoch   4/100 | LR: 5.13e-05 | train loss 0.6958 acc 0.720 | val loss 0.5669 acc 0.766 *
[efficientnet_b0 trial9] Epoch   5/100 | LR: 5.13e-05 | train loss 0.5971 acc 0.741 | val loss 0.5461 acc 0.776 *
[efficientnet_b0 trial9] Epoch   6/100 | LR: 5.13e-05 | train loss 0.5232 acc 0.771 | val loss 0.4802 acc 0.798 *
[efficientnet_b0 trial9] Epoch   7/100 | LR: 5.13e-05 | train loss 0.4832 acc 0.788 | val loss 0.4421 acc 0.800 *
[efficientnet_b0 trial9] Epoch   8/100 | LR: 5.13e-06 | train loss 0.4354 acc 0.808 | val loss 0.4283 acc 0.820 *
[efficientnet_b0 trial9] Epoch   9/100 | LR: 5.13e-06 | train loss 0.4110 acc 0.825 | val loss 0.4306 acc 0.820
[efficientnet_b0 trial9] Epoch  10/100 | LR: 5.13e-06 | train loss 0.4139 acc 0.805 | val loss 0.4446 acc 0.812
[efficientnet_b0 trial9] Epoch  11/100 | LR: 5.13e-06 | train loss 0.3892 acc 0.819 | val loss 0.4207 acc 0.829 *
[efficientnet_b0 trial9] Epoch  12/100 | LR: 5.13e-06 | train loss 0.4047 acc 0.813 | val loss 0.4315 acc 0.817
[efficientnet_b0 trial9] Epoch  13/100 | LR: 5.13e-06 | train loss 0.3768 acc 0.822 | val loss 0.4309 acc 0.812
[efficientnet_b0 trial9] Epoch  14/100 | LR: 5.13e-06 | train loss 0.3705 acc 0.826 | val loss 0.4167 acc 0.834 *
[efficientnet_b0 trial9] Epoch  15/100 | LR: 5.13e-06 | train loss 0.3795 acc 0.817 | val loss 0.4196 acc 0.827
[efficientnet_b0 trial9] Epoch  16/100 | LR: 5.13e-07 | train loss 0.3810 acc 0.817 | val loss 0.4088 acc 0.829 *
[efficientnet_b0 trial9] Epoch  17/100 | LR: 5.13e-07 | train loss 0.3521 acc 0.824 | val loss 0.4111 acc 0.829
[efficientnet_b0 trial9] Epoch  18/100 | LR: 5.13e-07 | train loss 0.3764 acc 0.826 | val loss 0.4223 acc 0.822
[efficientnet_b0 trial9] Epoch  19/100 | LR: 5.13e-07 | train loss 0.3797 acc 0.826 | val loss 0.4156 acc 0.829
[efficientnet_b0 trial9] Epoch  20/100 | LR: 5.13e-07 | train loss 0.3606 acc 0.820 | val loss 0.4208 acc 0.820
[efficientnet_b0 trial9] Epoch  21/100 | LR: 5.13e-07 | train loss 0.3753 acc 0.832 | val loss 0.4197 acc 0.824
[efficientnet_b0 trial9] Epoch  22/100 | LR: 5.13e-07 | train loss 0.3746 acc 0.815 | val loss 0.4159 acc 0.827
[efficientnet_b0 trial9] Epoch  23/100 | LR: 5.13e-07 | train loss 0.3894 acc 0.819 | val loss 0.4076 acc 0.834 *
[efficientnet_b0 trial9] Epoch  24/100 | LR: 5.13e-08 | train loss 0.3877 acc 0.821 | val loss 0.4138 acc 0.834
[efficientnet_b0 trial9] Epoch  25/100 | LR: 5.13e-08 | train loss 0.3475 acc 0.837 | val loss 0.4203 acc 0.827
[efficientnet_b0 trial9] Epoch  26/100 | LR: 5.13e-08 | train loss 0.3797 acc 0.830 | val loss 0.4083 acc 0.827
[efficientnet_b0 trial9] Epoch  27/100 | LR: 5.13e-08 | train loss 0.3864 acc 0.827 | val loss 0.4146 acc 0.827
[efficientnet_b0 trial9] Epoch  28/100 | LR: 5.13e-08 | train loss 0.3825 acc 0.824 | val loss 0.4205 acc 0.820
[efficientnet_b0 trial9] Epoch  29/100 | LR: 5.13e-08 | train loss 0.3697 acc 0.824 | val loss 0.4157 acc 0.827
[efficientnet_b0 trial9] Epoch  30/100 | LR: 5.13e-08 | train loss 0.3943 acc 0.826 | val loss 0.4108 acc 0.827
[efficientnet_b0 trial9] Epoch  31/100 | LR: 5.13e-08 | train loss 0.3647 acc 0.835 | val loss 0.4079 acc 0.827
[efficientnet_b0 trial9] Epoch  32/100 | LR: 5.13e-09 | train loss 0.3640 acc 0.822 | val loss 0.4017 acc 0.837 *
[efficientnet_b0 trial9] Epoch  33/100 | LR: 5.13e-09 | train loss 0.3729 acc 0.817 | val loss 0.4162 acc 0.827
[efficientnet_b0 trial9] Epoch  34/100 | LR: 5.13e-09 | train loss 0.3914 acc 0.814 | val loss 0.4077 acc 0.827
[efficientnet_b0 trial9] Epoch  35/100 | LR: 5.13e-09 | train loss 0.3860 acc 0.818 | val loss 0.4178 acc 0.820
[efficientnet_b0 trial9] Epoch  36/100 | LR: 5.13e-09 | train loss 0.3650 acc 0.816 | val loss 0.4129 acc 0.834
[efficientnet_b0 trial9] Epoch  37/100 | LR: 5.13e-09 | train loss 0.3574 acc 0.830 | val loss 0.4235 acc 0.824
[efficientnet_b0 trial9] Epoch  38/100 | LR: 5.13e-09 | train loss 0.3759 acc 0.822 | val loss 0.4183 acc 0.827
[efficientnet_b0 trial9] Epoch  39/100 | LR: 5.13e-09 | train loss 0.3418 acc 0.826 | val loss 0.4193 acc 0.822
[efficientnet_b0 trial9] Epoch  40/100 | LR: 5.13e-10 | train loss 0.3572 acc 0.833 | val loss 0.4052 acc 0.834
[efficientnet_b0 trial9] Epoch  41/100 | LR: 5.13e-10 | train loss 0.3886 acc 0.815 | val loss 0.4062 acc 0.834
[efficientnet_b0 trial9] Epoch  42/100 | LR: 5.13e-10 | train loss 0.3664 acc 0.836 | val loss 0.4086 acc 0.827

[efficientnet_b0 trial9] No val loss improvement for 10 epochs — stopping early at epoch 42.

[efficientnet_b0 trial9] Restored best checkpoint (val loss = 0.4017)
[11:47:51] [efficientnet_b0] trial 9 finished: best val_acc=0.8366 (at val_loss=0.4017)
[I 2026-09-22 11:47:51,284] Trial 9 finished with value: 0.8365853658536585 and parameters: {'hidden_layers': 2, 'neurons': 512, 'lr': 5.1305517605898387e-05, 'beta1': 0.5126841442453035, 'step_size': 8, 'batch_size': 48}. Best is trial 1 with value: 0.8634146341463415.
[11:47:51] [efficientnet_b0] trial 10: H=2 N=512 lr=3.06e-03 beta1=0.901 step_size=11 batch_size=32 (micro_batch=16, accum_steps=2)
[efficientnet_b0 trial10] Using gradient accumulation: 2 micro-batches per optimizer step (effective batch size ≈ micro_batch x 2).
[efficientnet_b0 trial10] Epoch   1/100 | LR: 3.06e-03 | train loss 1.2463 acc 0.400 | val loss 1.4550 acc 0.312 *
[efficientnet_b0 trial10] Epoch   2/100 | LR: 3.06e-03 | train loss 1.0784 acc 0.462 | val loss 1.1702 acc 0.417 *
[efficientnet_b0 trial10] Epoch   3/100 | LR: 3.06e-03 | train loss 1.0481 acc 0.520 | val loss 0.9984 acc 0.515 *
[efficientnet_b0 trial10] Epoch   4/100 | LR: 3.06e-03 | train loss 0.9263 acc 0.615 | val loss 0.8295 acc 0.698 *
[efficientnet_b0 trial10] Epoch   5/100 | LR: 3.06e-03 | train loss 0.8647 acc 0.657 | val loss 2.8893 acc 0.310
[I 2026-09-22 11:48:20,207] Trial 10 pruned. 
[11:48:20] [efficientnet_b0] trial 11: H=0 N=2048 lr=3.63e-03 beta1=0.715 step_size=6 batch_size=96 (micro_batch=16, accum_steps=6)
[efficientnet_b0 trial11] Using gradient accumulation: 6 micro-batches per optimizer step (effective batch size ≈ micro_batch x 6).
[efficientnet_b0 trial11] Epoch   1/100 | LR: 3.63e-03 | train loss 1.0965 acc 0.508 | val loss 1.2401 acc 0.517 *
[efficientnet_b0 trial11] Epoch   2/100 | LR: 3.63e-03 | train loss 0.9626 acc 0.616 | val loss 1.2558 acc 0.502
[efficientnet_b0 trial11] Epoch   3/100 | LR: 3.63e-03 | train loss 0.7869 acc 0.681 | val loss 0.5281 acc 0.810 *
[efficientnet_b0 trial11] Epoch   4/100 | LR: 3.63e-03 | train loss 0.6649 acc 0.746 | val loss 0.5678 acc 0.771
[efficientnet_b0 trial11] Epoch   5/100 | LR: 3.63e-03 | train loss 0.6537 acc 0.767 | val loss 0.5525 acc 0.824
[efficientnet_b0 trial11] Epoch   6/100 | LR: 3.63e-04 | train loss 0.4997 acc 0.798 | val loss 0.9309 acc 0.634
[efficientnet_b0 trial11] Epoch   7/100 | LR: 3.63e-04 | train loss 0.4030 acc 0.839 | val loss 0.4131 acc 0.871 *
[efficientnet_b0 trial11] Epoch   8/100 | LR: 3.63e-04 | train loss 0.3261 acc 0.874 | val loss 0.3330 acc 0.878 *
[efficientnet_b0 trial11] Epoch   9/100 | LR: 3.63e-04 | train loss 0.3325 acc 0.863 | val loss 0.3118 acc 0.876 *
[efficientnet_b0 trial11] Epoch  10/100 | LR: 3.63e-04 | train loss 0.2756 acc 0.884 | val loss 0.3313 acc 0.873
[efficientnet_b0 trial11] Epoch  11/100 | LR: 3.63e-04 | train loss 0.3080 acc 0.879 | val loss 0.3584 acc 0.873
[efficientnet_b0 trial11] Epoch  12/100 | LR: 3.63e-05 | train loss 0.2694 acc 0.889 | val loss 0.3076 acc 0.883 *
[efficientnet_b0 trial11] Epoch  13/100 | LR: 3.63e-05 | train loss 0.2719 acc 0.887 | val loss 0.3094 acc 0.880
[efficientnet_b0 trial11] Epoch  14/100 | LR: 3.63e-05 | train loss 0.2446 acc 0.888 | val loss 0.3181 acc 0.876
[efficientnet_b0 trial11] Epoch  15/100 | LR: 3.63e-05 | train loss 0.2395 acc 0.897 | val loss 0.3141 acc 0.883
[efficientnet_b0 trial11] Epoch  16/100 | LR: 3.63e-05 | train loss 0.2573 acc 0.896 | val loss 0.3068 acc 0.883 *
[efficientnet_b0 trial11] Epoch  17/100 | LR: 3.63e-05 | train loss 0.2330 acc 0.905 | val loss 0.3245 acc 0.880
[efficientnet_b0 trial11] Epoch  18/100 | LR: 3.63e-06 | train loss 0.2269 acc 0.898 | val loss 0.3145 acc 0.885
[efficientnet_b0 trial11] Epoch  19/100 | LR: 3.63e-06 | train loss 0.2297 acc 0.904 | val loss 0.3112 acc 0.883
[efficientnet_b0 trial11] Epoch  20/100 | LR: 3.63e-06 | train loss 0.2438 acc 0.893 | val loss 0.3184 acc 0.883
[efficientnet_b0 trial11] Epoch  21/100 | LR: 3.63e-06 | train loss 0.2502 acc 0.902 | val loss 0.3195 acc 0.888
[efficientnet_b0 trial11] Epoch  22/100 | LR: 3.63e-06 | train loss 0.2316 acc 0.899 | val loss 0.3247 acc 0.876
[efficientnet_b0 trial11] Epoch  23/100 | LR: 3.63e-06 | train loss 0.2362 acc 0.900 | val loss 0.3283 acc 0.866
[efficientnet_b0 trial11] Epoch  24/100 | LR: 3.63e-07 | train loss 0.2416 acc 0.898 | val loss 0.3172 acc 0.883
[efficientnet_b0 trial11] Epoch  25/100 | LR: 3.63e-07 | train loss 0.2244 acc 0.910 | val loss 0.3114 acc 0.890
[efficientnet_b0 trial11] Epoch  26/100 | LR: 3.63e-07 | train loss 0.2365 acc 0.897 | val loss 0.3186 acc 0.878

[efficientnet_b0 trial11] No val loss improvement for 10 epochs — stopping early at epoch 26.

[efficientnet_b0 trial11] Restored best checkpoint (val loss = 0.3068)
[11:50:47] [efficientnet_b0] trial 11 finished: best val_acc=0.8829 (at val_loss=0.3068)
[I 2026-09-22 11:50:47,079] Trial 11 finished with value: 0.8829268292682927 and parameters: {'hidden_layers': 0, 'neurons': 2048, 'lr': 0.003625493764283314, 'beta1': 0.7147666303978546, 'step_size': 6, 'batch_size': 96}. Best is trial 11 with value: 0.8829268292682927.
[11:50:47] [efficientnet_b0] trial 12: H=0 N=2048 lr=4.39e-03 beta1=0.743 step_size=5 batch_size=96 (micro_batch=16, accum_steps=6)
[efficientnet_b0 trial12] Using gradient accumulation: 6 micro-batches per optimizer step (effective batch size ≈ micro_batch x 6).
[efficientnet_b0 trial12] Epoch   1/100 | LR: 4.39e-03 | train loss 1.2827 acc 0.425 | val loss 1.0121 acc 0.588 *
[efficientnet_b0 trial12] Epoch   2/100 | LR: 4.39e-03 | train loss 0.9856 acc 0.583 | val loss 1.3630 acc 0.424
[efficientnet_b0 trial12] Epoch   3/100 | LR: 4.39e-03 | train loss 0.8166 acc 0.645 | val loss 0.7507 acc 0.700 *
[efficientnet_b0 trial12] Epoch   4/100 | LR: 4.39e-03 | train loss 0.7634 acc 0.704 | val loss 0.6851 acc 0.761 *
[efficientnet_b0 trial12] Epoch   5/100 | LR: 4.39e-04 | train loss 0.6405 acc 0.745 | val loss 0.7665 acc 0.727
[I 2026-09-22 11:51:15,493] Trial 12 pruned. 
[11:51:15] [efficientnet_b0] trial 13: H=0 N=2048 lr=4.87e-04 beta1=0.682 step_size=15 batch_size=16 (micro_batch=16, accum_steps=1)
[efficientnet_b0 trial13] Epoch   1/100 | LR: 4.87e-04 | train loss 0.9378 acc 0.579 | val loss 0.7506 acc 0.702 *
[efficientnet_b0 trial13] Epoch   2/100 | LR: 4.87e-04 | train loss 0.6430 acc 0.738 | val loss 0.4820 acc 0.815 *
[efficientnet_b0 trial13] Epoch   3/100 | LR: 4.87e-04 | train loss 0.5073 acc 0.793 | val loss 0.4908 acc 0.815
[efficientnet_b0 trial13] Epoch   4/100 | LR: 4.87e-04 | train loss 0.4599 acc 0.809 | val loss 0.5881 acc 0.790
[efficientnet_b0 trial13] Epoch   5/100 | LR: 4.87e-04 | train loss 0.3988 acc 0.842 | val loss 0.4378 acc 0.856 *
[efficientnet_b0 trial13] Epoch   6/100 | LR: 4.87e-04 | train loss 0.3696 acc 0.851 | val loss 0.3987 acc 0.854 *
[efficientnet_b0 trial13] Epoch   7/100 | LR: 4.87e-04 | train loss 0.3403 acc 0.846 | val loss 0.3614 acc 0.880 *
[efficientnet_b0 trial13] Epoch   8/100 | LR: 4.87e-04 | train loss 0.3524 acc 0.855 | val loss 0.4719 acc 0.812
[efficientnet_b0 trial13] Epoch   9/100 | LR: 4.87e-04 | train loss 0.2693 acc 0.884 | val loss 0.4697 acc 0.822
[efficientnet_b0 trial13] Epoch  10/100 | LR: 4.87e-04 | train loss 0.2492 acc 0.892 | val loss 0.4162 acc 0.854
[efficientnet_b0 trial13] Epoch  11/100 | LR: 4.87e-04 | train loss 0.3062 acc 0.875 | val loss 0.3581 acc 0.856 *
[efficientnet_b0 trial13] Epoch  12/100 | LR: 4.87e-04 | train loss 0.2493 acc 0.886 | val loss 0.4769 acc 0.854
[efficientnet_b0 trial13] Epoch  13/100 | LR: 4.87e-04 | train loss 0.2438 acc 0.891 | val loss 0.3181 acc 0.883 *
[efficientnet_b0 trial13] Epoch  14/100 | LR: 4.87e-04 | train loss 0.1668 acc 0.924 | val loss 0.4393 acc 0.854
[efficientnet_b0 trial13] Epoch  15/100 | LR: 4.87e-05 | train loss 0.2375 acc 0.910 | val loss 0.3720 acc 0.885
[efficientnet_b0 trial13] Epoch  16/100 | LR: 4.87e-05 | train loss 0.1833 acc 0.931 | val loss 0.3409 acc 0.893
[efficientnet_b0 trial13] Epoch  17/100 | LR: 4.87e-05 | train loss 0.1260 acc 0.948 | val loss 0.3298 acc 0.885
[efficientnet_b0 trial13] Epoch  18/100 | LR: 4.87e-05 | train loss 0.1132 acc 0.952 | val loss 0.3306 acc 0.893
[efficientnet_b0 trial13] Epoch  19/100 | LR: 4.87e-05 | train loss 0.1039 acc 0.954 | val loss 0.3298 acc 0.898
[efficientnet_b0 trial13] Epoch  20/100 | LR: 4.87e-05 | train loss 0.0974 acc 0.961 | val loss 0.3434 acc 0.902
[efficientnet_b0 trial13] Epoch  21/100 | LR: 4.87e-05 | train loss 0.0785 acc 0.970 | val loss 0.3293 acc 0.898
[efficientnet_b0 trial13] Epoch  22/100 | LR: 4.87e-05 | train loss 0.0816 acc 0.964 | val loss 0.3454 acc 0.898
[efficientnet_b0 trial13] Epoch  23/100 | LR: 4.87e-05 | train loss 0.0775 acc 0.962 | val loss 0.3405 acc 0.888

[efficientnet_b0 trial13] No val loss improvement for 10 epochs — stopping early at epoch 23.

[efficientnet_b0 trial13] Restored best checkpoint (val loss = 0.3181)
[11:53:28] [efficientnet_b0] trial 13 finished: best val_acc=0.8829 (at val_loss=0.3181)
[I 2026-09-22 11:53:28,160] Trial 13 finished with value: 0.8829268292682927 and parameters: {'hidden_layers': 0, 'neurons': 2048, 'lr': 0.00048694242797195977, 'beta1': 0.6820824926916869, 'step_size': 15, 'batch_size': 16}. Best is trial 11 with value: 0.8829268292682927.
[11:53:28] [efficientnet_b0] trial 14: H=0 N=2048 lr=1.40e-04 beta1=0.626 step_size=9 batch_size=16 (micro_batch=16, accum_steps=1)
[efficientnet_b0 trial14] Epoch   1/100 | LR: 1.40e-04 | train loss 1.0073 acc 0.553 | val loss 0.6903 acc 0.732 *
[efficientnet_b0 trial14] Epoch   2/100 | LR: 1.40e-04 | train loss 0.6602 acc 0.706 | val loss 0.4945 acc 0.785 *
[efficientnet_b0 trial14] Epoch   3/100 | LR: 1.40e-04 | train loss 0.5375 acc 0.758 | val loss 0.5998 acc 0.761
[efficientnet_b0 trial14] Epoch   4/100 | LR: 1.40e-04 | train loss 0.4683 acc 0.810 | val loss 0.3915 acc 0.841 *
[efficientnet_b0 trial14] Epoch   5/100 | LR: 1.40e-04 | train loss 0.3871 acc 0.827 | val loss 0.3321 acc 0.866 *
[efficientnet_b0 trial14] Epoch   6/100 | LR: 1.40e-04 | train loss 0.3510 acc 0.850 | val loss 0.3843 acc 0.841
[efficientnet_b0 trial14] Epoch   7/100 | LR: 1.40e-04 | train loss 0.2880 acc 0.866 | val loss 0.4077 acc 0.856
[efficientnet_b0 trial14] Epoch   8/100 | LR: 1.40e-04 | train loss 0.2508 acc 0.884 | val loss 0.3543 acc 0.868
[efficientnet_b0 trial14] Epoch   9/100 | LR: 1.40e-05 | train loss 0.2448 acc 0.887 | val loss 0.3121 acc 0.890 *
[efficientnet_b0 trial14] Epoch  10/100 | LR: 1.40e-05 | train loss 0.2188 acc 0.911 | val loss 0.3123 acc 0.868
[efficientnet_b0 trial14] Epoch  11/100 | LR: 1.40e-05 | train loss 0.1851 acc 0.919 | val loss 0.2985 acc 0.880 *
[efficientnet_b0 trial14] Epoch  12/100 | LR: 1.40e-05 | train loss 0.1672 acc 0.926 | val loss 0.3020 acc 0.895
[efficientnet_b0 trial14] Epoch  13/100 | LR: 1.40e-05 | train loss 0.1734 acc 0.923 | val loss 0.2796 acc 0.880 *
[efficientnet_b0 trial14] Epoch  14/100 | LR: 1.40e-05 | train loss 0.1657 acc 0.925 | val loss 0.2704 acc 0.883 *
[efficientnet_b0 trial14] Epoch  15/100 | LR: 1.40e-05 | train loss 0.1627 acc 0.930 | val loss 0.2969 acc 0.890
[efficientnet_b0 trial14] Epoch  16/100 | LR: 1.40e-05 | train loss 0.1571 acc 0.933 | val loss 0.2748 acc 0.898
[efficientnet_b0 trial14] Epoch  17/100 | LR: 1.40e-05 | train loss 0.1427 acc 0.938 | val loss 0.3006 acc 0.888
[efficientnet_b0 trial14] Epoch  18/100 | LR: 1.40e-06 | train loss 0.1335 acc 0.937 | val loss 0.2863 acc 0.888
[efficientnet_b0 trial14] Epoch  19/100 | LR: 1.40e-06 | train loss 0.1547 acc 0.936 | val loss 0.3041 acc 0.878
[efficientnet_b0 trial14] Epoch  20/100 | LR: 1.40e-06 | train loss 0.1246 acc 0.934 | val loss 0.2826 acc 0.890
[efficientnet_b0 trial14] Epoch  21/100 | LR: 1.40e-06 | train loss 0.1390 acc 0.937 | val loss 0.2731 acc 0.893
[efficientnet_b0 trial14] Epoch  22/100 | LR: 1.40e-06 | train loss 0.1548 acc 0.931 | val loss 0.2727 acc 0.893
[efficientnet_b0 trial14] Epoch  23/100 | LR: 1.40e-06 | train loss 0.1411 acc 0.934 | val loss 0.2683 acc 0.893 *
[efficientnet_b0 trial14] Epoch  24/100 | LR: 1.40e-06 | train loss 0.1406 acc 0.939 | val loss 0.2966 acc 0.885
[efficientnet_b0 trial14] Epoch  25/100 | LR: 1.40e-06 | train loss 0.1267 acc 0.936 | val loss 0.2765 acc 0.895
[efficientnet_b0 trial14] Epoch  26/100 | LR: 1.40e-06 | train loss 0.1439 acc 0.940 | val loss 0.2948 acc 0.893
[efficientnet_b0 trial14] Epoch  27/100 | LR: 1.40e-07 | train loss 0.1274 acc 0.934 | val loss 0.2949 acc 0.888
[efficientnet_b0 trial14] Epoch  28/100 | LR: 1.40e-07 | train loss 0.1385 acc 0.936 | val loss 0.2868 acc 0.895
[efficientnet_b0 trial14] Epoch  29/100 | LR: 1.40e-07 | train loss 0.1440 acc 0.934 | val loss 0.2757 acc 0.895
[efficientnet_b0 trial14] Epoch  30/100 | LR: 1.40e-07 | train loss 0.1469 acc 0.936 | val loss 0.2886 acc 0.888
[efficientnet_b0 trial14] Epoch  31/100 | LR: 1.40e-07 | train loss 0.1406 acc 0.947 | val loss 0.2789 acc 0.890
[efficientnet_b0 trial14] Epoch  32/100 | LR: 1.40e-07 | train loss 0.1470 acc 0.933 | val loss 0.2772 acc 0.888
[W 2026-09-22 11:56:33,297] Trial 14 failed with parameters: {'hidden_layers': 0, 'neurons': 2048, 'lr': 0.0001399011193741988, 'beta1': 0.6263603130105, 'step_size': 9, 'batch_size': 16} because of the following error: AcceleratorError("CUDA error: the launch timed out and was terminated\nSearch for `cudaErrorLaunchTimeout' in https://docs.nvidia.com/cuda/cuda-runtime-api/group__CUDART__TYPES.html for more information.\nFor more detailed error information, run with CUDA_LOG_FILE=stderr\n").
Traceback (most recent call last):
  File "/home/janes/Repos/Skripsie/CNN/tune.py", line 178, in objective
    train_model(
    ~~~~~~~~~~~^
        model, train_loader_arch, val_loader_arch, optimizer, scheduler,
        ^^^^^^^^^^^^^^^^^^^^^^^^^^^^^^^^^^^^^^^^^^^^^^^^^^^^^^^^^^^^^^^^
    ...<2 lines>...
        epoch_callback=epoch_cb,
        ^^^^^^^^^^^^^^^^^^^^^^^^
    )
    ^
  File "/home/janes/Repos/Skripsie/CNN/wwtw_utils.py", line 423, in train_model
    train_loss, train_acc = run_epoch(model, train_loader, optimizer, criterion, True,
                            ~~~~~~~~~^^^^^^^^^^^^^^^^^^^^^^^^^^^^^^^^^^^^^^^^^^^^^^^^^
                                       is_inception, accum_steps, scaler)
                                       ^^^^^^^^^^^^^^^^^^^^^^^^^^^^^^^^^^
  File "/home/janes/Repos/Skripsie/CNN/wwtw_utils.py", line 342, in run_epoch
    images, labels = images.to(device), labels.to(device)
                     ~~~~~~~~~^^^^^^^^
torch.AcceleratorError: CUDA error: the launch timed out and was terminated
Search for `cudaErrorLaunchTimeout' in https://docs.nvidia.com/cuda/cuda-runtime-api/group__CUDART__TYPES.html for more information.
For more detailed error information, run with CUDA_LOG_FILE=stderr


During handling of the above exception, another exception occurred:

Traceback (most recent call last):
  File "/home/janes/Repos/Skripsie/.venv/lib/python3.14/site-packages/optuna/study/_optimize.py", line 206, in _run_trial
    value_or_values = func(trial)
  File "/home/janes/Repos/Skripsie/CNN/tune.py", line 189, in objective
    torch.cuda.empty_cache()
    ~~~~~~~~~~~~~~~~~~~~~~^^
  File "/home/janes/Repos/Skripsie/.venv/lib/python3.14/site-packages/torch/cuda/memory.py", line 228, in empty_cache
    torch._C._cuda_emptyCache()
    ~~~~~~~~~~~~~~~~~~~~~~~~~^^
torch.AcceleratorError: CUDA error: the launch timed out and was terminated
Search for `cudaErrorLaunchTimeout' in https://docs.nvidia.com/cuda/cuda-runtime-api/group__CUDART__TYPES.html for more information.
For more detailed error information, run with CUDA_LOG_FILE=stderr

[W 2026-09-22 11:56:33,298] Trial 14 failed with value None.
Traceback (most recent call last):
  File "/home/janes/Repos/Skripsie/CNN/tune.py", line 178, in objective
    train_model(
    ~~~~~~~~~~~^
        model, train_loader_arch, val_loader_arch, optimizer, scheduler,
        ^^^^^^^^^^^^^^^^^^^^^^^^^^^^^^^^^^^^^^^^^^^^^^^^^^^^^^^^^^^^^^^^
    ...<2 lines>...
        epoch_callback=epoch_cb,
        ^^^^^^^^^^^^^^^^^^^^^^^^
    )
    ^
  File "/home/janes/Repos/Skripsie/CNN/wwtw_utils.py", line 423, in train_model
    train_loss, train_acc = run_epoch(model, train_loader, optimizer, criterion, True,
                            ~~~~~~~~~^^^^^^^^^^^^^^^^^^^^^^^^^^^^^^^^^^^^^^^^^^^^^^^^^
                                       is_inception, accum_steps, scaler)
                                       ^^^^^^^^^^^^^^^^^^^^^^^^^^^^^^^^^^
  File "/home/janes/Repos/Skripsie/CNN/wwtw_utils.py", line 342, in run_epoch
    images, labels = images.to(device), labels.to(device)
                     ~~~~~~~~~^^^^^^^^
torch.AcceleratorError: CUDA error: the launch timed out and was terminated
Search for `cudaErrorLaunchTimeout' in https://docs.nvidia.com/cuda/cuda-runtime-api/group__CUDART__TYPES.html for more information.
For more detailed error information, run with CUDA_LOG_FILE=stderr


During handling of the above exception, another exception occurred:

Traceback (most recent call last):
  File "/home/janes/Repos/Skripsie/CNN/tune.py", line 294, in <module>
    main()
    ~~~~^^
  File "/home/janes/Repos/Skripsie/CNN/tune.py", line 288, in main
    tune_architecture(arch, args.n_trials)
    ~~~~~~~~~~~~~~~~~^^^^^^^^^^^^^^^^^^^^^
  File "/home/janes/Repos/Skripsie/CNN/tune.py", line 243, in tune_architecture
    study.optimize(make_objective(arch), n_trials=remaining)
    ~~~~~~~~~~~~~~^^^^^^^^^^^^^^^^^^^^^^^^^^^^^^^^^^^^^^^^^^
  File "/home/janes/Repos/Skripsie/.venv/lib/python3.14/site-packages/optuna/study/study.py", line 502, in optimize
    _optimize(
    ~~~~~~~~~^
        study=self,
        ^^^^^^^^^^^
    ...<7 lines>...
        show_progress_bar=show_progress_bar,
        ^^^^^^^^^^^^^^^^^^^^^^^^^^^^^^^^^^^^
    )
    ^
  File "/home/janes/Repos/Skripsie/.venv/lib/python3.14/site-packages/optuna/study/_optimize.py", line 68, in _optimize
    _optimize_sequential(
    ~~~~~~~~~~~~~~~~~~~~^
        study,
        ^^^^^^
    ...<8 lines>...
        progress_bar=progress_bar,
        ^^^^^^^^^^^^^^^^^^^^^^^^^^
    )
    ^
  File "/home/janes/Repos/Skripsie/.venv/lib/python3.14/site-packages/optuna/study/_optimize.py", line 165, in _optimize_sequential
    frozen_trial_id = _run_trial(study, func, catch)
  File "/home/janes/Repos/Skripsie/.venv/lib/python3.14/site-packages/optuna/study/_optimize.py", line 263, in _run_trial
    raise func_err
  File "/home/janes/Repos/Skripsie/.venv/lib/python3.14/site-packages/optuna/study/_optimize.py", line 206, in _run_trial
    value_or_values = func(trial)
  File "/home/janes/Repos/Skripsie/CNN/tune.py", line 189, in objective
    torch.cuda.empty_cache()
    ~~~~~~~~~~~~~~~~~~~~~~^^
  File "/home/janes/Repos/Skripsie/.venv/lib/python3.14/site-packages/torch/cuda/memory.py", line 228, in empty_cache
    torch._C._cuda_emptyCache()
    ~~~~~~~~~~~~~~~~~~~~~~~~~^^
torch.AcceleratorError: CUDA error: the launch timed out and was terminated
Search for `cudaErrorLaunchTimeout' in https://docs.nvidia.com/cuda/cuda-runtime-api/group__CUDART__TYPES.html for more information.
For more detailed error information, run with CUDA_LOG_FILE=stderr

[11:56:34] === run_tuning_with_retries: tune.py exited with code 1, retrying in 15s ===
[11:56:49] === run_tuning_with_retries: attempt 3/50 ===
Using device: cuda
Test set ID (derived from DATASET_ROOT): NoordelikeWerke
Classes found (4): ['Dysfunctional', 'Empty', 'Functional', 'Scum']
Train: 1692 | Val: 410 | Test: 405
[11:56:50] Dataset root: ../cnn_dataset_split_facility_test-NoordelikeWerke  Component: clarifier
[11:56:50] Architectures to tune (6): ['resnet18', 'efficientnet_b0', 'densenet121', 'resnet50', 'convnext_tiny', 'inception_v3']
[11:56:50] Trials per architecture: 20
[11:56:50] [resnet18] already has a saved result in tuned_hyperparams.json (val_acc=0.8927) -- skipping.
[I 2026-09-22 11:56:51,122] Using an existing study with `study_name='efficientnet_b0_tune'` instead of creating a new one.
[11:56:51] === efficientnet_b0: 15/20 trials already recorded, 5 remaining, img_size=(224, 224) ===
[11:56:51] [efficientnet_b0] trial 15: H=0 N=2048 lr=1.23e-04 beta1=0.704 step_size=10 batch_size=24 (micro_batch=16, accum_steps=2)
[efficientnet_b0 trial15] Using gradient accumulation: 2 micro-batches per optimizer step (effective batch size ≈ micro_batch x 2).
Using device: cuda
Test set ID (derived from DATASET_ROOT): NoordelikeWerke
Classes found (4): ['Dysfunctional', 'Empty', 'Functional', 'Scum']
Train: 1692 | Val: 410 | Test: 405
[efficientnet_b0 trial15] Epoch   1/100 | LR: 1.23e-04 | train loss 1.1785 acc 0.514 | val loss 0.8856 acc 0.688 *
[efficientnet_b0 trial15] Epoch   2/100 | LR: 1.23e-04 | train loss 0.7916 acc 0.686 | val loss 0.6051 acc 0.780 *
[efficientnet_b0 trial15] Epoch   3/100 | LR: 1.23e-04 | train loss 0.6140 acc 0.743 | val loss 0.4553 acc 0.812 *
[efficientnet_b0 trial15] Epoch   4/100 | LR: 1.23e-04 | train loss 0.5261 acc 0.796 | val loss 0.4190 acc 0.827 *
[efficientnet_b0 trial15] Epoch   5/100 | LR: 1.23e-04 | train loss 0.4398 acc 0.801 | val loss 0.3697 acc 0.846 *
[efficientnet_b0 trial15] Epoch   6/100 | LR: 1.23e-04 | train loss 0.3654 acc 0.834 | val loss 0.3737 acc 0.868
[efficientnet_b0 trial15] Epoch   7/100 | LR: 1.23e-04 | train loss 0.3630 acc 0.842 | val loss 0.3668 acc 0.871 *
[efficientnet_b0 trial15] Epoch   8/100 | LR: 1.23e-04 | train loss 0.3271 acc 0.864 | val loss 0.3696 acc 0.849
[efficientnet_b0 trial15] Epoch   9/100 | LR: 1.23e-04 | train loss 0.3003 acc 0.872 | val loss 0.3838 acc 0.846
[efficientnet_b0 trial15] Epoch  10/100 | LR: 1.23e-05 | train loss 0.2421 acc 0.896 | val loss 0.3651 acc 0.854 *
[efficientnet_b0 trial15] Epoch  11/100 | LR: 1.23e-05 | train loss 0.2026 acc 0.902 | val loss 0.3450 acc 0.866 *
[efficientnet_b0 trial15] Epoch  12/100 | LR: 1.23e-05 | train loss 0.1896 acc 0.922 | val loss 0.3535 acc 0.859
[efficientnet_b0 trial15] Epoch  13/100 | LR: 1.23e-05 | train loss 0.2042 acc 0.912 | val loss 0.3455 acc 0.859
[efficientnet_b0 trial15] Epoch  14/100 | LR: 1.23e-05 | train loss 0.1963 acc 0.915 | val loss 0.3352 acc 0.868 *
[efficientnet_b0 trial15] Epoch  15/100 | LR: 1.23e-05 | train loss 0.2129 acc 0.909 | val loss 0.3420 acc 0.863
[efficientnet_b0 trial15] Epoch  16/100 | LR: 1.23e-05 | train loss 0.1737 acc 0.927 | val loss 0.3310 acc 0.863 *
[efficientnet_b0 trial15] Epoch  17/100 | LR: 1.23e-05 | train loss 0.2049 acc 0.914 | val loss 0.3508 acc 0.863
[efficientnet_b0 trial15] Epoch  18/100 | LR: 1.23e-05 | train loss 0.1993 acc 0.905 | val loss 0.3229 acc 0.863 *
[efficientnet_b0 trial15] Epoch  19/100 | LR: 1.23e-05 | train loss 0.1938 acc 0.902 | val loss 0.3404 acc 0.876
[efficientnet_b0 trial15] Epoch  20/100 | LR: 1.23e-06 | train loss 0.1788 acc 0.914 | val loss 0.3234 acc 0.871
[efficientnet_b0 trial15] Epoch  21/100 | LR: 1.23e-06 | train loss 0.1774 acc 0.932 | val loss 0.3306 acc 0.878
[efficientnet_b0 trial15] Epoch  22/100 | LR: 1.23e-06 | train loss 0.1612 acc 0.928 | val loss 0.3379 acc 0.873
[efficientnet_b0 trial15] Epoch  23/100 | LR: 1.23e-06 | train loss 0.1676 acc 0.926 | val loss 0.3513 acc 0.871
[efficientnet_b0 trial15] Epoch  24/100 | LR: 1.23e-06 | train loss 0.1757 acc 0.931 | val loss 0.3367 acc 0.866
[efficientnet_b0 trial15] Epoch  25/100 | LR: 1.23e-06 | train loss 0.1627 acc 0.933 | val loss 0.3347 acc 0.868
[efficientnet_b0 trial15] Epoch  26/100 | LR: 1.23e-06 | train loss 0.1711 acc 0.927 | val loss 0.3367 acc 0.873
[efficientnet_b0 trial15] Epoch  27/100 | LR: 1.23e-06 | train loss 0.1556 acc 0.932 | val loss 0.3162 acc 0.871 *
[efficientnet_b0 trial15] Epoch  28/100 | LR: 1.23e-06 | train loss 0.1670 acc 0.930 | val loss 0.3481 acc 0.861
[efficientnet_b0 trial15] Epoch  29/100 | LR: 1.23e-06 | train loss 0.1732 acc 0.914 | val loss 0.3328 acc 0.873
[efficientnet_b0 trial15] Epoch  30/100 | LR: 1.23e-07 | train loss 0.1728 acc 0.922 | val loss 0.3235 acc 0.868
[efficientnet_b0 trial15] Epoch  31/100 | LR: 1.23e-07 | train loss 0.1535 acc 0.928 | val loss 0.3271 acc 0.873
[efficientnet_b0 trial15] Epoch  32/100 | LR: 1.23e-07 | train loss 0.1650 acc 0.928 | val loss 0.3317 acc 0.863
[efficientnet_b0 trial15] Epoch  33/100 | LR: 1.23e-07 | train loss 0.1580 acc 0.925 | val loss 0.3125 acc 0.873 *
[efficientnet_b0 trial15] Epoch  34/100 | LR: 1.23e-07 | train loss 0.1583 acc 0.933 | val loss 0.3153 acc 0.871
[efficientnet_b0 trial15] Epoch  35/100 | LR: 1.23e-07 | train loss 0.1560 acc 0.928 | val loss 0.3122 acc 0.868 *
[efficientnet_b0 trial15] Epoch  36/100 | LR: 1.23e-07 | train loss 0.1531 acc 0.933 | val loss 0.3326 acc 0.868
[efficientnet_b0 trial15] Epoch  37/100 | LR: 1.23e-07 | train loss 0.1526 acc 0.931 | val loss 0.3457 acc 0.861
[efficientnet_b0 trial15] Epoch  38/100 | LR: 1.23e-07 | train loss 0.1726 acc 0.921 | val loss 0.3433 acc 0.866
[efficientnet_b0 trial15] Epoch  39/100 | LR: 1.23e-07 | train loss 0.1625 acc 0.931 | val loss 0.3452 acc 0.866
[efficientnet_b0 trial15] Epoch  40/100 | LR: 1.23e-08 | train loss 0.1532 acc 0.936 | val loss 0.3138 acc 0.871
[efficientnet_b0 trial15] Epoch  41/100 | LR: 1.23e-08 | train loss 0.1647 acc 0.930 | val loss 0.3242 acc 0.868
[efficientnet_b0 trial15] Epoch  42/100 | LR: 1.23e-08 | train loss 0.1701 acc 0.922 | val loss 0.3286 acc 0.863
[efficientnet_b0 trial15] Epoch  43/100 | LR: 1.23e-08 | train loss 0.1680 acc 0.926 | val loss 0.3083 acc 0.873 *
[efficientnet_b0 trial15] Epoch  44/100 | LR: 1.23e-08 | train loss 0.1566 acc 0.929 | val loss 0.3306 acc 0.866
[efficientnet_b0 trial15] Epoch  45/100 | LR: 1.23e-08 | train loss 0.1621 acc 0.933 | val loss 0.3343 acc 0.868
[efficientnet_b0 trial15] Epoch  46/100 | LR: 1.23e-08 | train loss 0.1771 acc 0.924 | val loss 0.3185 acc 0.876
[efficientnet_b0 trial15] Epoch  47/100 | LR: 1.23e-08 | train loss 0.1668 acc 0.922 | val loss 0.3311 acc 0.868
[efficientnet_b0 trial15] Epoch  48/100 | LR: 1.23e-08 | train loss 0.1783 acc 0.923 | val loss 0.3209 acc 0.871
[efficientnet_b0 trial15] Epoch  49/100 | LR: 1.23e-08 | train loss 0.1736 acc 0.922 | val loss 0.3332 acc 0.868
[efficientnet_b0 trial15] Epoch  50/100 | LR: 1.23e-09 | train loss 0.1610 acc 0.923 | val loss 0.3313 acc 0.876
[efficientnet_b0 trial15] Epoch  51/100 | LR: 1.23e-09 | train loss 0.1624 acc 0.929 | val loss 0.3307 acc 0.863
[efficientnet_b0 trial15] Epoch  52/100 | LR: 1.23e-09 | train loss 0.2088 acc 0.913 | val loss 0.3191 acc 0.868
[efficientnet_b0 trial15] Epoch  53/100 | LR: 1.23e-09 | train loss 0.1737 acc 0.919 | val loss 0.3204 acc 0.876

[efficientnet_b0 trial15] No val loss improvement for 10 epochs — stopping early at epoch 53.

[efficientnet_b0 trial15] Restored best checkpoint (val loss = 0.3083)
[12:01:53] [efficientnet_b0] trial 15 finished: best val_acc=0.8732 (at val_loss=0.3083)
[I 2026-09-22 12:01:53,529] Trial 15 finished with value: 0.8731707317073171 and parameters: {'hidden_layers': 0, 'neurons': 2048, 'lr': 0.00012287069730779646, 'beta1': 0.7039636299514623, 'step_size': 10, 'batch_size': 24}. Best is trial 11 with value: 0.8829268292682927.
[12:01:53] [efficientnet_b0] trial 16: H=0 N=2048 lr=4.89e-04 beta1=0.857 step_size=5 batch_size=96 (micro_batch=16, accum_steps=6)
[efficientnet_b0 trial16] Using gradient accumulation: 6 micro-batches per optimizer step (effective batch size ≈ micro_batch x 6).
[efficientnet_b0 trial16] Epoch   1/100 | LR: 4.89e-04 | train loss 1.0689 acc 0.490 | val loss 0.6274 acc 0.776 *
[efficientnet_b0 trial16] Epoch   2/100 | LR: 4.89e-04 | train loss 0.6443 acc 0.722 | val loss 0.5451 acc 0.785 *
[efficientnet_b0 trial16] Epoch   3/100 | LR: 4.89e-04 | train loss 0.4872 acc 0.774 | val loss 0.4709 acc 0.805 *
[efficientnet_b0 trial16] Epoch   4/100 | LR: 4.89e-04 | train loss 0.4236 acc 0.822 | val loss 0.4032 acc 0.846 *
[efficientnet_b0 trial16] Epoch   5/100 | LR: 4.89e-05 | train loss 0.3919 acc 0.832 | val loss 0.4956 acc 0.795
[efficientnet_b0 trial16] Epoch   6/100 | LR: 4.89e-05 | train loss 0.3011 acc 0.855 | val loss 0.3882 acc 0.839 *
[efficientnet_b0 trial16] Epoch   7/100 | LR: 4.89e-05 | train loss 0.2857 acc 0.878 | val loss 0.3673 acc 0.854 *
[efficientnet_b0 trial16] Epoch   8/100 | LR: 4.89e-05 | train loss 0.2544 acc 0.889 | val loss 0.3584 acc 0.866 *
[efficientnet_b0 trial16] Epoch   9/100 | LR: 4.89e-05 | train loss 0.2646 acc 0.891 | val loss 0.3411 acc 0.859 *
[efficientnet_b0 trial16] Epoch  10/100 | LR: 4.89e-06 | train loss 0.2303 acc 0.891 | val loss 0.3372 acc 0.878 *
[efficientnet_b0 trial16] Epoch  11/100 | LR: 4.89e-06 | train loss 0.2125 acc 0.906 | val loss 0.3209 acc 0.878 *
[efficientnet_b0 trial16] Epoch  12/100 | LR: 4.89e-06 | train loss 0.2282 acc 0.904 | val loss 0.3276 acc 0.878
[efficientnet_b0 trial16] Epoch  13/100 | LR: 4.89e-06 | train loss 0.2445 acc 0.900 | val loss 0.3475 acc 0.868
[efficientnet_b0 trial16] Epoch  14/100 | LR: 4.89e-06 | train loss 0.2079 acc 0.904 | val loss 0.3329 acc 0.883
[efficientnet_b0 trial16] Epoch  15/100 | LR: 4.89e-07 | train loss 0.2094 acc 0.908 | val loss 0.3247 acc 0.880
[efficientnet_b0 trial16] Epoch  16/100 | LR: 4.89e-07 | train loss 0.2054 acc 0.910 | val loss 0.3358 acc 0.883
[efficientnet_b0 trial16] Epoch  17/100 | LR: 4.89e-07 | train loss 0.2331 acc 0.898 | val loss 0.3420 acc 0.861
[efficientnet_b0 trial16] Epoch  18/100 | LR: 4.89e-07 | train loss 0.2008 acc 0.915 | val loss 0.3244 acc 0.876
[efficientnet_b0 trial16] Epoch  19/100 | LR: 4.89e-07 | train loss 0.2121 acc 0.904 | val loss 0.3361 acc 0.880
[efficientnet_b0 trial16] Epoch  20/100 | LR: 4.89e-08 | train loss 0.2174 acc 0.908 | val loss 0.3177 acc 0.883 *
[efficientnet_b0 trial16] Epoch  21/100 | LR: 4.89e-08 | train loss 0.2250 acc 0.900 | val loss 0.3466 acc 0.873
[efficientnet_b0 trial16] Epoch  22/100 | LR: 4.89e-08 | train loss 0.2351 acc 0.897 | val loss 0.3146 acc 0.885 *
[efficientnet_b0 trial16] Epoch  23/100 | LR: 4.89e-08 | train loss 0.2286 acc 0.898 | val loss 0.3257 acc 0.880
[efficientnet_b0 trial16] Epoch  24/100 | LR: 4.89e-08 | train loss 0.2068 acc 0.910 | val loss 0.3350 acc 0.880
[efficientnet_b0 trial16] Epoch  25/100 | LR: 4.89e-09 | train loss 0.2229 acc 0.899 | val loss 0.3422 acc 0.883
[efficientnet_b0 trial16] Epoch  26/100 | LR: 4.89e-09 | train loss 0.2215 acc 0.902 | val loss 0.3292 acc 0.871
[efficientnet_b0 trial16] Epoch  27/100 | LR: 4.89e-09 | train loss 0.2281 acc 0.905 | val loss 0.3184 acc 0.880
[efficientnet_b0 trial16] Epoch  28/100 | LR: 4.89e-09 | train loss 0.2355 acc 0.901 | val loss 0.3296 acc 0.873
[efficientnet_b0 trial16] Epoch  29/100 | LR: 4.89e-09 | train loss 0.2191 acc 0.904 | val loss 0.3211 acc 0.878
[efficientnet_b0 trial16] Epoch  30/100 | LR: 4.89e-10 | train loss 0.2257 acc 0.903 | val loss 0.3293 acc 0.893
[efficientnet_b0 trial16] Epoch  31/100 | LR: 4.89e-10 | train loss 0.2341 acc 0.906 | val loss 0.3419 acc 0.878
[efficientnet_b0 trial16] Epoch  32/100 | LR: 4.89e-10 | train loss 0.2143 acc 0.901 | val loss 0.3393 acc 0.883

[efficientnet_b0 trial16] No val loss improvement for 10 epochs — stopping early at epoch 32.

[efficientnet_b0 trial16] Restored best checkpoint (val loss = 0.3146)
[12:04:50] [efficientnet_b0] trial 16 finished: best val_acc=0.8854 (at val_loss=0.3146)
[I 2026-09-22 12:04:50,051] Trial 16 finished with value: 0.8853658536585366 and parameters: {'hidden_layers': 0, 'neurons': 2048, 'lr': 0.000489229364755062, 'beta1': 0.8568488007968798, 'step_size': 5, 'batch_size': 96}. Best is trial 16 with value: 0.8853658536585366.
[12:04:50] [efficientnet_b0] trial 17: H=0 N=2048 lr=6.68e-03 beta1=0.975 step_size=7 batch_size=96 (micro_batch=16, accum_steps=6)
[efficientnet_b0 trial17] Using gradient accumulation: 6 micro-batches per optimizer step (effective batch size ≈ micro_batch x 6).
[efficientnet_b0 trial17] Epoch   1/100 | LR: 6.68e-03 | train loss 1.3965 acc 0.359 | val loss 1.2021 acc 0.395 *
[efficientnet_b0 trial17] Epoch   2/100 | LR: 6.68e-03 | train loss 1.1352 acc 0.454 | val loss 0.9427 acc 0.593 *
[efficientnet_b0 trial17] Epoch   3/100 | LR: 6.68e-03 | train loss 1.0002 acc 0.548 | val loss 0.7864 acc 0.671 *
[efficientnet_b0 trial17] Epoch   4/100 | LR: 6.68e-03 | train loss 0.9589 acc 0.581 | val loss 0.7539 acc 0.671 *
[efficientnet_b0 trial17] Epoch   5/100 | LR: 6.68e-03 | train loss 0.9168 acc 0.567 | val loss 0.7166 acc 0.702 *
[I 2026-09-22 12:05:17,865] Trial 17 pruned. 
[12:05:17] [efficientnet_b0] trial 18: H=0 N=2048 lr=7.84e-04 beta1=0.901 step_size=8 batch_size=96 (micro_batch=16, accum_steps=6)
[efficientnet_b0 trial18] Using gradient accumulation: 6 micro-batches per optimizer step (effective batch size ≈ micro_batch x 6).
[efficientnet_b0 trial18] Epoch   1/100 | LR: 7.84e-04 | train loss 0.9862 acc 0.558 | val loss 0.6502 acc 0.771 *
[efficientnet_b0 trial18] Epoch   2/100 | LR: 7.84e-04 | train loss 0.6632 acc 0.716 | val loss 0.4564 acc 0.824 *
[efficientnet_b0 trial18] Epoch   3/100 | LR: 7.84e-04 | train loss 0.4713 acc 0.791 | val loss 0.5163 acc 0.793
[efficientnet_b0 trial18] Epoch   4/100 | LR: 7.84e-04 | train loss 0.4430 acc 0.820 | val loss 0.4727 acc 0.800
[efficientnet_b0 trial18] Epoch   5/100 | LR: 7.84e-04 | train loss 0.3979 acc 0.842 | val loss 0.4273 acc 0.829 *
[efficientnet_b0 trial18] Epoch   6/100 | LR: 7.84e-04 | train loss 0.3523 acc 0.852 | val loss 0.3545 acc 0.868 *
[efficientnet_b0 trial18] Epoch   7/100 | LR: 7.84e-04 | train loss 0.2829 acc 0.884 | val loss 0.3524 acc 0.863 *
[efficientnet_b0 trial18] Epoch   8/100 | LR: 7.84e-05 | train loss 0.2710 acc 0.898 | val loss 0.4019 acc 0.834
[efficientnet_b0 trial18] Epoch   9/100 | LR: 7.84e-05 | train loss 0.2336 acc 0.899 | val loss 0.3312 acc 0.868 *
[efficientnet_b0 trial18] Epoch  10/100 | LR: 7.84e-05 | train loss 0.1895 acc 0.915 | val loss 0.3221 acc 0.873 *
[efficientnet_b0 trial18] Epoch  11/100 | LR: 7.84e-05 | train loss 0.1652 acc 0.915 | val loss 0.3049 acc 0.873 *
[efficientnet_b0 trial18] Epoch  12/100 | LR: 7.84e-05 | train loss 0.1526 acc 0.931 | val loss 0.3095 acc 0.868
[efficientnet_b0 trial18] Epoch  13/100 | LR: 7.84e-05 | train loss 0.1579 acc 0.926 | val loss 0.3139 acc 0.868
[efficientnet_b0 trial18] Epoch  14/100 | LR: 7.84e-05 | train loss 0.1408 acc 0.939 | val loss 0.3199 acc 0.876
[efficientnet_b0 trial18] Epoch  15/100 | LR: 7.84e-05 | train loss 0.1286 acc 0.947 | val loss 0.3307 acc 0.878
[efficientnet_b0 trial18] Epoch  16/100 | LR: 7.84e-06 | train loss 0.1210 acc 0.946 | val loss 0.3063 acc 0.880
[efficientnet_b0 trial18] Epoch  17/100 | LR: 7.84e-06 | train loss 0.1233 acc 0.944 | val loss 0.3018 acc 0.878 *
[efficientnet_b0 trial18] Epoch  18/100 | LR: 7.84e-06 | train loss 0.1204 acc 0.939 | val loss 0.3139 acc 0.871
[efficientnet_b0 trial18] Epoch  19/100 | LR: 7.84e-06 | train loss 0.1192 acc 0.944 | val loss 0.3012 acc 0.876 *
[efficientnet_b0 trial18] Epoch  20/100 | LR: 7.84e-06 | train loss 0.1410 acc 0.930 | val loss 0.3010 acc 0.868 *
[efficientnet_b0 trial18] Epoch  21/100 | LR: 7.84e-06 | train loss 0.1203 acc 0.947 | val loss 0.2953 acc 0.878 *
[efficientnet_b0 trial18] Epoch  22/100 | LR: 7.84e-06 | train loss 0.1395 acc 0.942 | val loss 0.2914 acc 0.878 *
[efficientnet_b0 trial18] Epoch  23/100 | LR: 7.84e-06 | train loss 0.1415 acc 0.944 | val loss 0.2998 acc 0.871
[efficientnet_b0 trial18] Epoch  24/100 | LR: 7.84e-07 | train loss 0.1242 acc 0.940 | val loss 0.2887 acc 0.878 *
[efficientnet_b0 trial18] Epoch  25/100 | LR: 7.84e-07 | train loss 0.1144 acc 0.944 | val loss 0.2944 acc 0.878
[efficientnet_b0 trial18] Epoch  26/100 | LR: 7.84e-07 | train loss 0.1223 acc 0.943 | val loss 0.2980 acc 0.883
[efficientnet_b0 trial18] Epoch  27/100 | LR: 7.84e-07 | train loss 0.1329 acc 0.952 | val loss 0.2986 acc 0.873
[efficientnet_b0 trial18] Epoch  28/100 | LR: 7.84e-07 | train loss 0.1189 acc 0.943 | val loss 0.3051 acc 0.876
[efficientnet_b0 trial18] Epoch  29/100 | LR: 7.84e-07 | train loss 0.1037 acc 0.951 | val loss 0.2944 acc 0.880
[efficientnet_b0 trial18] Epoch  30/100 | LR: 7.84e-07 | train loss 0.1229 acc 0.943 | val loss 0.2911 acc 0.880
[efficientnet_b0 trial18] Epoch  31/100 | LR: 7.84e-07 | train loss 0.1156 acc 0.950 | val loss 0.2889 acc 0.878
[efficientnet_b0 trial18] Epoch  32/100 | LR: 7.84e-08 | train loss 0.1334 acc 0.942 | val loss 0.3000 acc 0.876
[efficientnet_b0 trial18] Epoch  33/100 | LR: 7.84e-08 | train loss 0.1141 acc 0.954 | val loss 0.3090 acc 0.876
[efficientnet_b0 trial18] Epoch  34/100 | LR: 7.84e-08 | train loss 0.1181 acc 0.949 | val loss 0.2864 acc 0.880 *
[efficientnet_b0 trial18] Epoch  35/100 | LR: 7.84e-08 | train loss 0.1215 acc 0.953 | val loss 0.2889 acc 0.876
[efficientnet_b0 trial18] Epoch  36/100 | LR: 7.84e-08 | train loss 0.1218 acc 0.949 | val loss 0.2890 acc 0.880
[efficientnet_b0 trial18] Epoch  37/100 | LR: 7.84e-08 | train loss 0.1280 acc 0.944 | val loss 0.2908 acc 0.878
[W 2026-09-22 12:08:45,297] Trial 18 failed with parameters: {'hidden_layers': 0, 'neurons': 2048, 'lr': 0.0007839184146607618, 'beta1': 0.9010735711210773, 'step_size': 8, 'batch_size': 96} because of the following error: AcceleratorError("CUDA error: the launch timed out and was terminated\nSearch for `cudaErrorLaunchTimeout' in https://docs.nvidia.com/cuda/cuda-runtime-api/group__CUDART__TYPES.html for more information.\nFor more detailed error information, run with CUDA_LOG_FILE=stderr\n").
Traceback (most recent call last):
  File "/home/janes/Repos/Skripsie/CNN/tune.py", line 178, in objective
    train_model(
    ~~~~~~~~~~~^
        model, train_loader_arch, val_loader_arch, optimizer, scheduler,
        ^^^^^^^^^^^^^^^^^^^^^^^^^^^^^^^^^^^^^^^^^^^^^^^^^^^^^^^^^^^^^^^^
    ...<2 lines>...
        epoch_callback=epoch_cb,
        ^^^^^^^^^^^^^^^^^^^^^^^^
    )
    ^
  File "/home/janes/Repos/Skripsie/CNN/wwtw_utils.py", line 423, in train_model
    train_loss, train_acc = run_epoch(model, train_loader, optimizer, criterion, True,
                            ~~~~~~~~~^^^^^^^^^^^^^^^^^^^^^^^^^^^^^^^^^^^^^^^^^^^^^^^^^
                                       is_inception, accum_steps, scaler)
                                       ^^^^^^^^^^^^^^^^^^^^^^^^^^^^^^^^^^
  File "/home/janes/Repos/Skripsie/CNN/wwtw_utils.py", line 352, in run_epoch
    y_hat = model(images)
  File "/home/janes/Repos/Skripsie/.venv/lib/python3.14/site-packages/torch/nn/modules/module.py", line 1778, in _wrapped_call_impl
    return self._call_impl(*args, **kwargs)
           ~~~~~~~~~~~~~~~^^^^^^^^^^^^^^^^^
  File "/home/janes/Repos/Skripsie/.venv/lib/python3.14/site-packages/torch/nn/modules/module.py", line 1789, in _call_impl
    return forward_call(*args, **kwargs)
  File "/home/janes/Repos/Skripsie/.venv/lib/python3.14/site-packages/torchvision/models/efficientnet.py", line 344, in forward
    return self._forward_impl(x)
           ~~~~~~~~~~~~~~~~~~^^^
  File "/home/janes/Repos/Skripsie/.venv/lib/python3.14/site-packages/torchvision/models/efficientnet.py", line 334, in _forward_impl
    x = self.features(x)
  File "/home/janes/Repos/Skripsie/.venv/lib/python3.14/site-packages/torch/nn/modules/module.py", line 1778, in _wrapped_call_impl
    return self._call_impl(*args, **kwargs)
           ~~~~~~~~~~~~~~~^^^^^^^^^^^^^^^^^
  File "/home/janes/Repos/Skripsie/.venv/lib/python3.14/site-packages/torch/nn/modules/module.py", line 1789, in _call_impl
    return forward_call(*args, **kwargs)
  File "/home/janes/Repos/Skripsie/.venv/lib/python3.14/site-packages/torch/nn/modules/container.py", line 253, in forward
    input = module(input)
  File "/home/janes/Repos/Skripsie/.venv/lib/python3.14/site-packages/torch/nn/modules/module.py", line 1778, in _wrapped_call_impl
    return self._call_impl(*args, **kwargs)
           ~~~~~~~~~~~~~~~^^^^^^^^^^^^^^^^^
  File "/home/janes/Repos/Skripsie/.venv/lib/python3.14/site-packages/torch/nn/modules/module.py", line 1789, in _call_impl
    return forward_call(*args, **kwargs)
  File "/home/janes/Repos/Skripsie/.venv/lib/python3.14/site-packages/torch/nn/modules/container.py", line 253, in forward
    input = module(input)
  File "/home/janes/Repos/Skripsie/.venv/lib/python3.14/site-packages/torch/nn/modules/module.py", line 1778, in _wrapped_call_impl
    return self._call_impl(*args, **kwargs)
           ~~~~~~~~~~~~~~~^^^^^^^^^^^^^^^^^
  File "/home/janes/Repos/Skripsie/.venv/lib/python3.14/site-packages/torch/nn/modules/module.py", line 1789, in _call_impl
    return forward_call(*args, **kwargs)
  File "/home/janes/Repos/Skripsie/.venv/lib/python3.14/site-packages/torchvision/models/efficientnet.py", line 165, in forward
    result = self.block(input)
  File "/home/janes/Repos/Skripsie/.venv/lib/python3.14/site-packages/torch/nn/modules/module.py", line 1778, in _wrapped_call_impl
    return self._call_impl(*args, **kwargs)
           ~~~~~~~~~~~~~~~^^^^^^^^^^^^^^^^^
  File "/home/janes/Repos/Skripsie/.venv/lib/python3.14/site-packages/torch/nn/modules/module.py", line 1789, in _call_impl
    return forward_call(*args, **kwargs)
  File "/home/janes/Repos/Skripsie/.venv/lib/python3.14/site-packages/torch/nn/modules/container.py", line 253, in forward
    input = module(input)
  File "/home/janes/Repos/Skripsie/.venv/lib/python3.14/site-packages/torch/nn/modules/module.py", line 1778, in _wrapped_call_impl
    return self._call_impl(*args, **kwargs)
           ~~~~~~~~~~~~~~~^^^^^^^^^^^^^^^^^
  File "/home/janes/Repos/Skripsie/.venv/lib/python3.14/site-packages/torch/nn/modules/module.py", line 1789, in _call_impl
    return forward_call(*args, **kwargs)
  File "/home/janes/Repos/Skripsie/.venv/lib/python3.14/site-packages/torch/nn/modules/container.py", line 253, in forward
    input = module(input)
  File "/home/janes/Repos/Skripsie/.venv/lib/python3.14/site-packages/torch/nn/modules/module.py", line 1778, in _wrapped_call_impl
    return self._call_impl(*args, **kwargs)
           ~~~~~~~~~~~~~~~^^^^^^^^^^^^^^^^^
  File "/home/janes/Repos/Skripsie/.venv/lib/python3.14/site-packages/torch/nn/modules/module.py", line 1789, in _call_impl
    return forward_call(*args, **kwargs)
  File "/home/janes/Repos/Skripsie/.venv/lib/python3.14/site-packages/torch/nn/modules/conv.py", line 565, in forward
    return self._conv_forward(input, self.weight, self.bias)
           ~~~~~~~~~~~~~~~~~~^^^^^^^^^^^^^^^^^^^^^^^^^^^^^^^
  File "/home/janes/Repos/Skripsie/.venv/lib/python3.14/site-packages/torch/nn/modules/conv.py", line 560, in _conv_forward
    return F.conv2d(
           ~~~~~~~~^
        input, weight, bias, self.stride, self.padding, self.dilation, self.groups
        ^^^^^^^^^^^^^^^^^^^^^^^^^^^^^^^^^^^^^^^^^^^^^^^^^^^^^^^^^^^^^^^^^^^^^^^^^^
    )
    ^
torch.AcceleratorError: CUDA error: the launch timed out and was terminated
Search for `cudaErrorLaunchTimeout' in https://docs.nvidia.com/cuda/cuda-runtime-api/group__CUDART__TYPES.html for more information.
For more detailed error information, run with CUDA_LOG_FILE=stderr


During handling of the above exception, another exception occurred:

Traceback (most recent call last):
  File "/home/janes/Repos/Skripsie/.venv/lib/python3.14/site-packages/optuna/study/_optimize.py", line 206, in _run_trial
    value_or_values = func(trial)
  File "/home/janes/Repos/Skripsie/CNN/tune.py", line 189, in objective
    torch.cuda.empty_cache()
    ~~~~~~~~~~~~~~~~~~~~~~^^
  File "/home/janes/Repos/Skripsie/.venv/lib/python3.14/site-packages/torch/cuda/memory.py", line 228, in empty_cache
    torch._C._cuda_emptyCache()
    ~~~~~~~~~~~~~~~~~~~~~~~~~^^
torch.AcceleratorError: CUDA error: the launch timed out and was terminated
Search for `cudaErrorLaunchTimeout' in https://docs.nvidia.com/cuda/cuda-runtime-api/group__CUDART__TYPES.html for more information.
For more detailed error information, run with CUDA_LOG_FILE=stderr

[W 2026-09-22 12:08:45,299] Trial 18 failed with value None.
Traceback (most recent call last):
  File "/home/janes/Repos/Skripsie/CNN/tune.py", line 178, in objective
    train_model(
    ~~~~~~~~~~~^
        model, train_loader_arch, val_loader_arch, optimizer, scheduler,
        ^^^^^^^^^^^^^^^^^^^^^^^^^^^^^^^^^^^^^^^^^^^^^^^^^^^^^^^^^^^^^^^^
    ...<2 lines>...
        epoch_callback=epoch_cb,
        ^^^^^^^^^^^^^^^^^^^^^^^^
    )
    ^
  File "/home/janes/Repos/Skripsie/CNN/wwtw_utils.py", line 423, in train_model
    train_loss, train_acc = run_epoch(model, train_loader, optimizer, criterion, True,
                            ~~~~~~~~~^^^^^^^^^^^^^^^^^^^^^^^^^^^^^^^^^^^^^^^^^^^^^^^^^
                                       is_inception, accum_steps, scaler)
                                       ^^^^^^^^^^^^^^^^^^^^^^^^^^^^^^^^^^
  File "/home/janes/Repos/Skripsie/CNN/wwtw_utils.py", line 352, in run_epoch
    y_hat = model(images)
  File "/home/janes/Repos/Skripsie/.venv/lib/python3.14/site-packages/torch/nn/modules/module.py", line 1778, in _wrapped_call_impl
    return self._call_impl(*args, **kwargs)
           ~~~~~~~~~~~~~~~^^^^^^^^^^^^^^^^^
  File "/home/janes/Repos/Skripsie/.venv/lib/python3.14/site-packages/torch/nn/modules/module.py", line 1789, in _call_impl
    return forward_call(*args, **kwargs)
  File "/home/janes/Repos/Skripsie/.venv/lib/python3.14/site-packages/torchvision/models/efficientnet.py", line 344, in forward
    return self._forward_impl(x)
           ~~~~~~~~~~~~~~~~~~^^^
  File "/home/janes/Repos/Skripsie/.venv/lib/python3.14/site-packages/torchvision/models/efficientnet.py", line 334, in _forward_impl
    x = self.features(x)
  File "/home/janes/Repos/Skripsie/.venv/lib/python3.14/site-packages/torch/nn/modules/module.py", line 1778, in _wrapped_call_impl
    return self._call_impl(*args, **kwargs)
           ~~~~~~~~~~~~~~~^^^^^^^^^^^^^^^^^
  File "/home/janes/Repos/Skripsie/.venv/lib/python3.14/site-packages/torch/nn/modules/module.py", line 1789, in _call_impl
    return forward_call(*args, **kwargs)
  File "/home/janes/Repos/Skripsie/.venv/lib/python3.14/site-packages/torch/nn/modules/container.py", line 253, in forward
    input = module(input)
  File "/home/janes/Repos/Skripsie/.venv/lib/python3.14/site-packages/torch/nn/modules/module.py", line 1778, in _wrapped_call_impl
    return self._call_impl(*args, **kwargs)
           ~~~~~~~~~~~~~~~^^^^^^^^^^^^^^^^^
  File "/home/janes/Repos/Skripsie/.venv/lib/python3.14/site-packages/torch/nn/modules/module.py", line 1789, in _call_impl
    return forward_call(*args, **kwargs)
  File "/home/janes/Repos/Skripsie/.venv/lib/python3.14/site-packages/torch/nn/modules/container.py", line 253, in forward
    input = module(input)
  File "/home/janes/Repos/Skripsie/.venv/lib/python3.14/site-packages/torch/nn/modules/module.py", line 1778, in _wrapped_call_impl
    return self._call_impl(*args, **kwargs)
           ~~~~~~~~~~~~~~~^^^^^^^^^^^^^^^^^
  File "/home/janes/Repos/Skripsie/.venv/lib/python3.14/site-packages/torch/nn/modules/module.py", line 1789, in _call_impl
    return forward_call(*args, **kwargs)
  File "/home/janes/Repos/Skripsie/.venv/lib/python3.14/site-packages/torchvision/models/efficientnet.py", line 165, in forward
    result = self.block(input)
  File "/home/janes/Repos/Skripsie/.venv/lib/python3.14/site-packages/torch/nn/modules/module.py", line 1778, in _wrapped_call_impl
    return self._call_impl(*args, **kwargs)
           ~~~~~~~~~~~~~~~^^^^^^^^^^^^^^^^^
  File "/home/janes/Repos/Skripsie/.venv/lib/python3.14/site-packages/torch/nn/modules/module.py", line 1789, in _call_impl
    return forward_call(*args, **kwargs)
  File "/home/janes/Repos/Skripsie/.venv/lib/python3.14/site-packages/torch/nn/modules/container.py", line 253, in forward
    input = module(input)
  File "/home/janes/Repos/Skripsie/.venv/lib/python3.14/site-packages/torch/nn/modules/module.py", line 1778, in _wrapped_call_impl
    return self._call_impl(*args, **kwargs)
           ~~~~~~~~~~~~~~~^^^^^^^^^^^^^^^^^
  File "/home/janes/Repos/Skripsie/.venv/lib/python3.14/site-packages/torch/nn/modules/module.py", line 1789, in _call_impl
    return forward_call(*args, **kwargs)
  File "/home/janes/Repos/Skripsie/.venv/lib/python3.14/site-packages/torch/nn/modules/container.py", line 253, in forward
    input = module(input)
  File "/home/janes/Repos/Skripsie/.venv/lib/python3.14/site-packages/torch/nn/modules/module.py", line 1778, in _wrapped_call_impl
    return self._call_impl(*args, **kwargs)
           ~~~~~~~~~~~~~~~^^^^^^^^^^^^^^^^^
  File "/home/janes/Repos/Skripsie/.venv/lib/python3.14/site-packages/torch/nn/modules/module.py", line 1789, in _call_impl
    return forward_call(*args, **kwargs)
  File "/home/janes/Repos/Skripsie/.venv/lib/python3.14/site-packages/torch/nn/modules/conv.py", line 565, in forward
    return self._conv_forward(input, self.weight, self.bias)
           ~~~~~~~~~~~~~~~~~~^^^^^^^^^^^^^^^^^^^^^^^^^^^^^^^
  File "/home/janes/Repos/Skripsie/.venv/lib/python3.14/site-packages/torch/nn/modules/conv.py", line 560, in _conv_forward
    return F.conv2d(
           ~~~~~~~~^
        input, weight, bias, self.stride, self.padding, self.dilation, self.groups
        ^^^^^^^^^^^^^^^^^^^^^^^^^^^^^^^^^^^^^^^^^^^^^^^^^^^^^^^^^^^^^^^^^^^^^^^^^^
    )
    ^
torch.AcceleratorError: CUDA error: the launch timed out and was terminated
Search for `cudaErrorLaunchTimeout' in https://docs.nvidia.com/cuda/cuda-runtime-api/group__CUDART__TYPES.html for more information.
For more detailed error information, run with CUDA_LOG_FILE=stderr


During handling of the above exception, another exception occurred:

Traceback (most recent call last):
  File "/home/janes/Repos/Skripsie/CNN/tune.py", line 294, in <module>
    main()
    ~~~~^^
  File "/home/janes/Repos/Skripsie/CNN/tune.py", line 288, in main
    tune_architecture(arch, args.n_trials)
    ~~~~~~~~~~~~~~~~~^^^^^^^^^^^^^^^^^^^^^
  File "/home/janes/Repos/Skripsie/CNN/tune.py", line 243, in tune_architecture
    study.optimize(make_objective(arch), n_trials=remaining)
    ~~~~~~~~~~~~~~^^^^^^^^^^^^^^^^^^^^^^^^^^^^^^^^^^^^^^^^^^
  File "/home/janes/Repos/Skripsie/.venv/lib/python3.14/site-packages/optuna/study/study.py", line 502, in optimize
    _optimize(
    ~~~~~~~~~^
        study=self,
        ^^^^^^^^^^^
    ...<7 lines>...
        show_progress_bar=show_progress_bar,
        ^^^^^^^^^^^^^^^^^^^^^^^^^^^^^^^^^^^^
    )
    ^
  File "/home/janes/Repos/Skripsie/.venv/lib/python3.14/site-packages/optuna/study/_optimize.py", line 68, in _optimize
    _optimize_sequential(
    ~~~~~~~~~~~~~~~~~~~~^
        study,
        ^^^^^^
    ...<8 lines>...
        progress_bar=progress_bar,
        ^^^^^^^^^^^^^^^^^^^^^^^^^^
    )
    ^
  File "/home/janes/Repos/Skripsie/.venv/lib/python3.14/site-packages/optuna/study/_optimize.py", line 165, in _optimize_sequential
    frozen_trial_id = _run_trial(study, func, catch)
  File "/home/janes/Repos/Skripsie/.venv/lib/python3.14/site-packages/optuna/study/_optimize.py", line 263, in _run_trial
    raise func_err
  File "/home/janes/Repos/Skripsie/.venv/lib/python3.14/site-packages/optuna/study/_optimize.py", line 206, in _run_trial
    value_or_values = func(trial)
  File "/home/janes/Repos/Skripsie/CNN/tune.py", line 189, in objective
    torch.cuda.empty_cache()
    ~~~~~~~~~~~~~~~~~~~~~~^^
  File "/home/janes/Repos/Skripsie/.venv/lib/python3.14/site-packages/torch/cuda/memory.py", line 228, in empty_cache
    torch._C._cuda_emptyCache()
    ~~~~~~~~~~~~~~~~~~~~~~~~~^^
torch.AcceleratorError: CUDA error: the launch timed out and was terminated
Search for `cudaErrorLaunchTimeout' in https://docs.nvidia.com/cuda/cuda-runtime-api/group__CUDART__TYPES.html for more information.
For more detailed error information, run with CUDA_LOG_FILE=stderr

[12:08:46] === run_tuning_with_retries: tune.py exited with code 1, retrying in 15s ===
[12:09:01] === run_tuning_with_retries: attempt 4/50 ===
Using device: cuda
Test set ID (derived from DATASET_ROOT): NoordelikeWerke
Classes found (4): ['Dysfunctional', 'Empty', 'Functional', 'Scum']
Train: 1692 | Val: 410 | Test: 405
[12:09:02] Dataset root: ../cnn_dataset_split_facility_test-NoordelikeWerke  Component: clarifier
[12:09:02] Architectures to tune (6): ['resnet18', 'efficientnet_b0', 'densenet121', 'resnet50', 'convnext_tiny', 'inception_v3']
[12:09:02] Trials per architecture: 20
[12:09:02] [resnet18] already has a saved result in tuned_hyperparams.json (val_acc=0.8927) -- skipping.
[I 2026-09-22 12:09:03,094] Using an existing study with `study_name='efficientnet_b0_tune'` instead of creating a new one.
[12:09:03] === efficientnet_b0: 19/20 trials already recorded, 1 remaining, img_size=(224, 224) ===
[12:09:03] [efficientnet_b0] trial 19: H=0 N=2048 lr=1.23e-04 beta1=0.841 step_size=7 batch_size=64 (micro_batch=16, accum_steps=4)
[efficientnet_b0 trial19] Using gradient accumulation: 4 micro-batches per optimizer step (effective batch size ≈ micro_batch x 4).
Using device: cuda
Test set ID (derived from DATASET_ROOT): NoordelikeWerke
Classes found (4): ['Dysfunctional', 'Empty', 'Functional', 'Scum']
Train: 1692 | Val: 410 | Test: 405
[efficientnet_b0 trial19] Epoch   1/100 | LR: 1.23e-04 | train loss 1.2576 acc 0.480 | val loss 1.0506 acc 0.646 *
[efficientnet_b0 trial19] Epoch   2/100 | LR: 1.23e-04 | train loss 0.9335 acc 0.651 | val loss 0.7359 acc 0.749 *
[efficientnet_b0 trial19] Epoch   3/100 | LR: 1.23e-04 | train loss 0.7159 acc 0.699 | val loss 0.5315 acc 0.805 *
[efficientnet_b0 trial19] Epoch   4/100 | LR: 1.23e-04 | train loss 0.6028 acc 0.760 | val loss 0.4673 acc 0.822 *
[efficientnet_b0 trial19] Epoch   5/100 | LR: 1.23e-04 | train loss 0.5219 acc 0.776 | val loss 0.4709 acc 0.815
[efficientnet_b0 trial19] Epoch   6/100 | LR: 1.23e-04 | train loss 0.4462 acc 0.803 | val loss 0.4028 acc 0.849 *
[efficientnet_b0 trial19] Epoch   7/100 | LR: 1.23e-05 | train loss 0.4243 acc 0.813 | val loss 0.3864 acc 0.856 *
[efficientnet_b0 trial19] Epoch   8/100 | LR: 1.23e-05 | train loss 0.3735 acc 0.844 | val loss 0.3904 acc 0.849
[efficientnet_b0 trial19] Epoch   9/100 | LR: 1.23e-05 | train loss 0.3577 acc 0.839 | val loss 0.3751 acc 0.846 *
[efficientnet_b0 trial19] Epoch  10/100 | LR: 1.23e-05 | train loss 0.3390 acc 0.860 | val loss 0.3777 acc 0.849
[efficientnet_b0 trial19] Epoch  11/100 | LR: 1.23e-05 | train loss 0.3241 acc 0.864 | val loss 0.3640 acc 0.849 *
[efficientnet_b0 trial19] Epoch  12/100 | LR: 1.23e-05 | train loss 0.3102 acc 0.863 | val loss 0.3867 acc 0.854
[efficientnet_b0 trial19] Epoch  13/100 | LR: 1.23e-05 | train loss 0.3402 acc 0.858 | val loss 0.3674 acc 0.849
[I 2026-09-22 12:10:22,959] Trial 19 pruned. 
[12:10:22] === efficientnet_b0 done: 10 completed, 7 pruned. Best trial #16: val_acc=0.8854 params={'hidden_layers': 0, 'neurons': 2048, 'lr': 0.000489229364755062, 'beta1': 0.8568488007968798, 'step_size': 5, 'batch_size': 96} ===
[12:10:22] Saved tuned hyperparameters for efficientnet_b0 to tuned_hyperparams.json
[12:10:22] [efficientnet_b0] finished in 1.3 min
[I 2026-09-22 12:10:22,987] A new study created in RDB with name: densenet121_tune
[12:10:22] === densenet121: 0/20 trials already recorded, 20 remaining, img_size=(224, 224) ===
[12:10:23] [densenet121] trial 0: H=1 N=512 lr=2.92e-03 beta1=0.800 step_size=30 batch_size=16 (micro_batch=16, accum_steps=1)
[densenet121 trial0] Epoch   1/100 | LR: 2.92e-03 | train loss 1.4335 acc 0.347 | val loss 1.3247 acc 0.395 *
[densenet121 trial0] Epoch   2/100 | LR: 2.92e-03 | train loss 1.2608 acc 0.417 | val loss 1.0215 acc 0.502 *
[densenet121 trial0] Epoch   3/100 | LR: 2.92e-03 | train loss 1.2910 acc 0.391 | val loss 1.2979 acc 0.307
[densenet121 trial0] Epoch   4/100 | LR: 2.92e-03 | train loss 1.2499 acc 0.403 | val loss 1.1801 acc 0.444
[densenet121 trial0] Epoch   5/100 | LR: 2.92e-03 | train loss 1.1717 acc 0.410 | val loss 1.0486 acc 0.524
[densenet121 trial0] Epoch   6/100 | LR: 2.92e-03 | train loss 1.1572 acc 0.395 | val loss 1.1030 acc 0.473
[densenet121 trial0] Epoch   7/100 | LR: 2.92e-03 | train loss 1.1913 acc 0.400 | val loss 1.0204 acc 0.502 *
[densenet121 trial0] Epoch   8/100 | LR: 2.92e-03 | train loss 1.1304 acc 0.426 | val loss 1.1244 acc 0.459
[densenet121 trial0] Epoch   9/100 | LR: 2.92e-03 | train loss 1.1489 acc 0.425 | val loss 1.3345 acc 0.298
[densenet121 trial0] Epoch  10/100 | LR: 2.92e-03 | train loss 1.1590 acc 0.430 | val loss 1.0432 acc 0.473
[densenet121 trial0] Epoch  11/100 | LR: 2.92e-03 | train loss 1.1242 acc 0.410 | val loss 0.9993 acc 0.554 *
[densenet121 trial0] Epoch  12/100 | LR: 2.92e-03 | train loss 1.1187 acc 0.414 | val loss 0.9698 acc 0.490 *
[densenet121 trial0] Epoch  13/100 | LR: 2.92e-03 | train loss 1.1338 acc 0.424 | val loss 1.0549 acc 0.476
[densenet121 trial0] Epoch  14/100 | LR: 2.92e-03 | train loss 1.0953 acc 0.447 | val loss 1.1051 acc 0.390
[densenet121 trial0] Epoch  15/100 | LR: 2.92e-03 | train loss 1.1221 acc 0.421 | val loss 1.0950 acc 0.417
[densenet121 trial0] Epoch  16/100 | LR: 2.92e-03 | train loss 1.1096 acc 0.461 | val loss 0.9357 acc 0.534 *
[densenet121 trial0] Epoch  17/100 | LR: 2.92e-03 | train loss 1.1198 acc 0.450 | val loss 0.9968 acc 0.529
[densenet121 trial0] Epoch  18/100 | LR: 2.92e-03 | train loss 1.1122 acc 0.460 | val loss 0.9056 acc 0.602 *
[densenet121 trial0] Epoch  19/100 | LR: 2.92e-03 | train loss 1.1060 acc 0.442 | val loss 0.9780 acc 0.529
[densenet121 trial0] Epoch  20/100 | LR: 2.92e-03 | train loss 1.1241 acc 0.402 | val loss 0.9833 acc 0.529
[densenet121 trial0] Epoch  21/100 | LR: 2.92e-03 | train loss 1.0839 acc 0.477 | val loss 0.9262 acc 0.607
[densenet121 trial0] Epoch  22/100 | LR: 2.92e-03 | train loss 1.0936 acc 0.451 | val loss 1.0082 acc 0.495
[densenet121 trial0] Epoch  23/100 | LR: 2.92e-03 | train loss 1.0870 acc 0.482 | val loss 2.1356 acc 0.124
[densenet121 trial0] Epoch  24/100 | LR: 2.92e-03 | train loss 1.0763 acc 0.472 | val loss 1.2723 acc 0.322
[densenet121 trial0] Epoch  25/100 | LR: 2.92e-03 | train loss 1.0312 acc 0.493 | val loss 0.8964 acc 0.593 *
[densenet121 trial0] Epoch  26/100 | LR: 2.92e-03 | train loss 1.0350 acc 0.507 | val loss 0.8569 acc 0.573 *
[densenet121 trial0] Epoch  27/100 | LR: 2.92e-03 | train loss 1.0050 acc 0.511 | val loss 0.9133 acc 0.563
[densenet121 trial0] Epoch  28/100 | LR: 2.92e-03 | train loss 0.9876 acc 0.515 | val loss 36.4002 acc 0.156
[densenet121 trial0] Epoch  29/100 | LR: 2.92e-03 | train loss 0.9390 acc 0.560 | val loss 1.0159 acc 0.527
[densenet121 trial0] Epoch  30/100 | LR: 2.92e-04 | train loss 0.8995 acc 0.557 | val loss 0.8938 acc 0.585
[densenet121 trial0] Epoch  31/100 | LR: 2.92e-04 | train loss 0.8901 acc 0.574 | val loss 0.7328 acc 0.671 *
[densenet121 trial0] Epoch  32/100 | LR: 2.92e-04 | train loss 0.8237 acc 0.604 | val loss 0.7268 acc 0.710 *
[densenet121 trial0] Epoch  33/100 | LR: 2.92e-04 | train loss 0.8070 acc 0.612 | val loss 0.7245 acc 0.710 *
[densenet121 trial0] Epoch  34/100 | LR: 2.92e-04 | train loss 0.7965 acc 0.629 | val loss 0.6898 acc 0.729 *
[densenet121 trial0] Epoch  35/100 | LR: 2.92e-04 | train loss 0.7677 acc 0.629 | val loss 0.6711 acc 0.720 *
[densenet121 trial0] Epoch  36/100 | LR: 2.92e-04 | train loss 0.7635 acc 0.628 | val loss 0.6714 acc 0.734
[densenet121 trial0] Epoch  37/100 | LR: 2.92e-04 | train loss 0.7386 acc 0.645 | val loss 0.6451 acc 0.732 *
[densenet121 trial0] Epoch  38/100 | LR: 2.92e-04 | train loss 0.7314 acc 0.648 | val loss 0.6673 acc 0.734
[densenet121 trial0] Epoch  39/100 | LR: 2.92e-04 | train loss 0.7276 acc 0.650 | val loss 0.6816 acc 0.737
[densenet121 trial0] Epoch  40/100 | LR: 2.92e-04 | train loss 0.7264 acc 0.660 | val loss 0.6492 acc 0.741
[densenet121 trial0] Epoch  41/100 | LR: 2.92e-04 | train loss 0.7402 acc 0.645 | val loss 0.6498 acc 0.751
[densenet121 trial0] Epoch  42/100 | LR: 2.92e-04 | train loss 0.7357 acc 0.639 | val loss 0.6334 acc 0.741 *
[densenet121 trial0] Epoch  43/100 | LR: 2.92e-04 | train loss 0.6777 acc 0.668 | val loss 0.6107 acc 0.759 *
[densenet121 trial0] Epoch  44/100 | LR: 2.92e-04 | train loss 0.7064 acc 0.661 | val loss 0.6191 acc 0.739
[densenet121 trial0] Epoch  45/100 | LR: 2.92e-04 | train loss 0.6885 acc 0.668 | val loss 0.6669 acc 0.737
[densenet121 trial0] Epoch  46/100 | LR: 2.92e-04 | train loss 0.7188 acc 0.680 | val loss 0.6381 acc 0.763
[densenet121 trial0] Epoch  47/100 | LR: 2.92e-04 | train loss 0.6500 acc 0.683 | val loss 0.6216 acc 0.776
[densenet121 trial0] Epoch  48/100 | LR: 2.92e-04 | train loss 0.6864 acc 0.686 | val loss 0.6685 acc 0.749
[densenet121 trial0] Epoch  49/100 | LR: 2.92e-04 | train loss 0.6444 acc 0.695 | val loss 0.6140 acc 0.773
[densenet121 trial0] Epoch  50/100 | LR: 2.92e-04 | train loss 0.6689 acc 0.691 | val loss 0.5859 acc 0.771 *
[densenet121 trial0] Epoch  51/100 | LR: 2.92e-04 | train loss 0.6152 acc 0.702 | val loss 0.6010 acc 0.763
[densenet121 trial0] Epoch  52/100 | LR: 2.92e-04 | train loss 0.6406 acc 0.693 | val loss 0.5935 acc 0.761
[densenet121 trial0] Epoch  53/100 | LR: 2.92e-04 | train loss 0.6336 acc 0.718 | val loss 0.6035 acc 0.763
[densenet121 trial0] Epoch  54/100 | LR: 2.92e-04 | train loss 0.6214 acc 0.705 | val loss 0.6133 acc 0.754
[densenet121 trial0] Epoch  55/100 | LR: 2.92e-04 | train loss 0.6306 acc 0.705 | val loss 0.5681 acc 0.790 *
[densenet121 trial0] Epoch  56/100 | LR: 2.92e-04 | train loss 0.6053 acc 0.710 | val loss 0.6084 acc 0.744
[densenet121 trial0] Epoch  57/100 | LR: 2.92e-04 | train loss 0.6217 acc 0.717 | val loss 0.5634 acc 0.785 *
[densenet121 trial0] Epoch  58/100 | LR: 2.92e-04 | train loss 0.6123 acc 0.706 | val loss 0.5887 acc 0.773
[densenet121 trial0] Epoch  59/100 | LR: 2.92e-04 | train loss 0.6018 acc 0.711 | val loss 0.5524 acc 0.788 *
[densenet121 trial0] Epoch  60/100 | LR: 2.92e-05 | train loss 0.5972 acc 0.700 | val loss 0.5705 acc 0.768
[densenet121 trial0] Epoch  61/100 | LR: 2.92e-05 | train loss 0.6138 acc 0.733 | val loss 0.5549 acc 0.776
[densenet121 trial0] Epoch  62/100 | LR: 2.92e-05 | train loss 0.5722 acc 0.726 | val loss 0.5520 acc 0.780 *
[densenet121 trial0] Epoch  63/100 | LR: 2.92e-05 | train loss 0.5929 acc 0.717 | val loss 0.5701 acc 0.776
[densenet121 trial0] Epoch  64/100 | LR: 2.92e-05 | train loss 0.5428 acc 0.741 | val loss 0.5587 acc 0.780
[densenet121 trial0] Epoch  65/100 | LR: 2.92e-05 | train loss 0.5834 acc 0.735 | val loss 0.5541 acc 0.795
[densenet121 trial0] Epoch  66/100 | LR: 2.92e-05 | train loss 0.5765 acc 0.738 | val loss 0.5565 acc 0.778
[densenet121 trial0] Epoch  67/100 | LR: 2.92e-05 | train loss 0.5266 acc 0.749 | val loss 0.5493 acc 0.788 *
[densenet121 trial0] Epoch  68/100 | LR: 2.92e-05 | train loss 0.5572 acc 0.732 | val loss 0.5526 acc 0.783
[densenet121 trial0] Epoch  69/100 | LR: 2.92e-05 | train loss 0.5418 acc 0.735 | val loss 0.5630 acc 0.783
[densenet121 trial0] Epoch  70/100 | LR: 2.92e-05 | train loss 0.5747 acc 0.729 | val loss 0.5479 acc 0.798 *
[densenet121 trial0] Epoch  71/100 | LR: 2.92e-05 | train loss 0.5483 acc 0.733 | val loss 0.5481 acc 0.780
[densenet121 trial0] Epoch  72/100 | LR: 2.92e-05 | train loss 0.5747 acc 0.733 | val loss 0.5319 acc 0.783 *
[densenet121 trial0] Epoch  73/100 | LR: 2.92e-05 | train loss 0.5538 acc 0.736 | val loss 0.5454 acc 0.780
[densenet121 trial0] Epoch  74/100 | LR: 2.92e-05 | train loss 0.5439 acc 0.736 | val loss 0.5513 acc 0.788
[densenet121 trial0] Epoch  75/100 | LR: 2.92e-05 | train loss 0.5590 acc 0.732 | val loss 0.5445 acc 0.778
[densenet121 trial0] Epoch  76/100 | LR: 2.92e-05 | train loss 0.5464 acc 0.732 | val loss 0.5457 acc 0.795
[densenet121 trial0] Epoch  77/100 | LR: 2.92e-05 | train loss 0.5449 acc 0.732 | val loss 0.5339 acc 0.785
[densenet121 trial0] Epoch  78/100 | LR: 2.92e-05 | train loss 0.5467 acc 0.741 | val loss 0.5373 acc 0.783
[densenet121 trial0] Epoch  79/100 | LR: 2.92e-05 | train loss 0.5260 acc 0.746 | val loss 0.5512 acc 0.793
[densenet121 trial0] Epoch  80/100 | LR: 2.92e-05 | train loss 0.5356 acc 0.752 | val loss 0.5308 acc 0.798 *
[densenet121 trial0] Epoch  81/100 | LR: 2.92e-05 | train loss 0.5389 acc 0.748 | val loss 0.5442 acc 0.795
[densenet121 trial0] Epoch  82/100 | LR: 2.92e-05 | train loss 0.5489 acc 0.736 | val loss 0.5298 acc 0.788 *
[densenet121 trial0] Epoch  83/100 | LR: 2.92e-05 | train loss 0.5140 acc 0.737 | val loss 0.5449 acc 0.793
[densenet121 trial0] Epoch  84/100 | LR: 2.92e-05 | train loss 0.5221 acc 0.747 | val loss 0.5573 acc 0.800
[densenet121 trial0] Epoch  85/100 | LR: 2.92e-05 | train loss 0.5399 acc 0.745 | val loss 0.5444 acc 0.807
[densenet121 trial0] Epoch  86/100 | LR: 2.92e-05 | train loss 0.5092 acc 0.748 | val loss 0.5297 acc 0.795 *
[densenet121 trial0] Epoch  87/100 | LR: 2.92e-05 | train loss 0.5306 acc 0.743 | val loss 0.5340 acc 0.788
[densenet121 trial0] Epoch  88/100 | LR: 2.92e-05 | train loss 0.5769 acc 0.742 | val loss 0.5286 acc 0.793 *
[densenet121 trial0] Epoch  89/100 | LR: 2.92e-05 | train loss 0.5519 acc 0.741 | val loss 0.5363 acc 0.812
[densenet121 trial0] Epoch  90/100 | LR: 2.92e-06 | train loss 0.5278 acc 0.742 | val loss 0.5291 acc 0.795
[densenet121 trial0] Epoch  91/100 | LR: 2.92e-06 | train loss 0.5327 acc 0.728 | val loss 0.5304 acc 0.795
[densenet121 trial0] Epoch  92/100 | LR: 2.92e-06 | train loss 0.5542 acc 0.736 | val loss 0.5378 acc 0.798
[densenet121 trial0] Epoch  93/100 | LR: 2.92e-06 | train loss 0.5157 acc 0.742 | val loss 0.5358 acc 0.795
[densenet121 trial0] Epoch  94/100 | LR: 2.92e-06 | train loss 0.5213 acc 0.751 | val loss 0.5327 acc 0.805
[densenet121 trial0] Epoch  95/100 | LR: 2.92e-06 | train loss 0.5119 acc 0.750 | val loss 0.5323 acc 0.802
[densenet121 trial0] Epoch  96/100 | LR: 2.92e-06 | train loss 0.5259 acc 0.741 | val loss 0.5365 acc 0.807
[densenet121 trial0] Epoch  97/100 | LR: 2.92e-06 | train loss 0.5169 acc 0.748 | val loss 0.5324 acc 0.795
[densenet121 trial0] Epoch  98/100 | LR: 2.92e-06 | train loss 0.5405 acc 0.757 | val loss 0.5429 acc 0.795

[densenet121 trial0] No val loss improvement for 10 epochs — stopping early at epoch 98.

[densenet121 trial0] Restored best checkpoint (val loss = 0.5286)
[12:25:07] [densenet121] trial 0 finished: best val_acc=0.7927 (at val_loss=0.5286)
[I 2026-09-22 12:25:07,066] Trial 0 finished with value: 0.7926829268292683 and parameters: {'hidden_layers': 1, 'neurons': 512, 'lr': 0.0029154431891537554, 'beta1': 0.7999563908598613, 'step_size': 30, 'batch_size': 16}. Best is trial 0 with value: 0.7926829268292683.
[12:25:07] [densenet121] trial 1: H=2 N=2048 lr=1.38e-03 beta1=0.600 step_size=23 batch_size=96 (micro_batch=16, accum_steps=6)
[densenet121 trial1] Using gradient accumulation: 6 micro-batches per optimizer step (effective batch size ≈ micro_batch x 6).
[densenet121 trial1] Epoch   1/100 | LR: 1.38e-03 | train loss 1.3856 acc 0.445 | val loss 0.9570 acc 0.559 *
[densenet121 trial1] Epoch   2/100 | LR: 1.38e-03 | train loss 1.0912 acc 0.541 | val loss 0.9074 acc 0.607 *
[densenet121 trial1] Epoch   3/100 | LR: 1.38e-03 | train loss 0.9539 acc 0.591 | val loss 0.7270 acc 0.673 *
[densenet121 trial1] Epoch   4/100 | LR: 1.38e-03 | train loss 0.9118 acc 0.601 | val loss 0.8018 acc 0.680
[densenet121 trial1] Epoch   5/100 | LR: 1.38e-03 | train loss 0.7827 acc 0.670 | val loss 0.6410 acc 0.763 *
[densenet121 trial1] Epoch   6/100 | LR: 1.38e-03 | train loss 0.7416 acc 0.692 | val loss 0.6973 acc 0.722
[densenet121 trial1] Epoch   7/100 | LR: 1.38e-03 | train loss 0.7877 acc 0.712 | val loss 1.5350 acc 0.461
[densenet121 trial1] Epoch   8/100 | LR: 1.38e-03 | train loss 0.8593 acc 0.615 | val loss 0.8692 acc 0.673
[densenet121 trial1] Epoch   9/100 | LR: 1.38e-03 | train loss 0.7323 acc 0.700 | val loss 0.5397 acc 0.785 *
[densenet121 trial1] Epoch  10/100 | LR: 1.38e-03 | train loss 0.6537 acc 0.738 | val loss 0.9041 acc 0.632
[densenet121 trial1] Epoch  11/100 | LR: 1.38e-03 | train loss 0.6456 acc 0.726 | val loss 0.8120 acc 0.661
[densenet121 trial1] Epoch  12/100 | LR: 1.38e-03 | train loss 0.5752 acc 0.747 | val loss 0.5158 acc 0.810 *
[densenet121 trial1] Epoch  13/100 | LR: 1.38e-03 | train loss 0.6333 acc 0.759 | val loss 0.9474 acc 0.607
[densenet121 trial1] Epoch  14/100 | LR: 1.38e-03 | train loss 0.5565 acc 0.770 | val loss 0.5685 acc 0.785
[densenet121 trial1] Epoch  15/100 | LR: 1.38e-03 | train loss 0.5402 acc 0.769 | val loss 1.2453 acc 0.566
[densenet121 trial1] Epoch  16/100 | LR: 1.38e-03 | train loss 0.5977 acc 0.752 | val loss 0.4973 acc 0.824 *
[densenet121 trial1] Epoch  17/100 | LR: 1.38e-03 | train loss 0.4952 acc 0.783 | val loss 0.5381 acc 0.788
[densenet121 trial1] Epoch  18/100 | LR: 1.38e-03 | train loss 0.5156 acc 0.777 | val loss 0.4738 acc 0.798 *
[densenet121 trial1] Epoch  19/100 | LR: 1.38e-03 | train loss 0.5192 acc 0.796 | val loss 0.4400 acc 0.841 *
[densenet121 trial1] Epoch  20/100 | LR: 1.38e-03 | train loss 0.4886 acc 0.798 | val loss 0.5276 acc 0.820
[densenet121 trial1] Epoch  21/100 | LR: 1.38e-03 | train loss 0.4769 acc 0.827 | val loss 0.5899 acc 0.798
[densenet121 trial1] Epoch  22/100 | LR: 1.38e-03 | train loss 0.5387 acc 0.791 | val loss 0.6378 acc 0.724
[densenet121 trial1] Epoch  23/100 | LR: 1.38e-04 | train loss 0.5601 acc 0.783 | val loss 0.4677 acc 0.820
[densenet121 trial1] Epoch  24/100 | LR: 1.38e-04 | train loss 0.3686 acc 0.861 | val loss 0.4050 acc 0.844 *
[densenet121 trial1] Epoch  25/100 | LR: 1.38e-04 | train loss 0.2975 acc 0.871 | val loss 0.3974 acc 0.849 *
[densenet121 trial1] Epoch  26/100 | LR: 1.38e-04 | train loss 0.3121 acc 0.880 | val loss 0.3670 acc 0.866 *
[densenet121 trial1] Epoch  27/100 | LR: 1.38e-04 | train loss 0.2754 acc 0.886 | val loss 0.3683 acc 0.868
[densenet121 trial1] Epoch  28/100 | LR: 1.38e-04 | train loss 0.2555 acc 0.885 | val loss 0.3591 acc 0.868 *
[densenet121 trial1] Epoch  29/100 | LR: 1.38e-04 | train loss 0.2872 acc 0.875 | val loss 0.3819 acc 0.854
[densenet121 trial1] Epoch  30/100 | LR: 1.38e-04 | train loss 0.2646 acc 0.885 | val loss 0.3526 acc 0.871 *
[densenet121 trial1] Epoch  31/100 | LR: 1.38e-04 | train loss 0.2451 acc 0.900 | val loss 0.3958 acc 0.851
[densenet121 trial1] Epoch  32/100 | LR: 1.38e-04 | train loss 0.2395 acc 0.897 | val loss 0.3853 acc 0.863
[densenet121 trial1] Epoch  33/100 | LR: 1.38e-04 | train loss 0.2444 acc 0.891 | val loss 0.3834 acc 0.871
[densenet121 trial1] Epoch  34/100 | LR: 1.38e-04 | train loss 0.2122 acc 0.907 | val loss 0.3847 acc 0.871
[densenet121 trial1] Epoch  35/100 | LR: 1.38e-04 | train loss 0.2363 acc 0.902 | val loss 0.3877 acc 0.854
[densenet121 trial1] Epoch  36/100 | LR: 1.38e-04 | train loss 0.2069 acc 0.905 | val loss 0.3783 acc 0.861
[densenet121 trial1] Epoch  37/100 | LR: 1.38e-04 | train loss 0.2101 acc 0.908 | val loss 0.4093 acc 0.856
[densenet121 trial1] Epoch  38/100 | LR: 1.38e-04 | train loss 0.1900 acc 0.909 | val loss 0.3857 acc 0.861
[densenet121 trial1] Epoch  39/100 | LR: 1.38e-04 | train loss 0.2045 acc 0.910 | val loss 0.4322 acc 0.856
[densenet121 trial1] Epoch  40/100 | LR: 1.38e-04 | train loss 0.2061 acc 0.911 | val loss 0.3674 acc 0.861

[densenet121 trial1] No val loss improvement for 10 epochs — stopping early at epoch 40.

[densenet121 trial1] Restored best checkpoint (val loss = 0.3526)
[12:31:03] [densenet121] trial 1 finished: best val_acc=0.8707 (at val_loss=0.3526)
[I 2026-09-22 12:31:03,943] Trial 1 finished with value: 0.8707317073170732 and parameters: {'hidden_layers': 2, 'neurons': 2048, 'lr': 0.0013826232179369874, 'beta1': 0.5996372172970215, 'step_size': 23, 'batch_size': 96}. Best is trial 1 with value: 0.8707317073170732.
[12:31:04] [densenet121] trial 2: H=2 N=1024 lr=4.34e-03 beta1=0.629 step_size=28 batch_size=48 (micro_batch=16, accum_steps=3)
[densenet121 trial2] Using gradient accumulation: 3 micro-batches per optimizer step (effective batch size ≈ micro_batch x 3).
[densenet121 trial2] Epoch   1/100 | LR: 4.34e-03 | train loss 2.3938 acc 0.324 | val loss 1.2870 acc 0.154 *
[densenet121 trial2] Epoch   2/100 | LR: 4.34e-03 | train loss 1.2585 acc 0.413 | val loss 3.8801 acc 0.346
[densenet121 trial2] Epoch   3/100 | LR: 4.34e-03 | train loss 1.2324 acc 0.416 | val loss 7.0353 acc 0.359
[densenet121 trial2] Epoch   4/100 | LR: 4.34e-03 | train loss 1.2750 acc 0.376 | val loss 1.3687 acc 0.441
[densenet121 trial2] Epoch   5/100 | LR: 4.34e-03 | train loss 1.2450 acc 0.388 | val loss 1.3562 acc 0.324
[densenet121 trial2] Epoch   6/100 | LR: 4.34e-03 | train loss 1.2208 acc 0.411 | val loss 1.0969 acc 0.449 *
[densenet121 trial2] Epoch   7/100 | LR: 4.34e-03 | train loss 1.2275 acc 0.403 | val loss 1.3181 acc 0.400
[densenet121 trial2] Epoch   8/100 | LR: 4.34e-03 | train loss 1.1990 acc 0.430 | val loss 1.0976 acc 0.490
[densenet121 trial2] Epoch   9/100 | LR: 4.34e-03 | train loss 1.1856 acc 0.426 | val loss 1.0540 acc 0.485 *
[densenet121 trial2] Epoch  10/100 | LR: 4.34e-03 | train loss 1.1416 acc 0.457 | val loss 1.0067 acc 0.544 *
[densenet121 trial2] Epoch  11/100 | LR: 4.34e-03 | train loss 1.1544 acc 0.408 | val loss 1.1694 acc 0.371
[densenet121 trial2] Epoch  12/100 | LR: 4.34e-03 | train loss 1.1437 acc 0.409 | val loss 1.4480 acc 0.259
[densenet121 trial2] Epoch  13/100 | LR: 4.34e-03 | train loss 1.1506 acc 0.395 | val loss 1.1702 acc 0.351
[densenet121 trial2] Epoch  14/100 | LR: 4.34e-03 | train loss 1.1717 acc 0.400 | val loss 1.2797 acc 0.390
[densenet121 trial2] Epoch  15/100 | LR: 4.34e-03 | train loss 1.1748 acc 0.419 | val loss 1.2101 acc 0.329
[densenet121 trial2] Epoch  16/100 | LR: 4.34e-03 | train loss 1.1031 acc 0.437 | val loss 0.9991 acc 0.559 *
[densenet121 trial2] Epoch  17/100 | LR: 4.34e-03 | train loss 1.1155 acc 0.460 | val loss 1.4005 acc 0.332
[densenet121 trial2] Epoch  18/100 | LR: 4.34e-03 | train loss 1.1295 acc 0.448 | val loss 1.3025 acc 0.261
[densenet121 trial2] Epoch  19/100 | LR: 4.34e-03 | train loss 1.0880 acc 0.440 | val loss 1.1347 acc 0.432
[densenet121 trial2] Epoch  20/100 | LR: 4.34e-03 | train loss 1.1047 acc 0.475 | val loss 1.7775 acc 0.137
[densenet121 trial2] Epoch  21/100 | LR: 4.34e-03 | train loss 1.1222 acc 0.427 | val loss 0.9830 acc 0.568 *
[densenet121 trial2] Epoch  22/100 | LR: 4.34e-03 | train loss 1.0981 acc 0.481 | val loss 1.2258 acc 0.332
[densenet121 trial2] Epoch  23/100 | LR: 4.34e-03 | train loss 1.1031 acc 0.472 | val loss 1.9085 acc 0.144
[densenet121 trial2] Epoch  24/100 | LR: 4.34e-03 | train loss 1.0874 acc 0.463 | val loss 1.1611 acc 0.524
[densenet121 trial2] Epoch  25/100 | LR: 4.34e-03 | train loss 1.0840 acc 0.479 | val loss 1.0004 acc 0.515
[densenet121 trial2] Epoch  26/100 | LR: 4.34e-03 | train loss 1.0299 acc 0.491 | val loss 1.0120 acc 0.520
[densenet121 trial2] Epoch  27/100 | LR: 4.34e-03 | train loss 1.0525 acc 0.486 | val loss 0.9571 acc 0.520 *
[densenet121 trial2] Epoch  28/100 | LR: 4.34e-04 | train loss 1.0365 acc 0.519 | val loss 0.8647 acc 0.622 *
[densenet121 trial2] Epoch  29/100 | LR: 4.34e-04 | train loss 0.9946 acc 0.540 | val loss 0.8376 acc 0.634 *
[densenet121 trial2] Epoch  30/100 | LR: 4.34e-04 | train loss 0.9800 acc 0.540 | val loss 0.8460 acc 0.637
[densenet121 trial2] Epoch  31/100 | LR: 4.34e-04 | train loss 0.9787 acc 0.538 | val loss 0.8372 acc 0.624 *
[densenet121 trial2] Epoch  32/100 | LR: 4.34e-04 | train loss 0.9466 acc 0.541 | val loss 0.8820 acc 0.615
[densenet121 trial2] Epoch  33/100 | LR: 4.34e-04 | train loss 0.9153 acc 0.543 | val loss 0.7472 acc 0.680 *
[densenet121 trial2] Epoch  34/100 | LR: 4.34e-04 | train loss 0.9291 acc 0.555 | val loss 0.8273 acc 0.639
[densenet121 trial2] Epoch  35/100 | LR: 4.34e-04 | train loss 0.9138 acc 0.558 | val loss 0.7486 acc 0.676
[densenet121 trial2] Epoch  36/100 | LR: 4.34e-04 | train loss 0.9076 acc 0.579 | val loss 0.7428 acc 0.678 *
[densenet121 trial2] Epoch  37/100 | LR: 4.34e-04 | train loss 0.9356 acc 0.549 | val loss 0.8811 acc 0.620
[densenet121 trial2] Epoch  38/100 | LR: 4.34e-04 | train loss 0.9011 acc 0.572 | val loss 0.7646 acc 0.641
[densenet121 trial2] Epoch  39/100 | LR: 4.34e-04 | train loss 0.8955 acc 0.567 | val loss 0.7837 acc 0.646
[densenet121 trial2] Epoch  40/100 | LR: 4.34e-04 | train loss 0.8872 acc 0.573 | val loss 0.7047 acc 0.685 *
[densenet121 trial2] Epoch  41/100 | LR: 4.34e-04 | train loss 0.8424 acc 0.605 | val loss 0.7442 acc 0.651
[densenet121 trial2] Epoch  42/100 | LR: 4.34e-04 | train loss 0.8819 acc 0.571 | val loss 0.7833 acc 0.622
[densenet121 trial2] Epoch  43/100 | LR: 4.34e-04 | train loss 0.8597 acc 0.577 | val loss 0.7861 acc 0.595
[densenet121 trial2] Epoch  44/100 | LR: 4.34e-04 | train loss 0.8201 acc 0.593 | val loss 0.7642 acc 0.651
[densenet121 trial2] Epoch  45/100 | LR: 4.34e-04 | train loss 0.7857 acc 0.625 | val loss 0.7675 acc 0.620
[densenet121 trial2] Epoch  46/100 | LR: 4.34e-04 | train loss 0.8074 acc 0.599 | val loss 0.6717 acc 0.705 *
[densenet121 trial2] Epoch  47/100 | LR: 4.34e-04 | train loss 0.7909 acc 0.621 | val loss 0.9544 acc 0.580
[densenet121 trial2] Epoch  48/100 | LR: 4.34e-04 | train loss 0.7488 acc 0.642 | val loss 0.6559 acc 0.700 *
[densenet121 trial2] Epoch  49/100 | LR: 4.34e-04 | train loss 0.7672 acc 0.637 | val loss 0.6158 acc 0.729 *
[densenet121 trial2] Epoch  50/100 | LR: 4.34e-04 | train loss 0.7472 acc 0.647 | val loss 0.6400 acc 0.720
[densenet121 trial2] Epoch  51/100 | LR: 4.34e-04 | train loss 0.7097 acc 0.671 | val loss 0.8819 acc 0.615
[densenet121 trial2] Epoch  52/100 | LR: 4.34e-04 | train loss 0.7201 acc 0.667 | val loss 0.5629 acc 0.754 *
[densenet121 trial2] Epoch  53/100 | LR: 4.34e-04 | train loss 0.6859 acc 0.691 | val loss 0.5694 acc 0.759
[densenet121 trial2] Epoch  54/100 | LR: 4.34e-04 | train loss 0.6383 acc 0.689 | val loss 0.5959 acc 0.720
[densenet121 trial2] Epoch  55/100 | LR: 4.34e-04 | train loss 0.6813 acc 0.688 | val loss 0.6534 acc 0.680
[densenet121 trial2] Epoch  56/100 | LR: 4.34e-05 | train loss 0.6652 acc 0.691 | val loss 0.6082 acc 0.744
[densenet121 trial2] Epoch  57/100 | LR: 4.34e-05 | train loss 0.5835 acc 0.729 | val loss 0.5148 acc 0.800 *
[densenet121 trial2] Epoch  58/100 | LR: 4.34e-05 | train loss 0.6029 acc 0.724 | val loss 0.5035 acc 0.807 *
[densenet121 trial2] Epoch  59/100 | LR: 4.34e-05 | train loss 0.5623 acc 0.725 | val loss 0.4941 acc 0.795 *
[densenet121 trial2] Epoch  60/100 | LR: 4.34e-05 | train loss 0.5465 acc 0.755 | val loss 0.4942 acc 0.800
[densenet121 trial2] Epoch  61/100 | LR: 4.34e-05 | train loss 0.5647 acc 0.745 | val loss 0.4917 acc 0.793 *
[densenet121 trial2] Epoch  62/100 | LR: 4.34e-05 | train loss 0.5504 acc 0.748 | val loss 0.4957 acc 0.793
[densenet121 trial2] Epoch  63/100 | LR: 4.34e-05 | train loss 0.5466 acc 0.732 | val loss 0.4883 acc 0.798 *
[densenet121 trial2] Epoch  64/100 | LR: 4.34e-05 | train loss 0.5485 acc 0.738 | val loss 0.4947 acc 0.790
[densenet121 trial2] Epoch  65/100 | LR: 4.34e-05 | train loss 0.5365 acc 0.768 | val loss 0.4848 acc 0.802 *
[densenet121 trial2] Epoch  66/100 | LR: 4.34e-05 | train loss 0.5263 acc 0.747 | val loss 0.4631 acc 0.802 *
[densenet121 trial2] Epoch  67/100 | LR: 4.34e-05 | train loss 0.5341 acc 0.754 | val loss 0.4634 acc 0.810
[densenet121 trial2] Epoch  68/100 | LR: 4.34e-05 | train loss 0.5229 acc 0.765 | val loss 0.4728 acc 0.805
[densenet121 trial2] Epoch  69/100 | LR: 4.34e-05 | train loss 0.5264 acc 0.754 | val loss 0.4832 acc 0.812
[densenet121 trial2] Epoch  70/100 | LR: 4.34e-05 | train loss 0.5018 acc 0.765 | val loss 0.4804 acc 0.807
[densenet121 trial2] Epoch  71/100 | LR: 4.34e-05 | train loss 0.5446 acc 0.762 | val loss 0.4680 acc 0.812
[densenet121 trial2] Epoch  72/100 | LR: 4.34e-05 | train loss 0.5346 acc 0.747 | val loss 0.4610 acc 0.815 *
[densenet121 trial2] Epoch  73/100 | LR: 4.34e-05 | train loss 0.5064 acc 0.765 | val loss 0.4718 acc 0.802
[densenet121 trial2] Epoch  74/100 | LR: 4.34e-05 | train loss 0.5113 acc 0.766 | val loss 0.4633 acc 0.812
[densenet121 trial2] Epoch  75/100 | LR: 4.34e-05 | train loss 0.5139 acc 0.762 | val loss 0.4586 acc 0.824 *
[densenet121 trial2] Epoch  76/100 | LR: 4.34e-05 | train loss 0.4890 acc 0.761 | val loss 0.4516 acc 0.822 *
[densenet121 trial2] Epoch  77/100 | LR: 4.34e-05 | train loss 0.5283 acc 0.766 | val loss 0.4635 acc 0.807
[densenet121 trial2] Epoch  78/100 | LR: 4.34e-05 | train loss 0.5142 acc 0.771 | val loss 0.4637 acc 0.822
[densenet121 trial2] Epoch  79/100 | LR: 4.34e-05 | train loss 0.5433 acc 0.749 | val loss 0.4646 acc 0.815
[densenet121 trial2] Epoch  80/100 | LR: 4.34e-05 | train loss 0.4799 acc 0.767 | val loss 0.4581 acc 0.820
[densenet121 trial2] Epoch  81/100 | LR: 4.34e-05 | train loss 0.5114 acc 0.767 | val loss 0.4933 acc 0.798
[densenet121 trial2] Epoch  82/100 | LR: 4.34e-05 | train loss 0.5103 acc 0.761 | val loss 0.4777 acc 0.798
[densenet121 trial2] Epoch  83/100 | LR: 4.34e-05 | train loss 0.4769 acc 0.778 | val loss 0.4760 acc 0.822
[densenet121 trial2] Epoch  84/100 | LR: 4.34e-06 | train loss 0.4728 acc 0.771 | val loss 0.4622 acc 0.817
[densenet121 trial2] Epoch  85/100 | LR: 4.34e-06 | train loss 0.4735 acc 0.771 | val loss 0.4805 acc 0.815
[densenet121 trial2] Epoch  86/100 | LR: 4.34e-06 | train loss 0.4617 acc 0.777 | val loss 0.4762 acc 0.802

[densenet121 trial2] No val loss improvement for 10 epochs — stopping early at epoch 86.

[densenet121 trial2] Restored best checkpoint (val loss = 0.4516)
[12:43:51] [densenet121] trial 2 finished: best val_acc=0.8220 (at val_loss=0.4516)
[I 2026-09-22 12:43:51,090] Trial 2 finished with value: 0.8219512195121951 and parameters: {'hidden_layers': 2, 'neurons': 1024, 'lr': 0.004337920697490943, 'beta1': 0.6291312108184084, 'step_size': 28, 'batch_size': 48}. Best is trial 1 with value: 0.8707317073170732.
[12:43:51] [densenet121] trial 3: H=1 N=2048 lr=1.22e-05 beta1=0.914 step_size=17 batch_size=64 (micro_batch=16, accum_steps=4)
[densenet121 trial3] Using gradient accumulation: 4 micro-batches per optimizer step (effective batch size ≈ micro_batch x 4).
[densenet121 trial3] Epoch   1/100 | LR: 1.22e-05 | train loss 1.3477 acc 0.401 | val loss 1.2447 acc 0.563 *
[densenet121 trial3] Epoch   2/100 | LR: 1.22e-05 | train loss 1.2297 acc 0.587 | val loss 1.1434 acc 0.663 *
[densenet121 trial3] Epoch   3/100 | LR: 1.22e-05 | train loss 1.1033 acc 0.619 | val loss 1.0329 acc 0.683 *
[densenet121 trial3] Epoch   4/100 | LR: 1.22e-05 | train loss 0.9696 acc 0.645 | val loss 0.9183 acc 0.715 *
[densenet121 trial3] Epoch   5/100 | LR: 1.22e-05 | train loss 0.8532 acc 0.668 | val loss 0.8019 acc 0.724 *
[densenet121 trial3] Epoch   6/100 | LR: 1.22e-05 | train loss 0.7662 acc 0.678 | val loss 0.7335 acc 0.746 *
[densenet121 trial3] Epoch   7/100 | LR: 1.22e-05 | train loss 0.7057 acc 0.715 | val loss 0.6533 acc 0.783 *
[densenet121 trial3] Epoch   8/100 | LR: 1.22e-05 | train loss 0.6407 acc 0.727 | val loss 0.5955 acc 0.771 *
[densenet121 trial3] Epoch   9/100 | LR: 1.22e-05 | train loss 0.5851 acc 0.736 | val loss 0.5565 acc 0.795 *
[densenet121 trial3] Epoch  10/100 | LR: 1.22e-05 | train loss 0.5631 acc 0.741 | val loss 0.5146 acc 0.800 *
[densenet121 trial3] Epoch  11/100 | LR: 1.22e-05 | train loss 0.5015 acc 0.767 | val loss 0.5073 acc 0.793 *
[densenet121 trial3] Epoch  12/100 | LR: 1.22e-05 | train loss 0.4849 acc 0.785 | val loss 0.4901 acc 0.798 *
[densenet121 trial3] Epoch  13/100 | LR: 1.22e-05 | train loss 0.4392 acc 0.797 | val loss 0.4698 acc 0.793 *
[densenet121 trial3] Epoch  14/100 | LR: 1.22e-05 | train loss 0.4412 acc 0.806 | val loss 0.4671 acc 0.810 *
[densenet121 trial3] Epoch  15/100 | LR: 1.22e-05 | train loss 0.3955 acc 0.817 | val loss 0.4528 acc 0.812 *
[densenet121 trial3] Epoch  16/100 | LR: 1.22e-05 | train loss 0.3471 acc 0.842 | val loss 0.4298 acc 0.822 *
[densenet121 trial3] Epoch  17/100 | LR: 1.22e-06 | train loss 0.3570 acc 0.835 | val loss 0.4275 acc 0.827 *
[densenet121 trial3] Epoch  18/100 | LR: 1.22e-06 | train loss 0.3713 acc 0.833 | val loss 0.4391 acc 0.815
[densenet121 trial3] Epoch  19/100 | LR: 1.22e-06 | train loss 0.3501 acc 0.842 | val loss 0.4258 acc 0.829 *
[densenet121 trial3] Epoch  20/100 | LR: 1.22e-06 | train loss 0.3449 acc 0.848 | val loss 0.4150 acc 0.820 *
[densenet121 trial3] Epoch  21/100 | LR: 1.22e-06 | train loss 0.3411 acc 0.841 | val loss 0.4362 acc 0.817
[densenet121 trial3] Epoch  22/100 | LR: 1.22e-06 | train loss 0.3506 acc 0.835 | val loss 0.4277 acc 0.829
[densenet121 trial3] Epoch  23/100 | LR: 1.22e-06 | train loss 0.3452 acc 0.836 | val loss 0.4248 acc 0.829
[densenet121 trial3] Epoch  24/100 | LR: 1.22e-06 | train loss 0.3227 acc 0.839 | val loss 0.4120 acc 0.832 *
[densenet121 trial3] Epoch  25/100 | LR: 1.22e-06 | train loss 0.3204 acc 0.837 | val loss 0.4061 acc 0.824 *
[densenet121 trial3] Epoch  26/100 | LR: 1.22e-06 | train loss 0.3374 acc 0.840 | val loss 0.4116 acc 0.829
[densenet121 trial3] Epoch  27/100 | LR: 1.22e-06 | train loss 0.3184 acc 0.848 | val loss 0.4173 acc 0.837
[densenet121 trial3] Epoch  28/100 | LR: 1.22e-06 | train loss 0.3430 acc 0.835 | val loss 0.4170 acc 0.822
[densenet121 trial3] Epoch  29/100 | LR: 1.22e-06 | train loss 0.3349 acc 0.841 | val loss 0.4280 acc 0.820
[densenet121 trial3] Epoch  30/100 | LR: 1.22e-06 | train loss 0.3184 acc 0.845 | val loss 0.4252 acc 0.832
[densenet121 trial3] Epoch  31/100 | LR: 1.22e-06 | train loss 0.3411 acc 0.842 | val loss 0.4179 acc 0.824
[densenet121 trial3] Epoch  32/100 | LR: 1.22e-06 | train loss 0.3263 acc 0.845 | val loss 0.4129 acc 0.837
[densenet121 trial3] Epoch  33/100 | LR: 1.22e-06 | train loss 0.3208 acc 0.844 | val loss 0.4254 acc 0.824
[densenet121 trial3] Epoch  34/100 | LR: 1.22e-07 | train loss 0.3228 acc 0.843 | val loss 0.4315 acc 0.829
[densenet121 trial3] Epoch  35/100 | LR: 1.22e-07 | train loss 0.3092 acc 0.859 | val loss 0.4089 acc 0.829

[densenet121 trial3] No val loss improvement for 10 epochs — stopping early at epoch 35.

[densenet121 trial3] Restored best checkpoint (val loss = 0.4061)
[12:49:02] [densenet121] trial 3 finished: best val_acc=0.8244 (at val_loss=0.4061)
[I 2026-09-22 12:49:02,407] Trial 3 finished with value: 0.824390243902439 and parameters: {'hidden_layers': 1, 'neurons': 2048, 'lr': 1.2172958098369984e-05, 'beta1': 0.9135400170668128, 'step_size': 17, 'batch_size': 64}. Best is trial 1 with value: 0.8707317073170732.
[12:49:02] [densenet121] trial 4: H=1 N=512 lr=2.91e-06 beta1=0.931 step_size=27 batch_size=96 (micro_batch=16, accum_steps=6)
[densenet121 trial4] Using gradient accumulation: 6 micro-batches per optimizer step (effective batch size ≈ micro_batch x 6).
[densenet121 trial4] Epoch   1/100 | LR: 2.91e-06 | train loss 1.3740 acc 0.316 | val loss 1.3812 acc 0.380 *
[densenet121 trial4] Epoch   2/100 | LR: 2.91e-06 | train loss 1.3558 acc 0.394 | val loss 1.3533 acc 0.454 *
[densenet121 trial4] Epoch   3/100 | LR: 2.91e-06 | train loss 1.3361 acc 0.446 | val loss 1.3309 acc 0.485 *
[densenet121 trial4] Epoch   4/100 | LR: 2.91e-06 | train loss 1.3206 acc 0.482 | val loss 1.3085 acc 0.512 *
[densenet121 trial4] Epoch   5/100 | LR: 2.91e-06 | train loss 1.3024 acc 0.524 | val loss 1.2894 acc 0.551 *
[densenet121 trial4] Epoch   6/100 | LR: 2.91e-06 | train loss 1.2870 acc 0.560 | val loss 1.2784 acc 0.573 *
[densenet121 trial4] Epoch   7/100 | LR: 2.91e-06 | train loss 1.2634 acc 0.567 | val loss 1.2577 acc 0.590 *
[densenet121 trial4] Epoch   8/100 | LR: 2.91e-06 | train loss 1.2385 acc 0.594 | val loss 1.2359 acc 0.607 *
[densenet121 trial4] Epoch   9/100 | LR: 2.91e-06 | train loss 1.2210 acc 0.612 | val loss 1.2211 acc 0.629 *
[densenet121 trial4] Epoch  10/100 | LR: 2.91e-06 | train loss 1.2130 acc 0.598 | val loss 1.2044 acc 0.627 *
[densenet121 trial4] Epoch  11/100 | LR: 2.91e-06 | train loss 1.1817 acc 0.629 | val loss 1.1919 acc 0.641 *
[densenet121 trial4] Epoch  12/100 | LR: 2.91e-06 | train loss 1.1542 acc 0.631 | val loss 1.1736 acc 0.659 *
[densenet121 trial4] Epoch  13/100 | LR: 2.91e-06 | train loss 1.1381 acc 0.637 | val loss 1.1497 acc 0.661 *
[densenet121 trial4] Epoch  14/100 | LR: 2.91e-06 | train loss 1.1087 acc 0.641 | val loss 1.1326 acc 0.671 *
[densenet121 trial4] Epoch  15/100 | LR: 2.91e-06 | train loss 1.0761 acc 0.648 | val loss 1.1262 acc 0.673 *
[densenet121 trial4] Epoch  16/100 | LR: 2.91e-06 | train loss 1.0659 acc 0.638 | val loss 1.0833 acc 0.680 *
[densenet121 trial4] Epoch  17/100 | LR: 2.91e-06 | train loss 1.0401 acc 0.653 | val loss 1.0859 acc 0.693
[densenet121 trial4] Epoch  18/100 | LR: 2.91e-06 | train loss 1.0049 acc 0.639 | val loss 1.0453 acc 0.678 *
[densenet121 trial4] Epoch  19/100 | LR: 2.91e-06 | train loss 0.9816 acc 0.656 | val loss 1.0286 acc 0.698 *
[densenet121 trial4] Epoch  20/100 | LR: 2.91e-06 | train loss 0.9764 acc 0.645 | val loss 1.0071 acc 0.705 *
[densenet121 trial4] Epoch  21/100 | LR: 2.91e-06 | train loss 0.9436 acc 0.658 | val loss 0.9856 acc 0.705 *
[densenet121 trial4] Epoch  22/100 | LR: 2.91e-06 | train loss 0.9417 acc 0.645 | val loss 0.9707 acc 0.717 *
[densenet121 trial4] Epoch  23/100 | LR: 2.91e-06 | train loss 0.9044 acc 0.661 | val loss 0.9614 acc 0.715 *
[densenet121 trial4] Epoch  24/100 | LR: 2.91e-06 | train loss 0.8770 acc 0.658 | val loss 0.9106 acc 0.712 *
[densenet121 trial4] Epoch  25/100 | LR: 2.91e-06 | train loss 0.8765 acc 0.664 | val loss 0.9107 acc 0.724
[densenet121 trial4] Epoch  26/100 | LR: 2.91e-06 | train loss 0.8624 acc 0.664 | val loss 0.8815 acc 0.705 *
[densenet121 trial4] Epoch  27/100 | LR: 2.91e-07 | train loss 0.8325 acc 0.679 | val loss 0.8669 acc 0.715 *
[densenet121 trial4] Epoch  28/100 | LR: 2.91e-07 | train loss 0.8324 acc 0.679 | val loss 0.8649 acc 0.727 *
[densenet121 trial4] Epoch  29/100 | LR: 2.91e-07 | train loss 0.8260 acc 0.697 | val loss 0.8708 acc 0.729
[densenet121 trial4] Epoch  30/100 | LR: 2.91e-07 | train loss 0.8449 acc 0.676 | val loss 0.8608 acc 0.712 *
[densenet121 trial4] Epoch  31/100 | LR: 2.91e-07 | train loss 0.8067 acc 0.692 | val loss 0.8593 acc 0.732 *
[densenet121 trial4] Epoch  32/100 | LR: 2.91e-07 | train loss 0.8400 acc 0.664 | val loss 0.8474 acc 0.712 *
[densenet121 trial4] Epoch  33/100 | LR: 2.91e-07 | train loss 0.8185 acc 0.685 | val loss 0.8523 acc 0.722
[densenet121 trial4] Epoch  34/100 | LR: 2.91e-07 | train loss 0.8182 acc 0.682 | val loss 0.8637 acc 0.727
[densenet121 trial4] Epoch  35/100 | LR: 2.91e-07 | train loss 0.8142 acc 0.683 | val loss 0.8636 acc 0.732
[densenet121 trial4] Epoch  36/100 | LR: 2.91e-07 | train loss 0.8137 acc 0.686 | val loss 0.8645 acc 0.741
[densenet121 trial4] Epoch  37/100 | LR: 2.91e-07 | train loss 0.8169 acc 0.673 | val loss 0.8519 acc 0.732
[densenet121 trial4] Epoch  38/100 | LR: 2.91e-07 | train loss 0.8137 acc 0.681 | val loss 0.8459 acc 0.729 *
[densenet121 trial4] Epoch  39/100 | LR: 2.91e-07 | train loss 0.7998 acc 0.697 | val loss 0.8524 acc 0.732
[densenet121 trial4] Epoch  40/100 | LR: 2.91e-07 | train loss 0.8093 acc 0.691 | val loss 0.8507 acc 0.734
[densenet121 trial4] Epoch  41/100 | LR: 2.91e-07 | train loss 0.8154 acc 0.687 | val loss 0.8508 acc 0.734
[densenet121 trial4] Epoch  42/100 | LR: 2.91e-07 | train loss 0.7916 acc 0.693 | val loss 0.8409 acc 0.722 *
[densenet121 trial4] Epoch  43/100 | LR: 2.91e-07 | train loss 0.8112 acc 0.694 | val loss 0.8453 acc 0.734
[densenet121 trial4] Epoch  44/100 | LR: 2.91e-07 | train loss 0.8065 acc 0.697 | val loss 0.8427 acc 0.734
[densenet121 trial4] Epoch  45/100 | LR: 2.91e-07 | train loss 0.7926 acc 0.686 | val loss 0.8332 acc 0.729 *
[densenet121 trial4] Epoch  46/100 | LR: 2.91e-07 | train loss 0.7918 acc 0.688 | val loss 0.8447 acc 0.727
[densenet121 trial4] Epoch  47/100 | LR: 2.91e-07 | train loss 0.7930 acc 0.693 | val loss 0.8360 acc 0.724
[densenet121 trial4] Epoch  48/100 | LR: 2.91e-07 | train loss 0.8077 acc 0.681 | val loss 0.8238 acc 0.741 *
[densenet121 trial4] Epoch  49/100 | LR: 2.91e-07 | train loss 0.8153 acc 0.674 | val loss 0.8307 acc 0.739
[densenet121 trial4] Epoch  50/100 | LR: 2.91e-07 | train loss 0.7995 acc 0.687 | val loss 0.8242 acc 0.737
[densenet121 trial4] Epoch  51/100 | LR: 2.91e-07 | train loss 0.7862 acc 0.702 | val loss 0.8270 acc 0.741
[densenet121 trial4] Epoch  52/100 | LR: 2.91e-07 | train loss 0.8057 acc 0.680 | val loss 0.8243 acc 0.739
[densenet121 trial4] Epoch  53/100 | LR: 2.91e-07 | train loss 0.7850 acc 0.696 | val loss 0.8277 acc 0.722
[densenet121 trial4] Epoch  54/100 | LR: 2.91e-08 | train loss 0.7777 acc 0.703 | val loss 0.8343 acc 0.737
[densenet121 trial4] Epoch  55/100 | LR: 2.91e-08 | train loss 0.7888 acc 0.693 | val loss 0.8168 acc 0.737 *
[densenet121 trial4] Epoch  56/100 | LR: 2.91e-08 | train loss 0.7832 acc 0.683 | val loss 0.8218 acc 0.739
[densenet121 trial4] Epoch  57/100 | LR: 2.91e-08 | train loss 0.7873 acc 0.706 | val loss 0.8243 acc 0.717
[densenet121 trial4] Epoch  58/100 | LR: 2.91e-08 | train loss 0.7968 acc 0.687 | val loss 0.8292 acc 0.744
[densenet121 trial4] Epoch  59/100 | LR: 2.91e-08 | train loss 0.7886 acc 0.689 | val loss 0.8155 acc 0.741 *
[densenet121 trial4] Epoch  60/100 | LR: 2.91e-08 | train loss 0.8083 acc 0.683 | val loss 0.8352 acc 0.741
[densenet121 trial4] Epoch  61/100 | LR: 2.91e-08 | train loss 0.7717 acc 0.694 | val loss 0.8181 acc 0.732
[densenet121 trial4] Epoch  62/100 | LR: 2.91e-08 | train loss 0.7882 acc 0.697 | val loss 0.8218 acc 0.741
[densenet121 trial4] Epoch  63/100 | LR: 2.91e-08 | train loss 0.7844 acc 0.685 | val loss 0.8137 acc 0.737 *
[densenet121 trial4] Epoch  64/100 | LR: 2.91e-08 | train loss 0.7747 acc 0.691 | val loss 0.8188 acc 0.744
[densenet121 trial4] Epoch  65/100 | LR: 2.91e-08 | train loss 0.7901 acc 0.691 | val loss 0.8209 acc 0.744
[densenet121 trial4] Epoch  66/100 | LR: 2.91e-08 | train loss 0.7795 acc 0.693 | val loss 0.8359 acc 0.737
[densenet121 trial4] Epoch  67/100 | LR: 2.91e-08 | train loss 0.7930 acc 0.700 | val loss 0.8288 acc 0.734
[densenet121 trial4] Epoch  68/100 | LR: 2.91e-08 | train loss 0.7819 acc 0.676 | val loss 0.8100 acc 0.729 *
[densenet121 trial4] Epoch  69/100 | LR: 2.91e-08 | train loss 0.7839 acc 0.687 | val loss 0.8268 acc 0.734
[densenet121 trial4] Epoch  70/100 | LR: 2.91e-08 | train loss 0.7946 acc 0.689 | val loss 0.8158 acc 0.744
[densenet121 trial4] Epoch  71/100 | LR: 2.91e-08 | train loss 0.7878 acc 0.689 | val loss 0.8160 acc 0.729
[densenet121 trial4] Epoch  72/100 | LR: 2.91e-08 | train loss 0.7839 acc 0.695 | val loss 0.8231 acc 0.741
[densenet121 trial4] Epoch  73/100 | LR: 2.91e-08 | train loss 0.7826 acc 0.691 | val loss 0.8198 acc 0.746
[densenet121 trial4] Epoch  74/100 | LR: 2.91e-08 | train loss 0.7867 acc 0.693 | val loss 0.8191 acc 0.739
[densenet121 trial4] Epoch  75/100 | LR: 2.91e-08 | train loss 0.7830 acc 0.705 | val loss 0.8285 acc 0.734
[densenet121 trial4] Epoch  76/100 | LR: 2.91e-08 | train loss 0.7940 acc 0.690 | val loss 0.8379 acc 0.744
[densenet121 trial4] Epoch  77/100 | LR: 2.91e-08 | train loss 0.7951 acc 0.702 | val loss 0.8191 acc 0.741
[densenet121 trial4] Epoch  78/100 | LR: 2.91e-08 | train loss 0.8028 acc 0.683 | val loss 0.8275 acc 0.720

[densenet121 trial4] No val loss improvement for 10 epochs — stopping early at epoch 78.

[densenet121 trial4] Restored best checkpoint (val loss = 0.8100)
[13:00:32] [densenet121] trial 4 finished: best val_acc=0.7293 (at val_loss=0.8100)
[I 2026-09-22 13:00:32,124] Trial 4 finished with value: 0.7292682926829268 and parameters: {'hidden_layers': 1, 'neurons': 512, 'lr': 2.907208890659845e-06, 'beta1': 0.9306886095119211, 'step_size': 27, 'batch_size': 96}. Best is trial 1 with value: 0.8707317073170732.
[13:00:32] [densenet121] trial 5: H=2 N=512 lr=5.13e-05 beta1=0.513 step_size=8 batch_size=48 (micro_batch=16, accum_steps=3)
[densenet121 trial5] Using gradient accumulation: 3 micro-batches per optimizer step (effective batch size ≈ micro_batch x 3).
[densenet121 trial5] Epoch   1/100 | LR: 5.13e-05 | train loss 1.2633 acc 0.559 | val loss 1.0172 acc 0.685 *
[densenet121 trial5] Epoch   2/100 | LR: 5.13e-05 | train loss 0.7791 acc 0.681 | val loss 0.6067 acc 0.778 *
[densenet121 trial5] Epoch   3/100 | LR: 5.13e-05 | train loss 0.5991 acc 0.738 | val loss 0.5092 acc 0.788 *
[densenet121 trial5] Epoch   4/100 | LR: 5.13e-05 | train loss 0.4821 acc 0.792 | val loss 0.4821 acc 0.800 *
[densenet121 trial5] Epoch   5/100 | LR: 5.13e-05 | train loss 0.3822 acc 0.830 | val loss 0.3866 acc 0.849 *
[densenet121 trial5] Epoch   6/100 | LR: 5.13e-05 | train loss 0.3821 acc 0.824 | val loss 0.3603 acc 0.861 *
[densenet121 trial5] Epoch   7/100 | LR: 5.13e-05 | train loss 0.3090 acc 0.862 | val loss 0.3674 acc 0.851
[densenet121 trial5] Epoch   8/100 | LR: 5.13e-06 | train loss 0.2654 acc 0.873 | val loss 0.3619 acc 0.851
[densenet121 trial5] Epoch   9/100 | LR: 5.13e-06 | train loss 0.2182 acc 0.900 | val loss 0.3426 acc 0.871 *
[densenet121 trial5] Epoch  10/100 | LR: 5.13e-06 | train loss 0.2331 acc 0.905 | val loss 0.3184 acc 0.890 *
[densenet121 trial5] Epoch  11/100 | LR: 5.13e-06 | train loss 0.2028 acc 0.901 | val loss 0.3243 acc 0.888
[densenet121 trial5] Epoch  12/100 | LR: 5.13e-06 | train loss 0.1787 acc 0.917 | val loss 0.3301 acc 0.880
[densenet121 trial5] Epoch  13/100 | LR: 5.13e-06 | train loss 0.1861 acc 0.917 | val loss 0.3143 acc 0.888 *
[densenet121 trial5] Epoch  14/100 | LR: 5.13e-06 | train loss 0.1737 acc 0.925 | val loss 0.3105 acc 0.888 *
[densenet121 trial5] Epoch  15/100 | LR: 5.13e-06 | train loss 0.1852 acc 0.914 | val loss 0.3038 acc 0.878 *
[densenet121 trial5] Epoch  16/100 | LR: 5.13e-07 | train loss 0.1678 acc 0.924 | val loss 0.3051 acc 0.880
[densenet121 trial5] Epoch  17/100 | LR: 5.13e-07 | train loss 0.1611 acc 0.921 | val loss 0.2954 acc 0.883 *
[densenet121 trial5] Epoch  18/100 | LR: 5.13e-07 | train loss 0.1649 acc 0.928 | val loss 0.2962 acc 0.895
[densenet121 trial5] Epoch  19/100 | LR: 5.13e-07 | train loss 0.1540 acc 0.928 | val loss 0.3078 acc 0.885
[densenet121 trial5] Epoch  20/100 | LR: 5.13e-07 | train loss 0.1575 acc 0.927 | val loss 0.3017 acc 0.895
[densenet121 trial5] Epoch  21/100 | LR: 5.13e-07 | train loss 0.1415 acc 0.936 | val loss 0.3099 acc 0.880
[densenet121 trial5] Epoch  22/100 | LR: 5.13e-07 | train loss 0.1641 acc 0.924 | val loss 0.2985 acc 0.895
[densenet121 trial5] Epoch  23/100 | LR: 5.13e-07 | train loss 0.1550 acc 0.923 | val loss 0.3142 acc 0.893
[densenet121 trial5] Epoch  24/100 | LR: 5.13e-08 | train loss 0.1581 acc 0.925 | val loss 0.3074 acc 0.888
[densenet121 trial5] Epoch  25/100 | LR: 5.13e-08 | train loss 0.1673 acc 0.916 | val loss 0.3054 acc 0.888
[densenet121 trial5] Epoch  26/100 | LR: 5.13e-08 | train loss 0.1671 acc 0.930 | val loss 0.3067 acc 0.893
[densenet121 trial5] Epoch  27/100 | LR: 5.13e-08 | train loss 0.1754 acc 0.924 | val loss 0.3028 acc 0.876

[densenet121 trial5] No val loss improvement for 10 epochs — stopping early at epoch 27.

[densenet121 trial5] Restored best checkpoint (val loss = 0.2954)
[13:04:32] [densenet121] trial 5 finished: best val_acc=0.8829 (at val_loss=0.2954)
[I 2026-09-22 13:04:32,979] Trial 5 finished with value: 0.8829268292682927 and parameters: {'hidden_layers': 2, 'neurons': 512, 'lr': 5.1305517605898387e-05, 'beta1': 0.5126841442453035, 'step_size': 8, 'batch_size': 48}. Best is trial 5 with value: 0.8829268292682927.
[13:04:33] [densenet121] trial 6: H=2 N=512 lr=3.06e-03 beta1=0.901 step_size=11 batch_size=32 (micro_batch=16, accum_steps=2)
[densenet121 trial6] Using gradient accumulation: 2 micro-batches per optimizer step (effective batch size ≈ micro_batch x 2).
[densenet121 trial6] Epoch   1/100 | LR: 3.06e-03 | train loss 1.3634 acc 0.329 | val loss 1.2902 acc 0.351 *
[densenet121 trial6] Epoch   2/100 | LR: 3.06e-03 | train loss 1.2141 acc 0.397 | val loss 1.0991 acc 0.471 *
[densenet121 trial6] Epoch   3/100 | LR: 3.06e-03 | train loss 1.1315 acc 0.407 | val loss 1.0498 acc 0.476 *
[densenet121 trial6] Epoch   4/100 | LR: 3.06e-03 | train loss 1.1498 acc 0.418 | val loss 1.0723 acc 0.505
[densenet121 trial6] Epoch   5/100 | LR: 3.06e-03 | train loss 1.1252 acc 0.431 | val loss 1.0757 acc 0.415
[I 2026-09-22 13:05:18,189] Trial 6 pruned. 
[13:05:18] [densenet121] trial 7: H=1 N=512 lr=2.24e-05 beta1=0.971 step_size=16 batch_size=32 (micro_batch=16, accum_steps=2)
[densenet121 trial7] Using gradient accumulation: 2 micro-batches per optimizer step (effective batch size ≈ micro_batch x 2).
[densenet121 trial7] Epoch   1/100 | LR: 2.24e-05 | train loss 1.2711 acc 0.399 | val loss 1.1388 acc 0.671 *
[densenet121 trial7] Epoch   2/100 | LR: 2.24e-05 | train loss 0.9909 acc 0.645 | val loss 0.9007 acc 0.700 *
[densenet121 trial7] Epoch   3/100 | LR: 2.24e-05 | train loss 0.8056 acc 0.673 | val loss 0.6964 acc 0.780 *
[densenet121 trial7] Epoch   4/100 | LR: 2.24e-05 | train loss 0.6466 acc 0.736 | val loss 0.5872 acc 0.800 *
[densenet121 trial7] Epoch   5/100 | LR: 2.24e-05 | train loss 0.5292 acc 0.761 | val loss 0.5160 acc 0.807 *
[densenet121 trial7] Epoch   6/100 | LR: 2.24e-05 | train loss 0.5230 acc 0.765 | val loss 0.4876 acc 0.805 *
[densenet121 trial7] Epoch   7/100 | LR: 2.24e-05 | train loss 0.4577 acc 0.803 | val loss 0.4605 acc 0.817 *
[densenet121 trial7] Epoch   8/100 | LR: 2.24e-05 | train loss 0.4017 acc 0.817 | val loss 0.4500 acc 0.827 *
[densenet121 trial7] Epoch   9/100 | LR: 2.24e-05 | train loss 0.3563 acc 0.842 | val loss 0.4241 acc 0.829 *
[densenet121 trial7] Epoch  10/100 | LR: 2.24e-05 | train loss 0.3299 acc 0.859 | val loss 0.4353 acc 0.832
[densenet121 trial7] Epoch  11/100 | LR: 2.24e-05 | train loss 0.2951 acc 0.859 | val loss 0.4000 acc 0.851 *
[densenet121 trial7] Epoch  12/100 | LR: 2.24e-05 | train loss 0.2759 acc 0.882 | val loss 0.3936 acc 0.849 *
[densenet121 trial7] Epoch  13/100 | LR: 2.24e-05 | train loss 0.2475 acc 0.883 | val loss 0.3801 acc 0.846 *
[densenet121 trial7] Epoch  14/100 | LR: 2.24e-05 | train loss 0.2277 acc 0.897 | val loss 0.3671 acc 0.856 *
[densenet121 trial7] Epoch  15/100 | LR: 2.24e-05 | train loss 0.2271 acc 0.889 | val loss 0.3547 acc 0.861 *
[densenet121 trial7] Epoch  16/100 | LR: 2.24e-06 | train loss 0.1922 acc 0.918 | val loss 0.3615 acc 0.861
[densenet121 trial7] Epoch  17/100 | LR: 2.24e-06 | train loss 0.1728 acc 0.922 | val loss 0.3595 acc 0.856
[densenet121 trial7] Epoch  18/100 | LR: 2.24e-06 | train loss 0.1753 acc 0.923 | val loss 0.3595 acc 0.861
[densenet121 trial7] Epoch  19/100 | LR: 2.24e-06 | train loss 0.1710 acc 0.918 | val loss 0.3574 acc 0.856
[densenet121 trial7] Epoch  20/100 | LR: 2.24e-06 | train loss 0.1616 acc 0.931 | val loss 0.3559 acc 0.856
[densenet121 trial7] Epoch  21/100 | LR: 2.24e-06 | train loss 0.1528 acc 0.937 | val loss 0.3578 acc 0.861
[densenet121 trial7] Epoch  22/100 | LR: 2.24e-06 | train loss 0.1496 acc 0.927 | val loss 0.3570 acc 0.861
[densenet121 trial7] Epoch  23/100 | LR: 2.24e-06 | train loss 0.1538 acc 0.936 | val loss 0.3564 acc 0.871
[densenet121 trial7] Epoch  24/100 | LR: 2.24e-06 | train loss 0.1490 acc 0.937 | val loss 0.3588 acc 0.873
[densenet121 trial7] Epoch  25/100 | LR: 2.24e-06 | train loss 0.1528 acc 0.931 | val loss 0.3565 acc 0.876

[densenet121 trial7] No val loss improvement for 10 epochs — stopping early at epoch 25.

[densenet121 trial7] Restored best checkpoint (val loss = 0.3547)
[13:09:01] [densenet121] trial 7 finished: best val_acc=0.8610 (at val_loss=0.3547)
[I 2026-09-22 13:09:01,976] Trial 7 finished with value: 0.8609756097560975 and parameters: {'hidden_layers': 1, 'neurons': 512, 'lr': 2.2410971619109514e-05, 'beta1': 0.970511942252347, 'step_size': 16, 'batch_size': 32}. Best is trial 5 with value: 0.8829268292682927.
[13:09:02] [densenet121] trial 8: H=2 N=2048 lr=9.08e-06 beta1=0.572 step_size=22 batch_size=8 (micro_batch=8, accum_steps=1)
[densenet121 trial8] Epoch   1/100 | LR: 9.08e-06 | train loss 1.2743 acc 0.551 | val loss 1.0231 acc 0.707 *
[densenet121 trial8] Epoch   2/100 | LR: 9.08e-06 | train loss 0.9156 acc 0.663 | val loss 0.6359 acc 0.759 *
[densenet121 trial8] Epoch   3/100 | LR: 9.08e-06 | train loss 0.6947 acc 0.697 | val loss 0.5125 acc 0.807 *
[densenet121 trial8] Epoch   4/100 | LR: 9.08e-06 | train loss 0.6094 acc 0.726 | val loss 0.4846 acc 0.815 *
[densenet121 trial8] Epoch   5/100 | LR: 9.08e-06 | train loss 0.5576 acc 0.764 | val loss 0.4661 acc 0.805 *
[densenet121 trial8] Epoch   6/100 | LR: 9.08e-06 | train loss 0.5039 acc 0.774 | val loss 0.4531 acc 0.832 *
[densenet121 trial8] Epoch   7/100 | LR: 9.08e-06 | train loss 0.4408 acc 0.810 | val loss 0.4421 acc 0.832 *
[densenet121 trial8] Epoch   8/100 | LR: 9.08e-06 | train loss 0.4592 acc 0.800 | val loss 0.4334 acc 0.824 *
[densenet121 trial8] Epoch   9/100 | LR: 9.08e-06 | train loss 0.3983 acc 0.804 | val loss 0.4106 acc 0.846 *
[densenet121 trial8] Epoch  10/100 | LR: 9.08e-06 | train loss 0.3890 acc 0.822 | val loss 0.4093 acc 0.844 *
[densenet121 trial8] Epoch  11/100 | LR: 9.08e-06 | train loss 0.3476 acc 0.833 | val loss 0.4095 acc 0.829
[densenet121 trial8] Epoch  12/100 | LR: 9.08e-06 | train loss 0.3254 acc 0.840 | val loss 0.3989 acc 0.844 *
[densenet121 trial8] Epoch  13/100 | LR: 9.08e-06 | train loss 0.2952 acc 0.859 | val loss 0.3800 acc 0.856 *
[densenet121 trial8] Epoch  14/100 | LR: 9.08e-06 | train loss 0.2656 acc 0.861 | val loss 0.3665 acc 0.851 *
[densenet121 trial8] Epoch  15/100 | LR: 9.08e-06 | train loss 0.2850 acc 0.869 | val loss 0.3729 acc 0.866
[densenet121 trial8] Epoch  16/100 | LR: 9.08e-06 | train loss 0.2631 acc 0.881 | val loss 0.3521 acc 0.868 *
[densenet121 trial8] Epoch  17/100 | LR: 9.08e-06 | train loss 0.2397 acc 0.876 | val loss 0.3571 acc 0.871
[densenet121 trial8] Epoch  18/100 | LR: 9.08e-06 | train loss 0.2669 acc 0.869 | val loss 0.3850 acc 0.851
[densenet121 trial8] Epoch  19/100 | LR: 9.08e-06 | train loss 0.2183 acc 0.887 | val loss 0.3484 acc 0.863 *
[densenet121 trial8] Epoch  20/100 | LR: 9.08e-06 | train loss 0.2272 acc 0.885 | val loss 0.3294 acc 0.883 *
[densenet121 trial8] Epoch  21/100 | LR: 9.08e-06 | train loss 0.2176 acc 0.893 | val loss 0.3874 acc 0.863
[densenet121 trial8] Epoch  22/100 | LR: 9.08e-07 | train loss 0.2150 acc 0.882 | val loss 0.3597 acc 0.871
[densenet121 trial8] Epoch  23/100 | LR: 9.08e-07 | train loss 0.1736 acc 0.910 | val loss 0.3706 acc 0.878
[densenet121 trial8] Epoch  24/100 | LR: 9.08e-07 | train loss 0.1640 acc 0.919 | val loss 0.3492 acc 0.868
[densenet121 trial8] Epoch  25/100 | LR: 9.08e-07 | train loss 0.1593 acc 0.919 | val loss 0.3515 acc 0.876
[densenet121 trial8] Epoch  26/100 | LR: 9.08e-07 | train loss 0.1686 acc 0.923 | val loss 0.3421 acc 0.873
[densenet121 trial8] Epoch  27/100 | LR: 9.08e-07 | train loss 0.1641 acc 0.924 | val loss 0.3695 acc 0.876
[densenet121 trial8] Epoch  28/100 | LR: 9.08e-07 | train loss 0.1428 acc 0.928 | val loss 0.3467 acc 0.876
[densenet121 trial8] Epoch  29/100 | LR: 9.08e-07 | train loss 0.1576 acc 0.920 | val loss 0.3577 acc 0.873
[densenet121 trial8] Epoch  30/100 | LR: 9.08e-07 | train loss 0.1702 acc 0.917 | val loss 0.3448 acc 0.871

[densenet121 trial8] No val loss improvement for 10 epochs — stopping early at epoch 30.

[densenet121 trial8] Restored best checkpoint (val loss = 0.3294)
[13:15:47] [densenet121] trial 8 finished: best val_acc=0.8829 (at val_loss=0.3294)
[I 2026-09-22 13:15:47,245] Trial 8 finished with value: 0.8829268292682927 and parameters: {'hidden_layers': 2, 'neurons': 2048, 'lr': 9.083381663660597e-06, 'beta1': 0.5723025411735203, 'step_size': 22, 'batch_size': 8}. Best is trial 5 with value: 0.8829268292682927.
[13:15:47] [densenet121] trial 9: H=3 N=512 lr=2.31e-04 beta1=0.838 step_size=5 batch_size=96 (micro_batch=16, accum_steps=6)
[densenet121 trial9] Using gradient accumulation: 6 micro-batches per optimizer step (effective batch size ≈ micro_batch x 6).
[densenet121 trial9] Epoch   1/100 | LR: 2.31e-04 | train loss 1.1698 acc 0.486 | val loss 0.7319 acc 0.766 *
[densenet121 trial9] Epoch   2/100 | LR: 2.31e-04 | train loss 0.7165 acc 0.696 | val loss 0.6171 acc 0.766 *
[densenet121 trial9] Epoch   3/100 | LR: 2.31e-04 | train loss 0.5129 acc 0.773 | val loss 0.4900 acc 0.815 *
[densenet121 trial9] Epoch   4/100 | LR: 2.31e-04 | train loss 0.4750 acc 0.796 | val loss 0.4484 acc 0.837 *
[densenet121 trial9] Epoch   5/100 | LR: 2.31e-05 | train loss 0.3518 acc 0.848 | val loss 0.5215 acc 0.778
[densenet121 trial9] Epoch   6/100 | LR: 2.31e-05 | train loss 0.3205 acc 0.852 | val loss 0.3452 acc 0.873 *
[densenet121 trial9] Epoch   7/100 | LR: 2.31e-05 | train loss 0.2370 acc 0.881 | val loss 0.3402 acc 0.868 *
[densenet121 trial9] Epoch   8/100 | LR: 2.31e-05 | train loss 0.2203 acc 0.891 | val loss 0.3421 acc 0.873
[densenet121 trial9] Epoch   9/100 | LR: 2.31e-05 | train loss 0.2195 acc 0.899 | val loss 0.3421 acc 0.863
[densenet121 trial9] Epoch  10/100 | LR: 2.31e-06 | train loss 0.1842 acc 0.914 | val loss 0.3162 acc 0.883 *
[densenet121 trial9] Epoch  11/100 | LR: 2.31e-06 | train loss 0.1910 acc 0.920 | val loss 0.3145 acc 0.883 *
[densenet121 trial9] Epoch  12/100 | LR: 2.31e-06 | train loss 0.1665 acc 0.917 | val loss 0.3172 acc 0.880
[densenet121 trial9] Epoch  13/100 | LR: 2.31e-06 | train loss 0.1832 acc 0.913 | val loss 0.3180 acc 0.880
[densenet121 trial9] Epoch  14/100 | LR: 2.31e-06 | train loss 0.1822 acc 0.914 | val loss 0.3197 acc 0.880
[densenet121 trial9] Epoch  15/100 | LR: 2.31e-07 | train loss 0.1917 acc 0.920 | val loss 0.3153 acc 0.883
[densenet121 trial9] Epoch  16/100 | LR: 2.31e-07 | train loss 0.1619 acc 0.917 | val loss 0.3206 acc 0.876
[densenet121 trial9] Epoch  17/100 | LR: 2.31e-07 | train loss 0.1612 acc 0.921 | val loss 0.3159 acc 0.878
[densenet121 trial9] Epoch  18/100 | LR: 2.31e-07 | train loss 0.1697 acc 0.920 | val loss 0.3298 acc 0.873
[densenet121 trial9] Epoch  19/100 | LR: 2.31e-07 | train loss 0.1834 acc 0.915 | val loss 0.3122 acc 0.885 *
[densenet121 trial9] Epoch  20/100 | LR: 2.31e-08 | train loss 0.1954 acc 0.908 | val loss 0.3116 acc 0.878 *
[densenet121 trial9] Epoch  21/100 | LR: 2.31e-08 | train loss 0.1758 acc 0.920 | val loss 0.3169 acc 0.880
[densenet121 trial9] Epoch  22/100 | LR: 2.31e-08 | train loss 0.1797 acc 0.914 | val loss 0.3092 acc 0.876 *
[densenet121 trial9] Epoch  23/100 | LR: 2.31e-08 | train loss 0.1804 acc 0.916 | val loss 0.3145 acc 0.876
[densenet121 trial9] Epoch  24/100 | LR: 2.31e-08 | train loss 0.1753 acc 0.920 | val loss 0.3070 acc 0.883 *
[densenet121 trial9] Epoch  25/100 | LR: 2.31e-09 | train loss 0.1773 acc 0.918 | val loss 0.3069 acc 0.883 *
[densenet121 trial9] Epoch  26/100 | LR: 2.31e-09 | train loss 0.1882 acc 0.916 | val loss 0.2990 acc 0.883 *
[densenet121 trial9] Epoch  27/100 | LR: 2.31e-09 | train loss 0.1654 acc 0.922 | val loss 0.3171 acc 0.883
[densenet121 trial9] Epoch  28/100 | LR: 2.31e-09 | train loss 0.1714 acc 0.915 | val loss 0.3256 acc 0.880
[densenet121 trial9] Epoch  29/100 | LR: 2.31e-09 | train loss 0.1778 acc 0.918 | val loss 0.3124 acc 0.885
[densenet121 trial9] Epoch  30/100 | LR: 2.31e-10 | train loss 0.1696 acc 0.927 | val loss 0.3208 acc 0.873
[densenet121 trial9] Epoch  31/100 | LR: 2.31e-10 | train loss 0.1817 acc 0.916 | val loss 0.3109 acc 0.878
[densenet121 trial9] Epoch  32/100 | LR: 2.31e-10 | train loss 0.1746 acc 0.910 | val loss 0.3218 acc 0.873
[densenet121 trial9] Epoch  33/100 | LR: 2.31e-10 | train loss 0.1848 acc 0.917 | val loss 0.3154 acc 0.883
[densenet121 trial9] Epoch  34/100 | LR: 2.31e-10 | train loss 0.1715 acc 0.918 | val loss 0.3265 acc 0.868
[densenet121 trial9] Epoch  35/100 | LR: 2.31e-11 | train loss 0.1638 acc 0.921 | val loss 0.3127 acc 0.878
[densenet121 trial9] Epoch  36/100 | LR: 2.31e-11 | train loss 0.1756 acc 0.920 | val loss 0.3073 acc 0.883

[densenet121 trial9] No val loss improvement for 10 epochs — stopping early at epoch 36.

[densenet121 trial9] Restored best checkpoint (val loss = 0.2990)
[13:21:06] [densenet121] trial 9 finished: best val_acc=0.8829 (at val_loss=0.2990)
[I 2026-09-22 13:21:06,798] Trial 9 finished with value: 0.8829268292682927 and parameters: {'hidden_layers': 3, 'neurons': 512, 'lr': 0.00023097861492693574, 'beta1': 0.8381046165592989, 'step_size': 5, 'batch_size': 96}. Best is trial 5 with value: 0.8829268292682927.
[13:21:06] [densenet121] trial 10: H=3 N=512 lr=1.06e-05 beta1=0.580 step_size=33 batch_size=48 (micro_batch=16, accum_steps=3)
[densenet121 trial10] Using gradient accumulation: 3 micro-batches per optimizer step (effective batch size ≈ micro_batch x 3).
[densenet121 trial10] Epoch   1/100 | LR: 1.06e-05 | train loss 1.3810 acc 0.173 | val loss 1.3739 acc 0.290 *
[densenet121 trial10] Epoch   2/100 | LR: 1.06e-05 | train loss 1.3602 acc 0.472 | val loss 1.3439 acc 0.520 *
[densenet121 trial10] Epoch   3/100 | LR: 1.06e-05 | train loss 1.3190 acc 0.586 | val loss 1.2793 acc 0.578 *
[densenet121 trial10] Epoch   4/100 | LR: 1.06e-05 | train loss 1.2144 acc 0.616 | val loss 1.1486 acc 0.617 *
[densenet121 trial10] Epoch   5/100 | LR: 1.06e-05 | train loss 1.0509 acc 0.642 | val loss 0.9813 acc 0.651 *
[I 2026-09-22 13:21:51,823] Trial 10 pruned. 
[13:21:51] [densenet121] trial 11: H=2 N=512 lr=4.04e-05 beta1=0.582 step_size=5 batch_size=48 (micro_batch=16, accum_steps=3)
[densenet121 trial11] Using gradient accumulation: 3 micro-batches per optimizer step (effective batch size ≈ micro_batch x 3).
[densenet121 trial11] Epoch   1/100 | LR: 4.04e-05 | train loss 1.2950 acc 0.557 | val loss 1.0604 acc 0.690 *
[densenet121 trial11] Epoch   2/100 | LR: 4.04e-05 | train loss 0.9064 acc 0.664 | val loss 0.6442 acc 0.756 *
[densenet121 trial11] Epoch   3/100 | LR: 4.04e-05 | train loss 0.6663 acc 0.722 | val loss 0.5203 acc 0.807 *
[densenet121 trial11] Epoch   4/100 | LR: 4.04e-05 | train loss 0.5103 acc 0.773 | val loss 0.4345 acc 0.820 *
[densenet121 trial11] Epoch   5/100 | LR: 4.04e-06 | train loss 0.4389 acc 0.801 | val loss 0.4375 acc 0.810
[densenet121 trial11] Epoch   6/100 | LR: 4.04e-06 | train loss 0.3670 acc 0.845 | val loss 0.4000 acc 0.822 *
[densenet121 trial11] Epoch   7/100 | LR: 4.04e-06 | train loss 0.3601 acc 0.833 | val loss 0.4104 acc 0.824
[densenet121 trial11] Epoch   8/100 | LR: 4.04e-06 | train loss 0.3640 acc 0.833 | val loss 0.3978 acc 0.844 *
[densenet121 trial11] Epoch   9/100 | LR: 4.04e-06 | train loss 0.3345 acc 0.852 | val loss 0.4169 acc 0.817
[densenet121 trial11] Epoch  10/100 | LR: 4.04e-07 | train loss 0.3317 acc 0.853 | val loss 0.3826 acc 0.834 *
[densenet121 trial11] Epoch  11/100 | LR: 4.04e-07 | train loss 0.3372 acc 0.840 | val loss 0.3872 acc 0.839
[densenet121 trial11] Epoch  12/100 | LR: 4.04e-07 | train loss 0.3255 acc 0.837 | val loss 0.4031 acc 0.822
[densenet121 trial11] Epoch  13/100 | LR: 4.04e-07 | train loss 0.3094 acc 0.850 | val loss 0.3782 acc 0.839 *
[densenet121 trial11] Epoch  14/100 | LR: 4.04e-07 | train loss 0.3361 acc 0.846 | val loss 0.3716 acc 0.856 *
[densenet121 trial11] Epoch  15/100 | LR: 4.04e-08 | train loss 0.2997 acc 0.857 | val loss 0.3788 acc 0.834
[densenet121 trial11] Epoch  16/100 | LR: 4.04e-08 | train loss 0.2969 acc 0.853 | val loss 0.3902 acc 0.827
[densenet121 trial11] Epoch  17/100 | LR: 4.04e-08 | train loss 0.2929 acc 0.867 | val loss 0.3803 acc 0.837
[densenet121 trial11] Epoch  18/100 | LR: 4.04e-08 | train loss 0.3095 acc 0.859 | val loss 0.3747 acc 0.839
[densenet121 trial11] Epoch  19/100 | LR: 4.04e-08 | train loss 0.3211 acc 0.850 | val loss 0.3793 acc 0.844
[densenet121 trial11] Epoch  20/100 | LR: 4.04e-09 | train loss 0.3030 acc 0.862 | val loss 0.3814 acc 0.837
[densenet121 trial11] Epoch  21/100 | LR: 4.04e-09 | train loss 0.3177 acc 0.852 | val loss 0.3756 acc 0.841
[densenet121 trial11] Epoch  22/100 | LR: 4.04e-09 | train loss 0.3262 acc 0.853 | val loss 0.3817 acc 0.841
[densenet121 trial11] Epoch  23/100 | LR: 4.04e-09 | train loss 0.3084 acc 0.845 | val loss 0.3990 acc 0.829
[densenet121 trial11] Epoch  24/100 | LR: 4.04e-09 | train loss 0.3242 acc 0.852 | val loss 0.3788 acc 0.837

[densenet121 trial11] No val loss improvement for 10 epochs — stopping early at epoch 24.

[densenet121 trial11] Restored best checkpoint (val loss = 0.3716)
[13:25:25] [densenet121] trial 11 finished: best val_acc=0.8561 (at val_loss=0.3716)
[I 2026-09-22 13:25:25,721] Trial 11 finished with value: 0.8560975609756097 and parameters: {'hidden_layers': 2, 'neurons': 512, 'lr': 4.038497259072827e-05, 'beta1': 0.5821335580287149, 'step_size': 5, 'batch_size': 48}. Best is trial 5 with value: 0.8829268292682927.
[13:25:25] [densenet121] trial 12: H=2 N=2048 lr=5.26e-06 beta1=0.588 step_size=21 batch_size=8 (micro_batch=8, accum_steps=1)
[densenet121 trial12] Epoch   1/100 | LR: 5.26e-06 | train loss 1.3294 acc 0.450 | val loss 1.1879 acc 0.598 *
[densenet121 trial12] Epoch   2/100 | LR: 5.26e-06 | train loss 1.1330 acc 0.595 | val loss 0.9211 acc 0.693 *
[densenet121 trial12] Epoch   3/100 | LR: 5.26e-06 | train loss 0.8884 acc 0.667 | val loss 0.7210 acc 0.715 *
[densenet121 trial12] Epoch   4/100 | LR: 5.26e-06 | train loss 0.7271 acc 0.706 | val loss 0.6029 acc 0.788 *
[densenet121 trial12] Epoch   5/100 | LR: 5.26e-06 | train loss 0.6329 acc 0.712 | val loss 0.5716 acc 0.790 *
[densenet121 trial12] Epoch   6/100 | LR: 5.26e-06 | train loss 0.6199 acc 0.724 | val loss 0.5108 acc 0.802 *
[densenet121 trial12] Epoch   7/100 | LR: 5.26e-06 | train loss 0.5561 acc 0.758 | val loss 0.5013 acc 0.800 *
[densenet121 trial12] Epoch   8/100 | LR: 5.26e-06 | train loss 0.5344 acc 0.757 | val loss 0.4758 acc 0.800 *
[densenet121 trial12] Epoch   9/100 | LR: 5.26e-06 | train loss 0.5078 acc 0.781 | val loss 0.4620 acc 0.812 *
[densenet121 trial12] Epoch  10/100 | LR: 5.26e-06 | train loss 0.5011 acc 0.765 | val loss 0.4751 acc 0.798
[I 2026-09-22 13:27:41,285] Trial 12 pruned. 
[13:27:41] [densenet121] trial 13: H=2 N=512 lr=2.87e-05 beta1=0.727 step_size=9 batch_size=48 (micro_batch=16, accum_steps=3)
[densenet121 trial13] Using gradient accumulation: 3 micro-batches per optimizer step (effective batch size ≈ micro_batch x 3).
[densenet121 trial13] Epoch   1/100 | LR: 2.87e-05 | train loss 1.3300 acc 0.460 | val loss 1.2213 acc 0.698 *
[densenet121 trial13] Epoch   2/100 | LR: 2.87e-05 | train loss 1.0751 acc 0.676 | val loss 0.9050 acc 0.668 *
[densenet121 trial13] Epoch   3/100 | LR: 2.87e-05 | train loss 0.7778 acc 0.689 | val loss 0.6548 acc 0.746 *
[densenet121 trial13] Epoch   4/100 | LR: 2.87e-05 | train loss 0.6129 acc 0.743 | val loss 0.5476 acc 0.783 *
[densenet121 trial13] Epoch   5/100 | LR: 2.87e-05 | train loss 0.5249 acc 0.768 | val loss 0.4954 acc 0.820 *
[densenet121 trial13] Epoch   6/100 | LR: 2.87e-05 | train loss 0.4502 acc 0.801 | val loss 0.4468 acc 0.829 *
[densenet121 trial13] Epoch   7/100 | LR: 2.87e-05 | train loss 0.4261 acc 0.816 | val loss 0.4094 acc 0.839 *
[densenet121 trial13] Epoch   8/100 | LR: 2.87e-05 | train loss 0.3797 acc 0.836 | val loss 0.3668 acc 0.861 *
[densenet121 trial13] Epoch   9/100 | LR: 2.87e-06 | train loss 0.3542 acc 0.833 | val loss 0.3483 acc 0.856 *
[densenet121 trial13] Epoch  10/100 | LR: 2.87e-06 | train loss 0.2952 acc 0.874 | val loss 0.3378 acc 0.868 *
[densenet121 trial13] Epoch  11/100 | LR: 2.87e-06 | train loss 0.2717 acc 0.871 | val loss 0.3571 acc 0.863
[densenet121 trial13] Epoch  12/100 | LR: 2.87e-06 | train loss 0.2685 acc 0.875 | val loss 0.3511 acc 0.861
[densenet121 trial13] Epoch  13/100 | LR: 2.87e-06 | train loss 0.2694 acc 0.869 | val loss 0.3283 acc 0.868 *
[densenet121 trial13] Epoch  14/100 | LR: 2.87e-06 | train loss 0.2630 acc 0.881 | val loss 0.3242 acc 0.873 *
[densenet121 trial13] Epoch  15/100 | LR: 2.87e-06 | train loss 0.2612 acc 0.874 | val loss 0.3317 acc 0.871
[densenet121 trial13] Epoch  16/100 | LR: 2.87e-06 | train loss 0.2588 acc 0.877 | val loss 0.3511 acc 0.854
[densenet121 trial13] Epoch  17/100 | LR: 2.87e-06 | train loss 0.2404 acc 0.879 | val loss 0.3326 acc 0.871
[densenet121 trial13] Epoch  18/100 | LR: 2.87e-07 | train loss 0.2559 acc 0.869 | val loss 0.3259 acc 0.878
[densenet121 trial13] Epoch  19/100 | LR: 2.87e-07 | train loss 0.2224 acc 0.891 | val loss 0.3237 acc 0.878 *
[densenet121 trial13] Epoch  20/100 | LR: 2.87e-07 | train loss 0.2383 acc 0.889 | val loss 0.3245 acc 0.876
[densenet121 trial13] Epoch  21/100 | LR: 2.87e-07 | train loss 0.2465 acc 0.887 | val loss 0.3372 acc 0.866
[densenet121 trial13] Epoch  22/100 | LR: 2.87e-07 | train loss 0.2552 acc 0.881 | val loss 0.3253 acc 0.873
[densenet121 trial13] Epoch  23/100 | LR: 2.87e-07 | train loss 0.2565 acc 0.874 | val loss 0.3328 acc 0.876
[densenet121 trial13] Epoch  24/100 | LR: 2.87e-07 | train loss 0.2444 acc 0.893 | val loss 0.3297 acc 0.873
[densenet121 trial13] Epoch  25/100 | LR: 2.87e-07 | train loss 0.2347 acc 0.889 | val loss 0.3476 acc 0.861
[densenet121 trial13] Epoch  26/100 | LR: 2.87e-07 | train loss 0.2469 acc 0.886 | val loss 0.3284 acc 0.876
[densenet121 trial13] Epoch  27/100 | LR: 2.87e-08 | train loss 0.2466 acc 0.884 | val loss 0.3268 acc 0.873
[densenet121 trial13] Epoch  28/100 | LR: 2.87e-08 | train loss 0.2398 acc 0.891 | val loss 0.3264 acc 0.880
[densenet121 trial13] Epoch  29/100 | LR: 2.87e-08 | train loss 0.2423 acc 0.886 | val loss 0.3276 acc 0.876

[densenet121 trial13] No val loss improvement for 10 epochs — stopping early at epoch 29.

[densenet121 trial13] Restored best checkpoint (val loss = 0.3237)
[13:31:59] [densenet121] trial 13 finished: best val_acc=0.8780 (at val_loss=0.3237)
[I 2026-09-22 13:31:59,524] Trial 13 finished with value: 0.8780487804878049 and parameters: {'hidden_layers': 2, 'neurons': 512, 'lr': 2.867918091294032e-05, 'beta1': 0.7271220670548517, 'step_size': 9, 'batch_size': 48}. Best is trial 5 with value: 0.8829268292682927.
[13:31:59] [densenet121] trial 14: H=0 N=2048 lr=1.14e-06 beta1=0.528 step_size=7 batch_size=8 (micro_batch=8, accum_steps=1)
[densenet121 trial14] Epoch   1/100 | LR: 1.14e-06 | train loss 1.5059 acc 0.392 | val loss 1.3820 acc 0.376 *
[densenet121 trial14] Epoch   2/100 | LR: 1.14e-06 | train loss 1.4135 acc 0.423 | val loss 1.3424 acc 0.395 *
[densenet121 trial14] Epoch   3/100 | LR: 1.14e-06 | train loss 1.3435 acc 0.447 | val loss 1.2816 acc 0.439 *
[densenet121 trial14] Epoch   4/100 | LR: 1.14e-06 | train loss 1.2997 acc 0.466 | val loss 1.2612 acc 0.488 *
[densenet121 trial14] Epoch   5/100 | LR: 1.14e-06 | train loss 1.2516 acc 0.482 | val loss 1.1977 acc 0.527 *
[I 2026-09-22 13:33:05,211] Trial 14 pruned. 
[13:33:05] [densenet121] trial 15: H=2 N=2048 lr=6.78e-05 beta1=0.512 step_size=27 batch_size=8 (micro_batch=8, accum_steps=1)
[densenet121 trial15] Epoch   1/100 | LR: 6.78e-05 | train loss 0.9425 acc 0.615 | val loss 0.6548 acc 0.737 *
[densenet121 trial15] Epoch   2/100 | LR: 6.78e-05 | train loss 0.6505 acc 0.720 | val loss 0.5439 acc 0.773 *
[densenet121 trial15] Epoch   3/100 | LR: 6.78e-05 | train loss 0.5847 acc 0.764 | val loss 0.4738 acc 0.812 *
[densenet121 trial15] Epoch   4/100 | LR: 6.78e-05 | train loss 0.4535 acc 0.794 | val loss 0.4231 acc 0.841 *
[densenet121 trial15] Epoch   5/100 | LR: 6.78e-05 | train loss 0.4274 acc 0.823 | val loss 0.3882 acc 0.861 *
[densenet121 trial15] Epoch   6/100 | LR: 6.78e-05 | train loss 0.3893 acc 0.833 | val loss 0.4572 acc 0.851
[densenet121 trial15] Epoch   7/100 | LR: 6.78e-05 | train loss 0.3849 acc 0.835 | val loss 0.3646 acc 0.841 *
[densenet121 trial15] Epoch   8/100 | LR: 6.78e-05 | train loss 0.3568 acc 0.865 | val loss 0.4135 acc 0.854
[densenet121 trial15] Epoch   9/100 | LR: 6.78e-05 | train loss 0.3375 acc 0.848 | val loss 0.3787 acc 0.871
[densenet121 trial15] Epoch  10/100 | LR: 6.78e-05 | train loss 0.2888 acc 0.878 | val loss 0.4291 acc 0.849
[densenet121 trial15] Epoch  11/100 | LR: 6.78e-05 | train loss 0.2936 acc 0.876 | val loss 0.3563 acc 0.876 *
[densenet121 trial15] Epoch  12/100 | LR: 6.78e-05 | train loss 0.2362 acc 0.895 | val loss 0.3668 acc 0.851
[densenet121 trial15] Epoch  13/100 | LR: 6.78e-05 | train loss 0.2555 acc 0.895 | val loss 0.4576 acc 0.861
[densenet121 trial15] Epoch  14/100 | LR: 6.78e-05 | train loss 0.2162 acc 0.903 | val loss 0.4007 acc 0.849
[densenet121 trial15] Epoch  15/100 | LR: 6.78e-05 | train loss 0.2235 acc 0.901 | val loss 0.4285 acc 0.890
[densenet121 trial15] Epoch  16/100 | LR: 6.78e-05 | train loss 0.2129 acc 0.906 | val loss 0.4516 acc 0.834
[densenet121 trial15] Epoch  17/100 | LR: 6.78e-05 | train loss 0.1990 acc 0.920 | val loss 0.4015 acc 0.856
[densenet121 trial15] Epoch  18/100 | LR: 6.78e-05 | train loss 0.2039 acc 0.919 | val loss 0.4047 acc 0.854
[densenet121 trial15] Epoch  19/100 | LR: 6.78e-05 | train loss 0.1530 acc 0.936 | val loss 0.4041 acc 0.868
[densenet121 trial15] Epoch  20/100 | LR: 6.78e-05 | train loss 0.1707 acc 0.937 | val loss 0.3753 acc 0.878
[densenet121 trial15] Epoch  21/100 | LR: 6.78e-05 | train loss 0.1756 acc 0.931 | val loss 0.4122 acc 0.890

[densenet121 trial15] No val loss improvement for 10 epochs — stopping early at epoch 21.

[densenet121 trial15] Restored best checkpoint (val loss = 0.3563)
[13:37:48] [densenet121] trial 15 finished: best val_acc=0.8756 (at val_loss=0.3563)
[I 2026-09-22 13:37:48,175] Trial 15 finished with value: 0.875609756097561 and parameters: {'hidden_layers': 2, 'neurons': 2048, 'lr': 6.782906706598967e-05, 'beta1': 0.5121538405593421, 'step_size': 27, 'batch_size': 8}. Best is trial 5 with value: 0.8829268292682927.
[13:37:48] [densenet121] trial 16: H=2 N=512 lr=2.43e-05 beta1=0.700 step_size=25 batch_size=48 (micro_batch=16, accum_steps=3)
[densenet121 trial16] Using gradient accumulation: 3 micro-batches per optimizer step (effective batch size ≈ micro_batch x 3).
[densenet121 trial16] Epoch   1/100 | LR: 2.43e-05 | train loss 1.3561 acc 0.353 | val loss 1.3102 acc 0.639 *
[densenet121 trial16] Epoch   2/100 | LR: 2.43e-05 | train loss 1.1659 acc 0.619 | val loss 1.0696 acc 0.666 *
[densenet121 trial16] Epoch   3/100 | LR: 2.43e-05 | train loss 0.8834 acc 0.653 | val loss 0.7964 acc 0.746 *
[densenet121 trial16] Epoch   4/100 | LR: 2.43e-05 | train loss 0.6932 acc 0.728 | val loss 0.6388 acc 0.759 *
[densenet121 trial16] Epoch   5/100 | LR: 2.43e-05 | train loss 0.5622 acc 0.772 | val loss 0.5374 acc 0.793 *
[densenet121 trial16] Epoch   6/100 | LR: 2.43e-05 | train loss 0.4913 acc 0.793 | val loss 0.4949 acc 0.820 *
[densenet121 trial16] Epoch   7/100 | LR: 2.43e-05 | train loss 0.4274 acc 0.816 | val loss 0.4473 acc 0.829 *
[densenet121 trial16] Epoch   8/100 | LR: 2.43e-05 | train loss 0.3792 acc 0.837 | val loss 0.4037 acc 0.827 *
[densenet121 trial16] Epoch   9/100 | LR: 2.43e-05 | train loss 0.3470 acc 0.848 | val loss 0.3938 acc 0.854 *
[densenet121 trial16] Epoch  10/100 | LR: 2.43e-05 | train loss 0.3437 acc 0.847 | val loss 0.3832 acc 0.844 *
[densenet121 trial16] Epoch  11/100 | LR: 2.43e-05 | train loss 0.2973 acc 0.869 | val loss 0.3513 acc 0.859 *
[densenet121 trial16] Epoch  12/100 | LR: 2.43e-05 | train loss 0.2706 acc 0.868 | val loss 0.3661 acc 0.873
[densenet121 trial16] Epoch  13/100 | LR: 2.43e-05 | train loss 0.2076 acc 0.905 | val loss 0.3854 acc 0.851
[densenet121 trial16] Epoch  14/100 | LR: 2.43e-05 | train loss 0.2205 acc 0.894 | val loss 0.3682 acc 0.854
[densenet121 trial16] Epoch  15/100 | LR: 2.43e-05 | train loss 0.1930 acc 0.911 | val loss 0.3817 acc 0.849
[densenet121 trial16] Epoch  16/100 | LR: 2.43e-05 | train loss 0.1732 acc 0.918 | val loss 0.3736 acc 0.861
[densenet121 trial16] Epoch  17/100 | LR: 2.43e-05 | train loss 0.1526 acc 0.920 | val loss 0.3849 acc 0.859
[densenet121 trial16] Epoch  18/100 | LR: 2.43e-05 | train loss 0.1643 acc 0.930 | val loss 0.3522 acc 0.873
[densenet121 trial16] Epoch  19/100 | LR: 2.43e-05 | train loss 0.1574 acc 0.922 | val loss 0.4121 acc 0.863
[densenet121 trial16] Epoch  20/100 | LR: 2.43e-05 | train loss 0.1284 acc 0.944 | val loss 0.4098 acc 0.863
[densenet121 trial16] Epoch  21/100 | LR: 2.43e-05 | train loss 0.1311 acc 0.944 | val loss 0.3873 acc 0.866

[densenet121 trial16] No val loss improvement for 10 epochs — stopping early at epoch 21.

[densenet121 trial16] Restored best checkpoint (val loss = 0.3513)
[13:40:55] [densenet121] trial 16 finished: best val_acc=0.8585 (at val_loss=0.3513)
[I 2026-09-22 13:40:55,458] Trial 16 finished with value: 0.8585365853658536 and parameters: {'hidden_layers': 2, 'neurons': 512, 'lr': 2.4250837453620004e-05, 'beta1': 0.7003242387170571, 'step_size': 25, 'batch_size': 48}. Best is trial 5 with value: 0.8829268292682927.
[13:40:55] [densenet121] trial 17: H=2 N=512 lr=3.61e-04 beta1=0.502 step_size=21 batch_size=48 (micro_batch=16, accum_steps=3)
[densenet121 trial17] Using gradient accumulation: 3 micro-batches per optimizer step (effective batch size ≈ micro_batch x 3).
[densenet121 trial17] Epoch   1/100 | LR: 3.61e-04 | train loss 0.9137 acc 0.617 | val loss 0.6700 acc 0.751 *
[densenet121 trial17] Epoch   2/100 | LR: 3.61e-04 | train loss 0.7132 acc 0.710 | val loss 0.6282 acc 0.737 *
[densenet121 trial17] Epoch   3/100 | LR: 3.61e-04 | train loss 0.6370 acc 0.754 | val loss 0.8219 acc 0.612
[densenet121 trial17] Epoch   4/100 | LR: 3.61e-04 | train loss 0.5190 acc 0.788 | val loss 0.6806 acc 0.746
[densenet121 trial17] Epoch   5/100 | LR: 3.61e-04 | train loss 0.5226 acc 0.796 | val loss 0.4497 acc 0.827 *
[densenet121 trial17] Epoch   6/100 | LR: 3.61e-04 | train loss 0.4254 acc 0.826 | val loss 0.5783 acc 0.785
[densenet121 trial17] Epoch   7/100 | LR: 3.61e-04 | train loss 0.4594 acc 0.816 | val loss 0.3434 acc 0.883 *
[densenet121 trial17] Epoch   8/100 | LR: 3.61e-04 | train loss 0.3615 acc 0.852 | val loss 0.6184 acc 0.724
[densenet121 trial17] Epoch   9/100 | LR: 3.61e-04 | train loss 0.3959 acc 0.837 | val loss 0.3276 acc 0.878 *
[densenet121 trial17] Epoch  10/100 | LR: 3.61e-04 | train loss 0.3438 acc 0.858 | val loss 0.4440 acc 0.824
[densenet121 trial17] Epoch  11/100 | LR: 3.61e-04 | train loss 0.3139 acc 0.872 | val loss 0.3619 acc 0.876
[densenet121 trial17] Epoch  12/100 | LR: 3.61e-04 | train loss 0.2929 acc 0.878 | val loss 0.5050 acc 0.817
[densenet121 trial17] Epoch  13/100 | LR: 3.61e-04 | train loss 0.3164 acc 0.879 | val loss 0.4065 acc 0.861
[densenet121 trial17] Epoch  14/100 | LR: 3.61e-04 | train loss 0.2808 acc 0.883 | val loss 0.3684 acc 0.859
[densenet121 trial17] Epoch  15/100 | LR: 3.61e-04 | train loss 0.2396 acc 0.893 | val loss 0.7410 acc 0.744
[densenet121 trial17] Epoch  16/100 | LR: 3.61e-04 | train loss 0.2963 acc 0.868 | val loss 0.4103 acc 0.856
[densenet121 trial17] Epoch  17/100 | LR: 3.61e-04 | train loss 0.2313 acc 0.901 | val loss 0.5755 acc 0.805
[densenet121 trial17] Epoch  18/100 | LR: 3.61e-04 | train loss 0.2635 acc 0.881 | val loss 0.3343 acc 0.873
[densenet121 trial17] Epoch  19/100 | LR: 3.61e-04 | train loss 0.2130 acc 0.918 | val loss 0.4106 acc 0.873

[densenet121 trial17] No val loss improvement for 10 epochs — stopping early at epoch 19.

[densenet121 trial17] Restored best checkpoint (val loss = 0.3276)
[13:43:45] [densenet121] trial 17 finished: best val_acc=0.8780 (at val_loss=0.3276)
[I 2026-09-22 13:43:45,167] Trial 17 finished with value: 0.8780487804878049 and parameters: {'hidden_layers': 2, 'neurons': 512, 'lr': 0.00036084144973622735, 'beta1': 0.5016587395053564, 'step_size': 21, 'batch_size': 48}. Best is trial 5 with value: 0.8829268292682927.
[13:43:45] [densenet121] trial 18: H=2 N=512 lr=3.50e-04 beta1=0.505 step_size=5 batch_size=128 (micro_batch=16, accum_steps=8)
[densenet121 trial18] Using gradient accumulation: 8 micro-batches per optimizer step (effective batch size ≈ micro_batch x 8).
[densenet121 trial18] Epoch   1/100 | LR: 3.50e-04 | train loss 1.0236 acc 0.571 | val loss 0.7141 acc 0.717 *
[densenet121 trial18] Epoch   2/100 | LR: 3.50e-04 | train loss 0.6939 acc 0.716 | val loss 0.5501 acc 0.759 *
[densenet121 trial18] Epoch   3/100 | LR: 3.50e-04 | train loss 0.5118 acc 0.793 | val loss 0.4196 acc 0.834 *
[densenet121 trial18] Epoch   4/100 | LR: 3.50e-04 | train loss 0.4791 acc 0.804 | val loss 0.3685 acc 0.854 *
[densenet121 trial18] Epoch   5/100 | LR: 3.50e-05 | train loss 0.4187 acc 0.830 | val loss 0.4231 acc 0.844
[densenet121 trial18] Epoch   6/100 | LR: 3.50e-05 | train loss 0.3207 acc 0.882 | val loss 0.3259 acc 0.863 *
[densenet121 trial18] Epoch   7/100 | LR: 3.50e-05 | train loss 0.2461 acc 0.897 | val loss 0.3415 acc 0.868
[densenet121 trial18] Epoch   8/100 | LR: 3.50e-05 | train loss 0.2330 acc 0.900 | val loss 0.3235 acc 0.871 *
[densenet121 trial18] Epoch   9/100 | LR: 3.50e-05 | train loss 0.2058 acc 0.904 | val loss 0.3184 acc 0.871 *
[densenet121 trial18] Epoch  10/100 | LR: 3.50e-06 | train loss 0.1810 acc 0.926 | val loss 0.3315 acc 0.873
[densenet121 trial18] Epoch  11/100 | LR: 3.50e-06 | train loss 0.1740 acc 0.924 | val loss 0.3173 acc 0.878 *
[densenet121 trial18] Epoch  12/100 | LR: 3.50e-06 | train loss 0.1710 acc 0.928 | val loss 0.3152 acc 0.878 *
[densenet121 trial18] Epoch  13/100 | LR: 3.50e-06 | train loss 0.1750 acc 0.922 | val loss 0.3294 acc 0.876
[densenet121 trial18] Epoch  14/100 | LR: 3.50e-06 | train loss 0.1733 acc 0.925 | val loss 0.3224 acc 0.871
[densenet121 trial18] Epoch  15/100 | LR: 3.50e-07 | train loss 0.1726 acc 0.918 | val loss 0.3276 acc 0.868
[densenet121 trial18] Epoch  16/100 | LR: 3.50e-07 | train loss 0.1515 acc 0.934 | val loss 0.3112 acc 0.873 *
[densenet121 trial18] Epoch  17/100 | LR: 3.50e-07 | train loss 0.1569 acc 0.933 | val loss 0.3117 acc 0.873
[densenet121 trial18] Epoch  18/100 | LR: 3.50e-07 | train loss 0.1678 acc 0.931 | val loss 0.3059 acc 0.883 *
[densenet121 trial18] Epoch  19/100 | LR: 3.50e-07 | train loss 0.1724 acc 0.922 | val loss 0.3150 acc 0.876
[densenet121 trial18] Epoch  20/100 | LR: 3.50e-08 | train loss 0.1430 acc 0.941 | val loss 0.3220 acc 0.873
[densenet121 trial18] Epoch  21/100 | LR: 3.50e-08 | train loss 0.1655 acc 0.928 | val loss 0.3098 acc 0.873
[densenet121 trial18] Epoch  22/100 | LR: 3.50e-08 | train loss 0.1663 acc 0.930 | val loss 0.3242 acc 0.873
[densenet121 trial18] Epoch  23/100 | LR: 3.50e-08 | train loss 0.1799 acc 0.921 | val loss 0.3144 acc 0.880
[densenet121 trial18] Epoch  24/100 | LR: 3.50e-08 | train loss 0.1757 acc 0.928 | val loss 0.3201 acc 0.873
[densenet121 trial18] Epoch  25/100 | LR: 3.50e-09 | train loss 0.1755 acc 0.926 | val loss 0.3132 acc 0.883
[densenet121 trial18] Epoch  26/100 | LR: 3.50e-09 | train loss 0.1416 acc 0.939 | val loss 0.3146 acc 0.876
[densenet121 trial18] Epoch  27/100 | LR: 3.50e-09 | train loss 0.1741 acc 0.936 | val loss 0.3213 acc 0.876
[densenet121 trial18] Epoch  28/100 | LR: 3.50e-09 | train loss 0.1676 acc 0.931 | val loss 0.3320 acc 0.880

[densenet121 trial18] No val loss improvement for 10 epochs — stopping early at epoch 28.

[densenet121 trial18] Restored best checkpoint (val loss = 0.3059)
[13:47:53] [densenet121] trial 18 finished: best val_acc=0.8829 (at val_loss=0.3059)
[I 2026-09-22 13:47:53,083] Trial 18 finished with value: 0.8829268292682927 and parameters: {'hidden_layers': 2, 'neurons': 512, 'lr': 0.0003500339448154956, 'beta1': 0.5051526042568641, 'step_size': 5, 'batch_size': 128}. Best is trial 5 with value: 0.8829268292682927.
[13:47:53] [densenet121] trial 19: H=1 N=512 lr=3.44e-04 beta1=0.597 step_size=11 batch_size=48 (micro_batch=16, accum_steps=3)
[densenet121 trial19] Using gradient accumulation: 3 micro-batches per optimizer step (effective batch size ≈ micro_batch x 3).
[densenet121 trial19] Epoch   1/100 | LR: 3.44e-04 | train loss 0.9378 acc 0.622 | val loss 0.6832 acc 0.737 *
[densenet121 trial19] Epoch   2/100 | LR: 3.44e-04 | train loss 0.6530 acc 0.725 | val loss 0.4880 acc 0.795 *
[densenet121 trial19] Epoch   3/100 | LR: 3.44e-04 | train loss 0.5472 acc 0.771 | val loss 0.4384 acc 0.820 *
[densenet121 trial19] Epoch   4/100 | LR: 3.44e-04 | train loss 0.5501 acc 0.773 | val loss 0.3986 acc 0.841 *
[densenet121 trial19] Epoch   5/100 | LR: 3.44e-04 | train loss 0.4387 acc 0.814 | val loss 0.5053 acc 0.807
[densenet121 trial19] Epoch   6/100 | LR: 3.44e-04 | train loss 0.4517 acc 0.820 | val loss 0.3634 acc 0.859 *
[densenet121 trial19] Epoch   7/100 | LR: 3.44e-04 | train loss 0.3353 acc 0.865 | val loss 0.3076 acc 0.880 *
[densenet121 trial19] Epoch   8/100 | LR: 3.44e-04 | train loss 0.3954 acc 0.843 | val loss 0.2956 acc 0.893 *
[densenet121 trial19] Epoch   9/100 | LR: 3.44e-04 | train loss 0.2928 acc 0.883 | val loss 0.4239 acc 0.844
[densenet121 trial19] Epoch  10/100 | LR: 3.44e-04 | train loss 0.2770 acc 0.886 | val loss 0.3472 acc 0.866
[densenet121 trial19] Epoch  11/100 | LR: 3.44e-05 | train loss 0.2571 acc 0.880 | val loss 0.4458 acc 0.854
[densenet121 trial19] Epoch  12/100 | LR: 3.44e-05 | train loss 0.2454 acc 0.894 | val loss 0.3300 acc 0.880
[densenet121 trial19] Epoch  13/100 | LR: 3.44e-05 | train loss 0.1631 acc 0.931 | val loss 0.2969 acc 0.890
[densenet121 trial19] Epoch  14/100 | LR: 3.44e-05 | train loss 0.1477 acc 0.940 | val loss 0.2764 acc 0.900 *
[densenet121 trial19] Epoch  15/100 | LR: 3.44e-05 | train loss 0.1308 acc 0.949 | val loss 0.2878 acc 0.893
[densenet121 trial19] Epoch  16/100 | LR: 3.44e-05 | train loss 0.1090 acc 0.944 | val loss 0.2835 acc 0.898
[densenet121 trial19] Epoch  17/100 | LR: 3.44e-05 | train loss 0.1103 acc 0.954 | val loss 0.2715 acc 0.902 *
[densenet121 trial19] Epoch  18/100 | LR: 3.44e-05 | train loss 0.1089 acc 0.950 | val loss 0.2728 acc 0.905
[densenet121 trial19] Epoch  19/100 | LR: 3.44e-05 | train loss 0.1016 acc 0.953 | val loss 0.2874 acc 0.895
[densenet121 trial19] Epoch  20/100 | LR: 3.44e-05 | train loss 0.0861 acc 0.959 | val loss 0.2866 acc 0.895
[densenet121 trial19] Epoch  21/100 | LR: 3.44e-05 | train loss 0.1105 acc 0.952 | val loss 0.2899 acc 0.898
[densenet121 trial19] Epoch  22/100 | LR: 3.44e-06 | train loss 0.0806 acc 0.968 | val loss 0.2983 acc 0.902
[densenet121 trial19] Epoch  23/100 | LR: 3.44e-06 | train loss 0.0590 acc 0.975 | val loss 0.2975 acc 0.893
[densenet121 trial19] Epoch  24/100 | LR: 3.44e-06 | train loss 0.0697 acc 0.970 | val loss 0.2897 acc 0.900
[densenet121 trial19] Epoch  25/100 | LR: 3.44e-06 | train loss 0.0687 acc 0.968 | val loss 0.3068 acc 0.895
[densenet121 trial19] Epoch  26/100 | LR: 3.44e-06 | train loss 0.0694 acc 0.970 | val loss 0.2956 acc 0.898
[densenet121 trial19] Epoch  27/100 | LR: 3.44e-06 | train loss 0.0697 acc 0.970 | val loss 0.2893 acc 0.898

[densenet121 trial19] No val loss improvement for 10 epochs — stopping early at epoch 27.

[densenet121 trial19] Restored best checkpoint (val loss = 0.2715)
[13:51:53] [densenet121] trial 19 finished: best val_acc=0.9024 (at val_loss=0.2715)
[I 2026-09-22 13:51:53,272] Trial 19 finished with value: 0.9024390243902439 and parameters: {'hidden_layers': 1, 'neurons': 512, 'lr': 0.00034372072443118924, 'beta1': 0.5973588051756492, 'step_size': 11, 'batch_size': 48}. Best is trial 19 with value: 0.9024390243902439.
[13:51:53] === densenet121 done: 16 completed, 4 pruned. Best trial #19: val_acc=0.9024 params={'hidden_layers': 1, 'neurons': 512, 'lr': 0.00034372072443118924, 'beta1': 0.5973588051756492, 'step_size': 11, 'batch_size': 48} ===
[13:51:53] Saved tuned hyperparameters for densenet121 to tuned_hyperparams.json
[13:51:53] [densenet121] finished in 101.5 min
[I 2026-09-22 13:51:53,302] A new study created in RDB with name: resnet50_tune
[13:51:53] === resnet50: 0/20 trials already recorded, 20 remaining, img_size=(224, 224) ===
[13:51:53] [resnet50] trial 0: H=1 N=512 lr=2.92e-03 beta1=0.800 step_size=30 batch_size=16 (micro_batch=16, accum_steps=1)
[resnet50 trial0] Epoch   1/100 | LR: 2.92e-03 | train loss 1.3169 acc 0.375 | val loss 1.1068 acc 0.424 *
[resnet50 trial0] Epoch   2/100 | LR: 2.92e-03 | train loss 1.2225 acc 0.408 | val loss 1.1278 acc 0.451
[resnet50 trial0] Epoch   3/100 | LR: 2.92e-03 | train loss 1.3580 acc 0.376 | val loss 1.2625 acc 0.488
[resnet50 trial0] Epoch   4/100 | LR: 2.92e-03 | train loss 1.2999 acc 0.432 | val loss 1.1647 acc 0.398
[resnet50 trial0] Epoch   5/100 | LR: 2.92e-03 | train loss 1.1958 acc 0.422 | val loss 1.0474 acc 0.461 *
[resnet50 trial0] Epoch   6/100 | LR: 2.92e-03 | train loss 1.1370 acc 0.442 | val loss 1.2453 acc 0.334
[resnet50 trial0] Epoch   7/100 | LR: 2.92e-03 | train loss 1.2486 acc 0.355 | val loss 1.5329 acc 0.229
[resnet50 trial0] Epoch   8/100 | LR: 2.92e-03 | train loss 1.1673 acc 0.398 | val loss 1.1696 acc 0.407
[resnet50 trial0] Epoch   9/100 | LR: 2.92e-03 | train loss 1.1429 acc 0.408 | val loss 1.0385 acc 0.437 *
[resnet50 trial0] Epoch  10/100 | LR: 2.92e-03 | train loss 1.1141 acc 0.421 | val loss 1.1335 acc 0.351
[resnet50 trial0] Epoch  11/100 | LR: 2.92e-03 | train loss 1.1069 acc 0.440 | val loss 0.9657 acc 0.505 *
[resnet50 trial0] Epoch  12/100 | LR: 2.92e-03 | train loss 1.0933 acc 0.439 | val loss 1.4894 acc 0.188
[resnet50 trial0] Epoch  13/100 | LR: 2.92e-03 | train loss 1.1863 acc 0.437 | val loss 1.0029 acc 0.512
[resnet50 trial0] Epoch  14/100 | LR: 2.92e-03 | train loss 1.1315 acc 0.428 | val loss 1.5115 acc 0.312
[resnet50 trial0] Epoch  15/100 | LR: 2.92e-03 | train loss 1.1380 acc 0.444 | val loss 1.1624 acc 0.437
[resnet50 trial0] Epoch  16/100 | LR: 2.92e-03 | train loss 1.0858 acc 0.433 | val loss 1.4926 acc 0.144
[resnet50 trial0] Epoch  17/100 | LR: 2.92e-03 | train loss 1.0758 acc 0.436 | val loss 1.2958 acc 0.298
[resnet50 trial0] Epoch  18/100 | LR: 2.92e-03 | train loss 1.1348 acc 0.431 | val loss 1.1556 acc 0.363
[resnet50 trial0] Epoch  19/100 | LR: 2.92e-03 | train loss 1.0890 acc 0.439 | val loss 1.0328 acc 0.454
[resnet50 trial0] Epoch  20/100 | LR: 2.92e-03 | train loss 1.0816 acc 0.465 | val loss 1.7777 acc 0.166
[resnet50 trial0] Epoch  21/100 | LR: 2.92e-03 | train loss 1.0843 acc 0.476 | val loss 0.9460 acc 0.561 *
[resnet50 trial0] Epoch  22/100 | LR: 2.92e-03 | train loss 1.0861 acc 0.485 | val loss 0.9563 acc 0.541
[resnet50 trial0] Epoch  23/100 | LR: 2.92e-03 | train loss 1.1023 acc 0.469 | val loss 0.9754 acc 0.522
[resnet50 trial0] Epoch  24/100 | LR: 2.92e-03 | train loss 1.1074 acc 0.447 | val loss 1.6600 acc 0.202
[resnet50 trial0] Epoch  25/100 | LR: 2.92e-03 | train loss 1.1424 acc 0.424 | val loss 1.0405 acc 0.446
[resnet50 trial0] Epoch  26/100 | LR: 2.92e-03 | train loss 1.1010 acc 0.428 | val loss 1.3350 acc 0.332
[resnet50 trial0] Epoch  27/100 | LR: 2.92e-03 | train loss 1.0521 acc 0.459 | val loss 1.0329 acc 0.459
[resnet50 trial0] Epoch  28/100 | LR: 2.92e-03 | train loss 1.0549 acc 0.456 | val loss 1.4099 acc 0.256
[resnet50 trial0] Epoch  29/100 | LR: 2.92e-03 | train loss 1.0770 acc 0.457 | val loss 0.8856 acc 0.554 *
[resnet50 trial0] Epoch  30/100 | LR: 2.92e-04 | train loss 1.0935 acc 0.451 | val loss 1.3347 acc 0.276
[resnet50 trial0] Epoch  31/100 | LR: 2.92e-04 | train loss 1.0035 acc 0.552 | val loss 0.8727 acc 0.588 *
[resnet50 trial0] Epoch  32/100 | LR: 2.92e-04 | train loss 0.9685 acc 0.534 | val loss 0.8407 acc 0.602 *
[resnet50 trial0] Epoch  33/100 | LR: 2.92e-04 | train loss 0.9489 acc 0.569 | val loss 0.8131 acc 0.615 *
[resnet50 trial0] Epoch  34/100 | LR: 2.92e-04 | train loss 0.9516 acc 0.567 | val loss 0.8295 acc 0.615
[resnet50 trial0] Epoch  35/100 | LR: 2.92e-04 | train loss 0.9236 acc 0.559 | val loss 0.8149 acc 0.627
[resnet50 trial0] Epoch  36/100 | LR: 2.92e-04 | train loss 0.9031 acc 0.572 | val loss 0.8427 acc 0.624
[resnet50 trial0] Epoch  37/100 | LR: 2.92e-04 | train loss 0.9180 acc 0.566 | val loss 0.7661 acc 0.634 *
[resnet50 trial0] Epoch  38/100 | LR: 2.92e-04 | train loss 0.8951 acc 0.580 | val loss 0.7535 acc 0.676 *
[resnet50 trial0] Epoch  39/100 | LR: 2.92e-04 | train loss 0.8632 acc 0.587 | val loss 0.7240 acc 0.663 *
[resnet50 trial0] Epoch  40/100 | LR: 2.92e-04 | train loss 0.8578 acc 0.600 | val loss 0.7082 acc 0.659 *
[resnet50 trial0] Epoch  41/100 | LR: 2.92e-04 | train loss 0.8419 acc 0.603 | val loss 1.0463 acc 0.502
[resnet50 trial0] Epoch  42/100 | LR: 2.92e-04 | train loss 0.8405 acc 0.616 | val loss 0.7380 acc 0.702
[resnet50 trial0] Epoch  43/100 | LR: 2.92e-04 | train loss 0.8184 acc 0.617 | val loss 0.6473 acc 0.741 *
[resnet50 trial0] Epoch  44/100 | LR: 2.92e-04 | train loss 0.7747 acc 0.628 | val loss 0.6127 acc 0.720 *
[resnet50 trial0] Epoch  45/100 | LR: 2.92e-04 | train loss 0.7825 acc 0.642 | val loss 0.6665 acc 0.693
[resnet50 trial0] Epoch  46/100 | LR: 2.92e-04 | train loss 0.7331 acc 0.672 | val loss 0.6492 acc 0.727
[resnet50 trial0] Epoch  47/100 | LR: 2.92e-04 | train loss 0.7179 acc 0.660 | val loss 0.6173 acc 0.754
[resnet50 trial0] Epoch  48/100 | LR: 2.92e-04 | train loss 0.7127 acc 0.668 | val loss 0.6704 acc 0.727
[resnet50 trial0] Epoch  49/100 | LR: 2.92e-04 | train loss 0.6809 acc 0.697 | val loss 0.5801 acc 0.780 *
[resnet50 trial0] Epoch  50/100 | LR: 2.92e-04 | train loss 0.6921 acc 0.686 | val loss 0.5600 acc 0.761 *
[resnet50 trial0] Epoch  51/100 | LR: 2.92e-04 | train loss 0.6397 acc 0.703 | val loss 0.5777 acc 0.768
[resnet50 trial0] Epoch  52/100 | LR: 2.92e-04 | train loss 0.6484 acc 0.706 | val loss 0.5832 acc 0.773
[resnet50 trial0] Epoch  53/100 | LR: 2.92e-04 | train loss 0.6199 acc 0.723 | val loss 0.5392 acc 0.790 *
[resnet50 trial0] Epoch  54/100 | LR: 2.92e-04 | train loss 0.6334 acc 0.717 | val loss 0.6972 acc 0.683
[resnet50 trial0] Epoch  55/100 | LR: 2.92e-04 | train loss 0.6430 acc 0.730 | val loss 0.5429 acc 0.778
[resnet50 trial0] Epoch  56/100 | LR: 2.92e-04 | train loss 0.5899 acc 0.742 | val loss 0.5151 acc 0.788 *
[resnet50 trial0] Epoch  57/100 | LR: 2.92e-04 | train loss 0.5753 acc 0.733 | val loss 0.4950 acc 0.817 *
[resnet50 trial0] Epoch  58/100 | LR: 2.92e-04 | train loss 0.5704 acc 0.730 | val loss 0.5656 acc 0.771
[resnet50 trial0] Epoch  59/100 | LR: 2.92e-04 | train loss 0.5716 acc 0.749 | val loss 0.5412 acc 0.785
[resnet50 trial0] Epoch  60/100 | LR: 2.92e-05 | train loss 0.6119 acc 0.739 | val loss 0.5164 acc 0.778
[resnet50 trial0] Epoch  61/100 | LR: 2.92e-05 | train loss 0.5473 acc 0.756 | val loss 0.5111 acc 0.812
[resnet50 trial0] Epoch  62/100 | LR: 2.92e-05 | train loss 0.5285 acc 0.785 | val loss 0.5018 acc 0.820
[resnet50 trial0] Epoch  63/100 | LR: 2.92e-05 | train loss 0.5036 acc 0.768 | val loss 0.5006 acc 0.810
[resnet50 trial0] Epoch  64/100 | LR: 2.92e-05 | train loss 0.4943 acc 0.788 | val loss 0.4883 acc 0.815 *
[resnet50 trial0] Epoch  65/100 | LR: 2.92e-05 | train loss 0.4921 acc 0.783 | val loss 0.5040 acc 0.817
[resnet50 trial0] Epoch  66/100 | LR: 2.92e-05 | train loss 0.4910 acc 0.774 | val loss 0.4919 acc 0.810
[resnet50 trial0] Epoch  67/100 | LR: 2.92e-05 | train loss 0.4798 acc 0.796 | val loss 0.4959 acc 0.817
[resnet50 trial0] Epoch  68/100 | LR: 2.92e-05 | train loss 0.4895 acc 0.770 | val loss 0.4877 acc 0.812 *
[resnet50 trial0] Epoch  69/100 | LR: 2.92e-05 | train loss 0.4952 acc 0.785 | val loss 0.4923 acc 0.820
[resnet50 trial0] Epoch  70/100 | LR: 2.92e-05 | train loss 0.4788 acc 0.790 | val loss 0.4934 acc 0.822
[resnet50 trial0] Epoch  71/100 | LR: 2.92e-05 | train loss 0.5022 acc 0.778 | val loss 0.4995 acc 0.820
[resnet50 trial0] Epoch  72/100 | LR: 2.92e-05 | train loss 0.4849 acc 0.791 | val loss 0.4905 acc 0.824
[resnet50 trial0] Epoch  73/100 | LR: 2.92e-05 | train loss 0.4983 acc 0.791 | val loss 0.4885 acc 0.812
[resnet50 trial0] Epoch  74/100 | LR: 2.92e-05 | train loss 0.4571 acc 0.806 | val loss 0.4807 acc 0.832 *
[resnet50 trial0] Epoch  75/100 | LR: 2.92e-05 | train loss 0.4827 acc 0.790 | val loss 0.4738 acc 0.829 *
[resnet50 trial0] Epoch  76/100 | LR: 2.92e-05 | train loss 0.4848 acc 0.792 | val loss 0.4738 acc 0.834 *
[resnet50 trial0] Epoch  77/100 | LR: 2.92e-05 | train loss 0.4669 acc 0.787 | val loss 0.4938 acc 0.822
[resnet50 trial0] Epoch  78/100 | LR: 2.92e-05 | train loss 0.4748 acc 0.787 | val loss 0.4779 acc 0.827
[resnet50 trial0] Epoch  79/100 | LR: 2.92e-05 | train loss 0.4600 acc 0.791 | val loss 0.4803 acc 0.812
[resnet50 trial0] Epoch  80/100 | LR: 2.92e-05 | train loss 0.4323 acc 0.813 | val loss 0.4669 acc 0.822 *
[resnet50 trial0] Epoch  81/100 | LR: 2.92e-05 | train loss 0.4755 acc 0.800 | val loss 0.4821 acc 0.805
[resnet50 trial0] Epoch  82/100 | LR: 2.92e-05 | train loss 0.4496 acc 0.795 | val loss 0.4764 acc 0.815
[resnet50 trial0] Epoch  83/100 | LR: 2.92e-05 | train loss 0.4586 acc 0.811 | val loss 0.4789 acc 0.822
[resnet50 trial0] Epoch  84/100 | LR: 2.92e-05 | train loss 0.4278 acc 0.808 | val loss 0.4708 acc 0.824
[resnet50 trial0] Epoch  85/100 | LR: 2.92e-05 | train loss 0.4797 acc 0.797 | val loss 0.4882 acc 0.829
[resnet50 trial0] Epoch  86/100 | LR: 2.92e-05 | train loss 0.4551 acc 0.801 | val loss 0.4962 acc 0.815
[resnet50 trial0] Epoch  87/100 | LR: 2.92e-05 | train loss 0.4375 acc 0.803 | val loss 0.4599 acc 0.824 *
[resnet50 trial0] Epoch  88/100 | LR: 2.92e-05 | train loss 0.4426 acc 0.794 | val loss 0.4822 acc 0.817
[resnet50 trial0] Epoch  89/100 | LR: 2.92e-05 | train loss 0.4445 acc 0.804 | val loss 0.4881 acc 0.812
[resnet50 trial0] Epoch  90/100 | LR: 2.92e-06 | train loss 0.4394 acc 0.815 | val loss 0.4781 acc 0.829
[resnet50 trial0] Epoch  91/100 | LR: 2.92e-06 | train loss 0.4532 acc 0.796 | val loss 0.4735 acc 0.824
[resnet50 trial0] Epoch  92/100 | LR: 2.92e-06 | train loss 0.4392 acc 0.801 | val loss 0.4641 acc 0.827
[resnet50 trial0] Epoch  93/100 | LR: 2.92e-06 | train loss 0.4608 acc 0.800 | val loss 0.4710 acc 0.820
[resnet50 trial0] Epoch  94/100 | LR: 2.92e-06 | train loss 0.4486 acc 0.796 | val loss 0.4755 acc 0.827
[resnet50 trial0] Epoch  95/100 | LR: 2.92e-06 | train loss 0.4287 acc 0.803 | val loss 0.4749 acc 0.832
[resnet50 trial0] Epoch  96/100 | LR: 2.92e-06 | train loss 0.4429 acc 0.801 | val loss 0.4722 acc 0.817
[resnet50 trial0] Epoch  97/100 | LR: 2.92e-06 | train loss 0.4325 acc 0.798 | val loss 0.4726 acc 0.817

[resnet50 trial0] No val loss improvement for 10 epochs — stopping early at epoch 97.

[resnet50 trial0] Restored best checkpoint (val loss = 0.4599)
[14:02:54] [resnet50] trial 0 finished: best val_acc=0.8244 (at val_loss=0.4599)
[I 2026-09-22 14:02:54,855] Trial 0 finished with value: 0.824390243902439 and parameters: {'hidden_layers': 1, 'neurons': 512, 'lr': 0.0029154431891537554, 'beta1': 0.7999563908598613, 'step_size': 30, 'batch_size': 16}. Best is trial 0 with value: 0.824390243902439.
[14:02:54] [resnet50] trial 1: H=2 N=2048 lr=1.38e-03 beta1=0.600 step_size=23 batch_size=96 (micro_batch=16, accum_steps=6)
[resnet50 trial1] Using gradient accumulation: 6 micro-batches per optimizer step (effective batch size ≈ micro_batch x 6).
[resnet50 trial1] Epoch   1/100 | LR: 1.38e-03 | train loss 1.2778 acc 0.378 | val loss 1.1387 acc 0.332 *
[resnet50 trial1] Epoch   2/100 | LR: 1.38e-03 | train loss 1.0759 acc 0.514 | val loss 2.1154 acc 0.468
[resnet50 trial1] Epoch   3/100 | LR: 1.38e-03 | train loss 1.0075 acc 0.512 | val loss 0.8562 acc 0.602 *
[resnet50 trial1] Epoch   4/100 | LR: 1.38e-03 | train loss 0.9918 acc 0.538 | val loss 1.0051 acc 0.529
[resnet50 trial1] Epoch   5/100 | LR: 1.38e-03 | train loss 0.9289 acc 0.582 | val loss 0.8961 acc 0.641
[resnet50 trial1] Epoch   6/100 | LR: 1.38e-03 | train loss 0.9026 acc 0.629 | val loss 0.7601 acc 0.705 *
[resnet50 trial1] Epoch   7/100 | LR: 1.38e-03 | train loss 0.7719 acc 0.680 | val loss 0.6051 acc 0.766 *
[resnet50 trial1] Epoch   8/100 | LR: 1.38e-03 | train loss 0.7710 acc 0.684 | val loss 0.8000 acc 0.688
[resnet50 trial1] Epoch   9/100 | LR: 1.38e-03 | train loss 0.6733 acc 0.711 | val loss 0.7128 acc 0.744
[resnet50 trial1] Epoch  10/100 | LR: 1.38e-03 | train loss 0.6447 acc 0.740 | val loss 1.1180 acc 0.717
[resnet50 trial1] Epoch  11/100 | LR: 1.38e-03 | train loss 0.6364 acc 0.733 | val loss 0.8956 acc 0.695
[resnet50 trial1] Epoch  12/100 | LR: 1.38e-03 | train loss 0.6696 acc 0.738 | val loss 0.8092 acc 0.666
[resnet50 trial1] Epoch  13/100 | LR: 1.38e-03 | train loss 0.6225 acc 0.757 | val loss 2.5647 acc 0.651
[resnet50 trial1] Epoch  14/100 | LR: 1.38e-03 | train loss 0.7415 acc 0.714 | val loss 0.7443 acc 0.717
[resnet50 trial1] Epoch  15/100 | LR: 1.38e-03 | train loss 0.5917 acc 0.755 | val loss 0.5324 acc 0.800 *
[resnet50 trial1] Epoch  16/100 | LR: 1.38e-03 | train loss 0.5010 acc 0.780 | val loss 0.7539 acc 0.727
[resnet50 trial1] Epoch  17/100 | LR: 1.38e-03 | train loss 0.5701 acc 0.772 | val loss 0.5442 acc 0.810
[resnet50 trial1] Epoch  18/100 | LR: 1.38e-03 | train loss 0.5530 acc 0.789 | val loss 0.5971 acc 0.780
[resnet50 trial1] Epoch  19/100 | LR: 1.38e-03 | train loss 0.4839 acc 0.804 | val loss 0.5284 acc 0.812 *
[resnet50 trial1] Epoch  20/100 | LR: 1.38e-03 | train loss 0.4591 acc 0.808 | val loss 0.4603 acc 0.832 *
[resnet50 trial1] Epoch  21/100 | LR: 1.38e-03 | train loss 0.4271 acc 0.812 | val loss 0.4907 acc 0.812
[resnet50 trial1] Epoch  22/100 | LR: 1.38e-03 | train loss 0.4624 acc 0.806 | val loss 0.7694 acc 0.702
[resnet50 trial1] Epoch  23/100 | LR: 1.38e-04 | train loss 0.4390 acc 0.814 | val loss 0.6034 acc 0.800
[resnet50 trial1] Epoch  24/100 | LR: 1.38e-04 | train loss 0.3795 acc 0.834 | val loss 0.4697 acc 0.832
[resnet50 trial1] Epoch  25/100 | LR: 1.38e-04 | train loss 0.2968 acc 0.862 | val loss 0.4367 acc 0.827 *
[resnet50 trial1] Epoch  26/100 | LR: 1.38e-04 | train loss 0.2797 acc 0.878 | val loss 0.4130 acc 0.846 *
[resnet50 trial1] Epoch  27/100 | LR: 1.38e-04 | train loss 0.2612 acc 0.882 | val loss 0.4016 acc 0.839 *
[resnet50 trial1] Epoch  28/100 | LR: 1.38e-04 | train loss 0.2450 acc 0.890 | val loss 0.4044 acc 0.841
[resnet50 trial1] Epoch  29/100 | LR: 1.38e-04 | train loss 0.2682 acc 0.883 | val loss 0.4036 acc 0.841
[resnet50 trial1] Epoch  30/100 | LR: 1.38e-04 | train loss 0.2161 acc 0.901 | val loss 0.4062 acc 0.841
[resnet50 trial1] Epoch  31/100 | LR: 1.38e-04 | train loss 0.2504 acc 0.897 | val loss 0.3994 acc 0.856 *
[resnet50 trial1] Epoch  32/100 | LR: 1.38e-04 | train loss 0.2024 acc 0.906 | val loss 0.3928 acc 0.859 *
[resnet50 trial1] Epoch  33/100 | LR: 1.38e-04 | train loss 0.2155 acc 0.900 | val loss 0.3864 acc 0.866 *
[resnet50 trial1] Epoch  34/100 | LR: 1.38e-04 | train loss 0.2033 acc 0.903 | val loss 0.4015 acc 0.866
[resnet50 trial1] Epoch  35/100 | LR: 1.38e-04 | train loss 0.1907 acc 0.910 | val loss 0.3969 acc 0.866
[resnet50 trial1] Epoch  36/100 | LR: 1.38e-04 | train loss 0.1915 acc 0.920 | val loss 0.3851 acc 0.876 *
[resnet50 trial1] Epoch  37/100 | LR: 1.38e-04 | train loss 0.1820 acc 0.917 | val loss 0.3924 acc 0.868
[resnet50 trial1] Epoch  38/100 | LR: 1.38e-04 | train loss 0.1921 acc 0.920 | val loss 0.3904 acc 0.861
[resnet50 trial1] Epoch  39/100 | LR: 1.38e-04 | train loss 0.1622 acc 0.924 | val loss 0.3752 acc 0.871 *
[resnet50 trial1] Epoch  40/100 | LR: 1.38e-04 | train loss 0.1446 acc 0.931 | val loss 0.3780 acc 0.861
[resnet50 trial1] Epoch  41/100 | LR: 1.38e-04 | train loss 0.1548 acc 0.933 | val loss 0.4211 acc 0.861
[resnet50 trial1] Epoch  42/100 | LR: 1.38e-04 | train loss 0.1547 acc 0.933 | val loss 0.4107 acc 0.859
[resnet50 trial1] Epoch  43/100 | LR: 1.38e-04 | train loss 0.1413 acc 0.933 | val loss 0.4178 acc 0.849
[resnet50 trial1] Epoch  44/100 | LR: 1.38e-04 | train loss 0.1425 acc 0.929 | val loss 0.4673 acc 0.856
[resnet50 trial1] Epoch  45/100 | LR: 1.38e-04 | train loss 0.1211 acc 0.938 | val loss 0.4395 acc 0.878
[resnet50 trial1] Epoch  46/100 | LR: 1.38e-05 | train loss 0.1237 acc 0.940 | val loss 0.4233 acc 0.873
[resnet50 trial1] Epoch  47/100 | LR: 1.38e-05 | train loss 0.1199 acc 0.947 | val loss 0.4238 acc 0.868
[resnet50 trial1] Epoch  48/100 | LR: 1.38e-05 | train loss 0.1025 acc 0.956 | val loss 0.4226 acc 0.868
[resnet50 trial1] Epoch  49/100 | LR: 1.38e-05 | train loss 0.1101 acc 0.949 | val loss 0.4207 acc 0.861

[resnet50 trial1] No val loss improvement for 10 epochs — stopping early at epoch 49.

[resnet50 trial1] Restored best checkpoint (val loss = 0.3752)
[14:08:07] [resnet50] trial 1 finished: best val_acc=0.8707 (at val_loss=0.3752)
[I 2026-09-22 14:08:07,596] Trial 1 finished with value: 0.8707317073170732 and parameters: {'hidden_layers': 2, 'neurons': 2048, 'lr': 0.0013826232179369874, 'beta1': 0.5996372172970215, 'step_size': 23, 'batch_size': 96}. Best is trial 1 with value: 0.8707317073170732.
[14:08:07] [resnet50] trial 2: H=2 N=1024 lr=4.34e-03 beta1=0.629 step_size=28 batch_size=48 (micro_batch=16, accum_steps=3)
[resnet50 trial2] Using gradient accumulation: 3 micro-batches per optimizer step (effective batch size ≈ micro_batch x 3).
[resnet50 trial2] Epoch   1/100 | LR: 4.34e-03 | train loss 1.4938 acc 0.351 | val loss 1.8899 acc 0.059 *
[resnet50 trial2] Epoch   2/100 | LR: 4.34e-03 | train loss 1.3260 acc 0.375 | val loss 1.5087 acc 0.456 *
[resnet50 trial2] Epoch   3/100 | LR: 4.34e-03 | train loss 1.2136 acc 0.401 | val loss 1.1417 acc 0.437 *
[resnet50 trial2] Epoch   4/100 | LR: 4.34e-03 | train loss 1.4302 acc 0.334 | val loss 1.3207 acc 0.407
[resnet50 trial2] Epoch   5/100 | LR: 4.34e-03 | train loss 1.3453 acc 0.431 | val loss 1.2395 acc 0.441
[resnet50 trial2] Epoch   6/100 | LR: 4.34e-03 | train loss 1.2797 acc 0.409 | val loss 2.1385 acc 0.407
[resnet50 trial2] Epoch   7/100 | LR: 4.34e-03 | train loss 1.2670 acc 0.444 | val loss 1.2488 acc 0.463
[resnet50 trial2] Epoch   8/100 | LR: 4.34e-03 | train loss 1.1743 acc 0.428 | val loss 1.0781 acc 0.478 *
[resnet50 trial2] Epoch   9/100 | LR: 4.34e-03 | train loss 1.2780 acc 0.410 | val loss 2.2958 acc 0.349
[resnet50 trial2] Epoch  10/100 | LR: 4.34e-03 | train loss 1.2161 acc 0.434 | val loss 1.1940 acc 0.471
[resnet50 trial2] Epoch  11/100 | LR: 4.34e-03 | train loss 1.1977 acc 0.447 | val loss 1.0727 acc 0.432 *
[resnet50 trial2] Epoch  12/100 | LR: 4.34e-03 | train loss 1.2017 acc 0.431 | val loss 1.0639 acc 0.551 *
[resnet50 trial2] Epoch  13/100 | LR: 4.34e-03 | train loss 1.1427 acc 0.467 | val loss 1.0114 acc 0.541 *
[resnet50 trial2] Epoch  14/100 | LR: 4.34e-03 | train loss 1.2247 acc 0.421 | val loss 1.3555 acc 0.368
[resnet50 trial2] Epoch  15/100 | LR: 4.34e-03 | train loss 1.1470 acc 0.443 | val loss 1.0112 acc 0.515 *
[resnet50 trial2] Epoch  16/100 | LR: 4.34e-03 | train loss 1.1476 acc 0.389 | val loss 1.0206 acc 0.534
[resnet50 trial2] Epoch  17/100 | LR: 4.34e-03 | train loss 1.1681 acc 0.418 | val loss 1.0495 acc 0.454
[resnet50 trial2] Epoch  18/100 | LR: 4.34e-03 | train loss 1.1800 acc 0.395 | val loss 2.3777 acc 0.368
[resnet50 trial2] Epoch  19/100 | LR: 4.34e-03 | train loss 1.1602 acc 0.442 | val loss 1.1067 acc 0.488
[resnet50 trial2] Epoch  20/100 | LR: 4.34e-03 | train loss 1.1558 acc 0.427 | val loss 1.1945 acc 0.320
[resnet50 trial2] Epoch  21/100 | LR: 4.34e-03 | train loss 1.0942 acc 0.441 | val loss 1.1192 acc 0.388
[resnet50 trial2] Epoch  22/100 | LR: 4.34e-03 | train loss 1.1029 acc 0.435 | val loss 1.0750 acc 0.444
[resnet50 trial2] Epoch  23/100 | LR: 4.34e-03 | train loss 1.0777 acc 0.472 | val loss 0.9352 acc 0.524 *
[resnet50 trial2] Epoch  24/100 | LR: 4.34e-03 | train loss 1.0807 acc 0.473 | val loss 6.7010 acc 0.463
[resnet50 trial2] Epoch  25/100 | LR: 4.34e-03 | train loss 1.0906 acc 0.478 | val loss 0.9321 acc 0.537 *
[resnet50 trial2] Epoch  26/100 | LR: 4.34e-03 | train loss 1.0958 acc 0.456 | val loss 1.0071 acc 0.568
[resnet50 trial2] Epoch  27/100 | LR: 4.34e-03 | train loss 1.1001 acc 0.475 | val loss 1.0913 acc 0.422
[resnet50 trial2] Epoch  28/100 | LR: 4.34e-04 | train loss 1.1744 acc 0.459 | val loss 0.9422 acc 0.576
[resnet50 trial2] Epoch  29/100 | LR: 4.34e-04 | train loss 1.0568 acc 0.489 | val loss 0.9640 acc 0.527
[resnet50 trial2] Epoch  30/100 | LR: 4.34e-04 | train loss 1.0827 acc 0.467 | val loss 0.9840 acc 0.534
[resnet50 trial2] Epoch  31/100 | LR: 4.34e-04 | train loss 1.0421 acc 0.473 | val loss 0.9770 acc 0.495
[resnet50 trial2] Epoch  32/100 | LR: 4.34e-04 | train loss 1.0468 acc 0.493 | val loss 0.9216 acc 0.556 *
[resnet50 trial2] Epoch  33/100 | LR: 4.34e-04 | train loss 1.0212 acc 0.498 | val loss 0.9367 acc 0.529
[resnet50 trial2] Epoch  34/100 | LR: 4.34e-04 | train loss 0.9904 acc 0.504 | val loss 0.9772 acc 0.522
[resnet50 trial2] Epoch  35/100 | LR: 4.34e-04 | train loss 1.0139 acc 0.505 | val loss 0.9059 acc 0.595 *
[resnet50 trial2] Epoch  36/100 | LR: 4.34e-04 | train loss 1.0222 acc 0.504 | val loss 0.8916 acc 0.620 *
[resnet50 trial2] Epoch  37/100 | LR: 4.34e-04 | train loss 1.0221 acc 0.517 | val loss 0.9200 acc 0.539
[resnet50 trial2] Epoch  38/100 | LR: 4.34e-04 | train loss 0.9785 acc 0.520 | val loss 0.8561 acc 0.639 *
[resnet50 trial2] Epoch  39/100 | LR: 4.34e-04 | train loss 0.9820 acc 0.522 | val loss 0.8638 acc 0.617
[resnet50 trial2] Epoch  40/100 | LR: 4.34e-04 | train loss 0.9770 acc 0.525 | val loss 0.8676 acc 0.622
[resnet50 trial2] Epoch  41/100 | LR: 4.34e-04 | train loss 0.9826 acc 0.536 | val loss 0.9085 acc 0.566
[resnet50 trial2] Epoch  42/100 | LR: 4.34e-04 | train loss 0.9495 acc 0.558 | val loss 0.8210 acc 0.649 *
[resnet50 trial2] Epoch  43/100 | LR: 4.34e-04 | train loss 0.9449 acc 0.564 | val loss 0.8278 acc 0.639
[resnet50 trial2] Epoch  44/100 | LR: 4.34e-04 | train loss 0.9132 acc 0.562 | val loss 0.8352 acc 0.620
[resnet50 trial2] Epoch  45/100 | LR: 4.34e-04 | train loss 0.9596 acc 0.567 | val loss 0.8223 acc 0.659
[resnet50 trial2] Epoch  46/100 | LR: 4.34e-04 | train loss 0.9378 acc 0.577 | val loss 0.7621 acc 0.666 *
[resnet50 trial2] Epoch  47/100 | LR: 4.34e-04 | train loss 0.9111 acc 0.580 | val loss 0.9673 acc 0.546
[resnet50 trial2] Epoch  48/100 | LR: 4.34e-04 | train loss 0.9374 acc 0.574 | val loss 0.7321 acc 0.712 *
[resnet50 trial2] Epoch  49/100 | LR: 4.34e-04 | train loss 0.9161 acc 0.591 | val loss 0.7240 acc 0.676 *
[resnet50 trial2] Epoch  50/100 | LR: 4.34e-04 | train loss 0.8914 acc 0.587 | val loss 0.8053 acc 0.634
[resnet50 trial2] Epoch  51/100 | LR: 4.34e-04 | train loss 0.8737 acc 0.590 | val loss 0.8169 acc 0.627
[resnet50 trial2] Epoch  52/100 | LR: 4.34e-04 | train loss 0.9029 acc 0.585 | val loss 0.8131 acc 0.637
[resnet50 trial2] Epoch  53/100 | LR: 4.34e-04 | train loss 0.8585 acc 0.621 | val loss 0.6946 acc 0.698 *
[resnet50 trial2] Epoch  54/100 | LR: 4.34e-04 | train loss 0.8197 acc 0.651 | val loss 0.7066 acc 0.690
[resnet50 trial2] Epoch  55/100 | LR: 4.34e-04 | train loss 0.8132 acc 0.622 | val loss 0.6280 acc 0.749 *
[resnet50 trial2] Epoch  56/100 | LR: 4.34e-05 | train loss 0.7835 acc 0.650 | val loss 0.6986 acc 0.688
[resnet50 trial2] Epoch  57/100 | LR: 4.34e-05 | train loss 0.8070 acc 0.644 | val loss 0.6115 acc 0.732 *
[resnet50 trial2] Epoch  58/100 | LR: 4.34e-05 | train loss 0.7500 acc 0.671 | val loss 0.6187 acc 0.717
[resnet50 trial2] Epoch  59/100 | LR: 4.34e-05 | train loss 0.7495 acc 0.690 | val loss 0.6168 acc 0.722
[resnet50 trial2] Epoch  60/100 | LR: 4.34e-05 | train loss 0.7160 acc 0.680 | val loss 0.6084 acc 0.732 *
[resnet50 trial2] Epoch  61/100 | LR: 4.34e-05 | train loss 0.7342 acc 0.677 | val loss 0.5944 acc 0.737 *
[resnet50 trial2] Epoch  62/100 | LR: 4.34e-05 | train loss 0.7339 acc 0.671 | val loss 0.5974 acc 0.734
[resnet50 trial2] Epoch  63/100 | LR: 4.34e-05 | train loss 0.7283 acc 0.680 | val loss 0.5680 acc 0.751 *
[resnet50 trial2] Epoch  64/100 | LR: 4.34e-05 | train loss 0.7000 acc 0.699 | val loss 0.6007 acc 0.734
[resnet50 trial2] Epoch  65/100 | LR: 4.34e-05 | train loss 0.6982 acc 0.686 | val loss 0.5508 acc 0.776 *
[resnet50 trial2] Epoch  66/100 | LR: 4.34e-05 | train loss 0.7098 acc 0.683 | val loss 0.5875 acc 0.729
[resnet50 trial2] Epoch  67/100 | LR: 4.34e-05 | train loss 0.7141 acc 0.688 | val loss 0.5454 acc 0.783 *
[resnet50 trial2] Epoch  68/100 | LR: 4.34e-05 | train loss 0.6884 acc 0.696 | val loss 0.5468 acc 0.763
[resnet50 trial2] Epoch  69/100 | LR: 4.34e-05 | train loss 0.6393 acc 0.719 | val loss 0.5449 acc 0.759 *
[resnet50 trial2] Epoch  70/100 | LR: 4.34e-05 | train loss 0.6876 acc 0.708 | val loss 0.6014 acc 0.727
[resnet50 trial2] Epoch  71/100 | LR: 4.34e-05 | train loss 0.6604 acc 0.703 | val loss 0.5520 acc 0.759
[resnet50 trial2] Epoch  72/100 | LR: 4.34e-05 | train loss 0.6866 acc 0.680 | val loss 0.5759 acc 0.756
[resnet50 trial2] Epoch  73/100 | LR: 4.34e-05 | train loss 0.6688 acc 0.712 | val loss 0.5574 acc 0.759
[resnet50 trial2] Epoch  74/100 | LR: 4.34e-05 | train loss 0.6607 acc 0.707 | val loss 0.5551 acc 0.766
[resnet50 trial2] Epoch  75/100 | LR: 4.34e-05 | train loss 0.6492 acc 0.703 | val loss 0.5342 acc 0.773 *
[resnet50 trial2] Epoch  76/100 | LR: 4.34e-05 | train loss 0.6701 acc 0.713 | val loss 0.5216 acc 0.768 *
[resnet50 trial2] Epoch  77/100 | LR: 4.34e-05 | train loss 0.6482 acc 0.721 | val loss 0.5203 acc 0.785 *
[resnet50 trial2] Epoch  78/100 | LR: 4.34e-05 | train loss 0.6596 acc 0.693 | val loss 0.5437 acc 0.763
[resnet50 trial2] Epoch  79/100 | LR: 4.34e-05 | train loss 0.6636 acc 0.717 | val loss 0.5311 acc 0.780
[resnet50 trial2] Epoch  80/100 | LR: 4.34e-05 | train loss 0.6384 acc 0.707 | val loss 0.5358 acc 0.768
[resnet50 trial2] Epoch  81/100 | LR: 4.34e-05 | train loss 0.6333 acc 0.715 | val loss 0.5243 acc 0.768
[resnet50 trial2] Epoch  82/100 | LR: 4.34e-05 | train loss 0.6400 acc 0.727 | val loss 0.5141 acc 0.788 *
[resnet50 trial2] Epoch  83/100 | LR: 4.34e-05 | train loss 0.6554 acc 0.723 | val loss 0.5067 acc 0.785 *
[resnet50 trial2] Epoch  84/100 | LR: 4.34e-06 | train loss 0.6301 acc 0.729 | val loss 0.5211 acc 0.780
[resnet50 trial2] Epoch  85/100 | LR: 4.34e-06 | train loss 0.6062 acc 0.736 | val loss 0.5239 acc 0.783
[resnet50 trial2] Epoch  86/100 | LR: 4.34e-06 | train loss 0.5843 acc 0.733 | val loss 0.5257 acc 0.776
[resnet50 trial2] Epoch  87/100 | LR: 4.34e-06 | train loss 0.6279 acc 0.728 | val loss 0.5160 acc 0.790
[resnet50 trial2] Epoch  88/100 | LR: 4.34e-06 | train loss 0.5809 acc 0.736 | val loss 0.5515 acc 0.773
[resnet50 trial2] Epoch  89/100 | LR: 4.34e-06 | train loss 0.6056 acc 0.738 | val loss 0.5125 acc 0.793
[resnet50 trial2] Epoch  90/100 | LR: 4.34e-06 | train loss 0.6227 acc 0.733 | val loss 0.5379 acc 0.778
[resnet50 trial2] Epoch  91/100 | LR: 4.34e-06 | train loss 0.6300 acc 0.734 | val loss 0.5096 acc 0.788
[resnet50 trial2] Epoch  92/100 | LR: 4.34e-06 | train loss 0.6194 acc 0.715 | val loss 0.5107 acc 0.800
[resnet50 trial2] Epoch  93/100 | LR: 4.34e-06 | train loss 0.5787 acc 0.759 | val loss 0.5127 acc 0.798

[resnet50 trial2] No val loss improvement for 10 epochs — stopping early at epoch 93.

[resnet50 trial2] Restored best checkpoint (val loss = 0.5067)
[14:18:06] [resnet50] trial 2 finished: best val_acc=0.7854 (at val_loss=0.5067)
[I 2026-09-22 14:18:06,290] Trial 2 finished with value: 0.7853658536585366 and parameters: {'hidden_layers': 2, 'neurons': 1024, 'lr': 0.004337920697490943, 'beta1': 0.6291312108184084, 'step_size': 28, 'batch_size': 48}. Best is trial 1 with value: 0.8707317073170732.
[14:18:06] [resnet50] trial 3: H=1 N=2048 lr=1.22e-05 beta1=0.914 step_size=17 batch_size=64 (micro_batch=16, accum_steps=4)
[resnet50 trial3] Using gradient accumulation: 4 micro-batches per optimizer step (effective batch size ≈ micro_batch x 4).
[resnet50 trial3] Epoch   1/100 | LR: 1.22e-05 | train loss 1.3770 acc 0.422 | val loss 1.3271 acc 0.485 *
[resnet50 trial3] Epoch   2/100 | LR: 1.22e-05 | train loss 1.3352 acc 0.540 | val loss 1.2488 acc 0.561 *
[resnet50 trial3] Epoch   3/100 | LR: 1.22e-05 | train loss 1.2651 acc 0.580 | val loss 1.1837 acc 0.651 *
[resnet50 trial3] Epoch   4/100 | LR: 1.22e-05 | train loss 1.1646 acc 0.634 | val loss 1.0337 acc 0.705 *
[resnet50 trial3] Epoch   5/100 | LR: 1.22e-05 | train loss 1.0342 acc 0.655 | val loss 0.9356 acc 0.741 *
[resnet50 trial3] Epoch   6/100 | LR: 1.22e-05 | train loss 0.8847 acc 0.658 | val loss 0.8250 acc 0.720 *
[resnet50 trial3] Epoch   7/100 | LR: 1.22e-05 | train loss 0.7650 acc 0.678 | val loss 0.7404 acc 0.751 *
[resnet50 trial3] Epoch   8/100 | LR: 1.22e-05 | train loss 0.6960 acc 0.709 | val loss 0.6788 acc 0.737 *
[resnet50 trial3] Epoch   9/100 | LR: 1.22e-05 | train loss 0.6346 acc 0.728 | val loss 0.6379 acc 0.761 *
[resnet50 trial3] Epoch  10/100 | LR: 1.22e-05 | train loss 0.5820 acc 0.741 | val loss 0.5838 acc 0.771 *
[resnet50 trial3] Epoch  11/100 | LR: 1.22e-05 | train loss 0.5431 acc 0.770 | val loss 0.5582 acc 0.790 *
[resnet50 trial3] Epoch  12/100 | LR: 1.22e-05 | train loss 0.5160 acc 0.771 | val loss 0.5369 acc 0.776 *
[resnet50 trial3] Epoch  13/100 | LR: 1.22e-05 | train loss 0.4894 acc 0.780 | val loss 0.5362 acc 0.788 *
[resnet50 trial3] Epoch  14/100 | LR: 1.22e-05 | train loss 0.4481 acc 0.793 | val loss 0.5384 acc 0.795
[resnet50 trial3] Epoch  15/100 | LR: 1.22e-05 | train loss 0.4326 acc 0.788 | val loss 0.5168 acc 0.802 *
[resnet50 trial3] Epoch  16/100 | LR: 1.22e-05 | train loss 0.4010 acc 0.819 | val loss 0.4804 acc 0.810 *
[resnet50 trial3] Epoch  17/100 | LR: 1.22e-06 | train loss 0.4054 acc 0.813 | val loss 0.4834 acc 0.795
[resnet50 trial3] Epoch  18/100 | LR: 1.22e-06 | train loss 0.3932 acc 0.812 | val loss 0.4770 acc 0.805 *
[resnet50 trial3] Epoch  19/100 | LR: 1.22e-06 | train loss 0.3783 acc 0.813 | val loss 0.4828 acc 0.800
[resnet50 trial3] Epoch  20/100 | LR: 1.22e-06 | train loss 0.3650 acc 0.820 | val loss 0.4895 acc 0.810
[resnet50 trial3] Epoch  21/100 | LR: 1.22e-06 | train loss 0.3825 acc 0.820 | val loss 0.4752 acc 0.822 *
[resnet50 trial3] Epoch  22/100 | LR: 1.22e-06 | train loss 0.3788 acc 0.822 | val loss 0.4734 acc 0.812 *
[resnet50 trial3] Epoch  23/100 | LR: 1.22e-06 | train loss 0.3773 acc 0.819 | val loss 0.4681 acc 0.807 *
[resnet50 trial3] Epoch  24/100 | LR: 1.22e-06 | train loss 0.3677 acc 0.823 | val loss 0.4906 acc 0.807
[resnet50 trial3] Epoch  25/100 | LR: 1.22e-06 | train loss 0.3853 acc 0.813 | val loss 0.4668 acc 0.812 *
[resnet50 trial3] Epoch  26/100 | LR: 1.22e-06 | train loss 0.3522 acc 0.826 | val loss 0.4693 acc 0.805
[resnet50 trial3] Epoch  27/100 | LR: 1.22e-06 | train loss 0.3722 acc 0.820 | val loss 0.4561 acc 0.812 *
[resnet50 trial3] Epoch  28/100 | LR: 1.22e-06 | train loss 0.3706 acc 0.823 | val loss 0.4662 acc 0.812
[resnet50 trial3] Epoch  29/100 | LR: 1.22e-06 | train loss 0.3540 acc 0.823 | val loss 0.4609 acc 0.815
[resnet50 trial3] Epoch  30/100 | LR: 1.22e-06 | train loss 0.3459 acc 0.829 | val loss 0.4615 acc 0.798
[resnet50 trial3] Epoch  31/100 | LR: 1.22e-06 | train loss 0.3510 acc 0.829 | val loss 0.4657 acc 0.815
[resnet50 trial3] Epoch  32/100 | LR: 1.22e-06 | train loss 0.3385 acc 0.826 | val loss 0.4759 acc 0.810
[resnet50 trial3] Epoch  33/100 | LR: 1.22e-06 | train loss 0.3455 acc 0.828 | val loss 0.4765 acc 0.815
[resnet50 trial3] Epoch  34/100 | LR: 1.22e-07 | train loss 0.3711 acc 0.820 | val loss 0.4658 acc 0.817
[resnet50 trial3] Epoch  35/100 | LR: 1.22e-07 | train loss 0.3503 acc 0.828 | val loss 0.4647 acc 0.805
[resnet50 trial3] Epoch  36/100 | LR: 1.22e-07 | train loss 0.3715 acc 0.820 | val loss 0.4599 acc 0.820
[resnet50 trial3] Epoch  37/100 | LR: 1.22e-07 | train loss 0.3510 acc 0.832 | val loss 0.4679 acc 0.815

[resnet50 trial3] No val loss improvement for 10 epochs — stopping early at epoch 37.

[resnet50 trial3] Restored best checkpoint (val loss = 0.4561)
[14:22:03] [resnet50] trial 3 finished: best val_acc=0.8122 (at val_loss=0.4561)
[I 2026-09-22 14:22:03,329] Trial 3 finished with value: 0.8121951219512196 and parameters: {'hidden_layers': 1, 'neurons': 2048, 'lr': 1.2172958098369984e-05, 'beta1': 0.9135400170668128, 'step_size': 17, 'batch_size': 64}. Best is trial 1 with value: 0.8707317073170732.
[14:22:03] [resnet50] trial 4: H=1 N=512 lr=2.91e-06 beta1=0.931 step_size=27 batch_size=96 (micro_batch=16, accum_steps=6)
[resnet50 trial4] Using gradient accumulation: 6 micro-batches per optimizer step (effective batch size ≈ micro_batch x 6).
[resnet50 trial4] Epoch   1/100 | LR: 2.91e-06 | train loss 1.3889 acc 0.198 | val loss 1.3844 acc 0.307 *
[resnet50 trial4] Epoch   2/100 | LR: 2.91e-06 | train loss 1.3842 acc 0.276 | val loss 1.3772 acc 0.405 *
[resnet50 trial4] Epoch   3/100 | LR: 2.91e-06 | train loss 1.3813 acc 0.345 | val loss 1.3701 acc 0.439 *
[resnet50 trial4] Epoch   4/100 | LR: 2.91e-06 | train loss 1.3758 acc 0.417 | val loss 1.3630 acc 0.446 *
[resnet50 trial4] Epoch   5/100 | LR: 2.91e-06 | train loss 1.3729 acc 0.440 | val loss 1.3601 acc 0.466 *
[resnet50 trial4] Epoch   6/100 | LR: 2.91e-06 | train loss 1.3663 acc 0.474 | val loss 1.3504 acc 0.463 *
[resnet50 trial4] Epoch   7/100 | LR: 2.91e-06 | train loss 1.3616 acc 0.475 | val loss 1.3463 acc 0.454 *
[resnet50 trial4] Epoch   8/100 | LR: 2.91e-06 | train loss 1.3562 acc 0.478 | val loss 1.3191 acc 0.485 *
[resnet50 trial4] Epoch   9/100 | LR: 2.91e-06 | train loss 1.3486 acc 0.499 | val loss 1.3179 acc 0.483 *
[resnet50 trial4] Epoch  10/100 | LR: 2.91e-06 | train loss 1.3404 acc 0.508 | val loss 1.3251 acc 0.488
[resnet50 trial4] Epoch  11/100 | LR: 2.91e-06 | train loss 1.3351 acc 0.506 | val loss 1.3101 acc 0.490 *
[resnet50 trial4] Epoch  12/100 | LR: 2.91e-06 | train loss 1.3234 acc 0.507 | val loss 1.2931 acc 0.517 *
[resnet50 trial4] Epoch  13/100 | LR: 2.91e-06 | train loss 1.3136 acc 0.524 | val loss 1.2667 acc 0.532 *
[resnet50 trial4] Epoch  14/100 | LR: 2.91e-06 | train loss 1.3028 acc 0.540 | val loss 1.2450 acc 0.546 *
[resnet50 trial4] Epoch  15/100 | LR: 2.91e-06 | train loss 1.2859 acc 0.547 | val loss 1.2433 acc 0.566 *
[resnet50 trial4] Epoch  16/100 | LR: 2.91e-06 | train loss 1.2702 acc 0.566 | val loss 1.2182 acc 0.573 *
[resnet50 trial4] Epoch  17/100 | LR: 2.91e-06 | train loss 1.2525 acc 0.574 | val loss 1.1939 acc 0.573 *
[resnet50 trial4] Epoch  18/100 | LR: 2.91e-06 | train loss 1.2373 acc 0.576 | val loss 1.1721 acc 0.588 *
[resnet50 trial4] Epoch  19/100 | LR: 2.91e-06 | train loss 1.2200 acc 0.586 | val loss 1.1642 acc 0.585 *
[resnet50 trial4] Epoch  20/100 | LR: 2.91e-06 | train loss 1.2070 acc 0.598 | val loss 1.1474 acc 0.598 *
[resnet50 trial4] Epoch  21/100 | LR: 2.91e-06 | train loss 1.1883 acc 0.599 | val loss 1.0999 acc 0.607 *
[resnet50 trial4] Epoch  22/100 | LR: 2.91e-06 | train loss 1.1692 acc 0.603 | val loss 1.1141 acc 0.627
[resnet50 trial4] Epoch  23/100 | LR: 2.91e-06 | train loss 1.1541 acc 0.622 | val loss 1.0605 acc 0.620 *
[resnet50 trial4] Epoch  24/100 | LR: 2.91e-06 | train loss 1.1369 acc 0.632 | val loss 1.0668 acc 0.651
[resnet50 trial4] Epoch  25/100 | LR: 2.91e-06 | train loss 1.1217 acc 0.619 | val loss 1.0375 acc 0.683 *
[resnet50 trial4] Epoch  26/100 | LR: 2.91e-06 | train loss 1.1013 acc 0.626 | val loss 1.0299 acc 0.680 *
[resnet50 trial4] Epoch  27/100 | LR: 2.91e-07 | train loss 1.0866 acc 0.635 | val loss 1.0181 acc 0.688 *
[resnet50 trial4] Epoch  28/100 | LR: 2.91e-07 | train loss 1.0742 acc 0.625 | val loss 1.0129 acc 0.710 *
[resnet50 trial4] Epoch  29/100 | LR: 2.91e-07 | train loss 1.0703 acc 0.641 | val loss 1.0073 acc 0.705 *
[resnet50 trial4] Epoch  30/100 | LR: 2.91e-07 | train loss 1.0689 acc 0.632 | val loss 1.0022 acc 0.700 *
[resnet50 trial4] Epoch  31/100 | LR: 2.91e-07 | train loss 1.0677 acc 0.646 | val loss 1.0038 acc 0.680
[resnet50 trial4] Epoch  32/100 | LR: 2.91e-07 | train loss 1.0629 acc 0.631 | val loss 0.9990 acc 0.695 *
[resnet50 trial4] Epoch  33/100 | LR: 2.91e-07 | train loss 1.0623 acc 0.638 | val loss 0.9977 acc 0.700 *
[resnet50 trial4] Epoch  34/100 | LR: 2.91e-07 | train loss 1.0545 acc 0.648 | val loss 1.0093 acc 0.698
[resnet50 trial4] Epoch  35/100 | LR: 2.91e-07 | train loss 1.0540 acc 0.644 | val loss 0.9934 acc 0.698 *
[resnet50 trial4] Epoch  36/100 | LR: 2.91e-07 | train loss 1.0543 acc 0.650 | val loss 0.9984 acc 0.705
[resnet50 trial4] Epoch  37/100 | LR: 2.91e-07 | train loss 1.0489 acc 0.646 | val loss 0.9860 acc 0.702 *
[resnet50 trial4] Epoch  38/100 | LR: 2.91e-07 | train loss 1.0537 acc 0.651 | val loss 1.0136 acc 0.710
[resnet50 trial4] Epoch  39/100 | LR: 2.91e-07 | train loss 1.0498 acc 0.634 | val loss 1.0013 acc 0.707
[resnet50 trial4] Epoch  40/100 | LR: 2.91e-07 | train loss 1.0520 acc 0.644 | val loss 0.9970 acc 0.705
[resnet50 trial4] Epoch  41/100 | LR: 2.91e-07 | train loss 1.0535 acc 0.632 | val loss 0.9910 acc 0.717
[resnet50 trial4] Epoch  42/100 | LR: 2.91e-07 | train loss 1.0373 acc 0.655 | val loss 0.9833 acc 0.705 *
[resnet50 trial4] Epoch  43/100 | LR: 2.91e-07 | train loss 1.0382 acc 0.659 | val loss 0.9802 acc 0.705 *
[resnet50 trial4] Epoch  44/100 | LR: 2.91e-07 | train loss 1.0415 acc 0.634 | val loss 0.9822 acc 0.702
[resnet50 trial4] Epoch  45/100 | LR: 2.91e-07 | train loss 1.0252 acc 0.665 | val loss 1.0000 acc 0.700
[resnet50 trial4] Epoch  46/100 | LR: 2.91e-07 | train loss 1.0330 acc 0.656 | val loss 0.9994 acc 0.712
[resnet50 trial4] Epoch  47/100 | LR: 2.91e-07 | train loss 1.0304 acc 0.642 | val loss 0.9900 acc 0.710
[resnet50 trial4] Epoch  48/100 | LR: 2.91e-07 | train loss 1.0330 acc 0.651 | val loss 0.9694 acc 0.705 *
[resnet50 trial4] Epoch  49/100 | LR: 2.91e-07 | train loss 1.0371 acc 0.634 | val loss 0.9976 acc 0.710
[resnet50 trial4] Epoch  50/100 | LR: 2.91e-07 | train loss 1.0260 acc 0.644 | val loss 0.9756 acc 0.707
[resnet50 trial4] Epoch  51/100 | LR: 2.91e-07 | train loss 1.0137 acc 0.654 | val loss 0.9730 acc 0.710
[resnet50 trial4] Epoch  52/100 | LR: 2.91e-07 | train loss 1.0167 acc 0.647 | val loss 0.9701 acc 0.720
[resnet50 trial4] Epoch  53/100 | LR: 2.91e-07 | train loss 1.0280 acc 0.638 | val loss 0.9645 acc 0.715 *
[resnet50 trial4] Epoch  54/100 | LR: 2.91e-08 | train loss 1.0227 acc 0.645 | val loss 0.9681 acc 0.715
[resnet50 trial4] Epoch  55/100 | LR: 2.91e-08 | train loss 1.0208 acc 0.634 | val loss 0.9888 acc 0.707
[resnet50 trial4] Epoch  56/100 | LR: 2.91e-08 | train loss 1.0215 acc 0.648 | val loss 0.9705 acc 0.715
[resnet50 trial4] Epoch  57/100 | LR: 2.91e-08 | train loss 1.0054 acc 0.655 | val loss 0.9540 acc 0.710 *
[resnet50 trial4] Epoch  58/100 | LR: 2.91e-08 | train loss 1.0182 acc 0.658 | val loss 0.9598 acc 0.707
[resnet50 trial4] Epoch  59/100 | LR: 2.91e-08 | train loss 1.0179 acc 0.634 | val loss 0.9792 acc 0.712
[resnet50 trial4] Epoch  60/100 | LR: 2.91e-08 | train loss 1.0118 acc 0.644 | val loss 0.9683 acc 0.707
[resnet50 trial4] Epoch  61/100 | LR: 2.91e-08 | train loss 1.0256 acc 0.654 | val loss 0.9810 acc 0.702
[resnet50 trial4] Epoch  62/100 | LR: 2.91e-08 | train loss 1.0189 acc 0.656 | val loss 0.9706 acc 0.707
[resnet50 trial4] Epoch  63/100 | LR: 2.91e-08 | train loss 1.0196 acc 0.646 | val loss 0.9632 acc 0.710
[resnet50 trial4] Epoch  64/100 | LR: 2.91e-08 | train loss 1.0205 acc 0.660 | val loss 0.9850 acc 0.702
[resnet50 trial4] Epoch  65/100 | LR: 2.91e-08 | train loss 1.0223 acc 0.634 | val loss 0.9717 acc 0.710
[resnet50 trial4] Epoch  66/100 | LR: 2.91e-08 | train loss 1.0135 acc 0.632 | val loss 0.9795 acc 0.707
[resnet50 trial4] Epoch  67/100 | LR: 2.91e-08 | train loss 1.0102 acc 0.662 | val loss 0.9689 acc 0.715

[resnet50 trial4] No val loss improvement for 10 epochs — stopping early at epoch 67.

[resnet50 trial4] Restored best checkpoint (val loss = 0.9540)
[14:29:05] [resnet50] trial 4 finished: best val_acc=0.7098 (at val_loss=0.9540)
[I 2026-09-22 14:29:05,410] Trial 4 finished with value: 0.7097560975609756 and parameters: {'hidden_layers': 1, 'neurons': 512, 'lr': 2.907208890659845e-06, 'beta1': 0.9306886095119211, 'step_size': 27, 'batch_size': 96}. Best is trial 1 with value: 0.8707317073170732.
[14:29:05] [resnet50] trial 5: H=2 N=512 lr=5.13e-05 beta1=0.513 step_size=8 batch_size=48 (micro_batch=16, accum_steps=3)
[resnet50 trial5] Using gradient accumulation: 3 micro-batches per optimizer step (effective batch size ≈ micro_batch x 3).
[resnet50 trial5] Epoch   1/100 | LR: 5.13e-05 | train loss 1.3300 acc 0.430 | val loss 1.0253 acc 0.588 *
[resnet50 trial5] Epoch   2/100 | LR: 5.13e-05 | train loss 1.0620 acc 0.639 | val loss 0.7952 acc 0.722 *
[resnet50 trial5] Epoch   3/100 | LR: 5.13e-05 | train loss 0.6976 acc 0.703 | val loss 0.5546 acc 0.790 *
[resnet50 trial5] Epoch   4/100 | LR: 5.13e-05 | train loss 0.5360 acc 0.757 | val loss 0.5319 acc 0.780 *
[resnet50 trial5] Epoch   5/100 | LR: 5.13e-05 | train loss 0.4945 acc 0.788 | val loss 0.5382 acc 0.785
[resnet50 trial5] Epoch   6/100 | LR: 5.13e-05 | train loss 0.4145 acc 0.817 | val loss 0.4286 acc 0.829 *
[resnet50 trial5] Epoch   7/100 | LR: 5.13e-05 | train loss 0.3674 acc 0.832 | val loss 0.4348 acc 0.817
[resnet50 trial5] Epoch   8/100 | LR: 5.13e-06 | train loss 0.3520 acc 0.842 | val loss 0.3939 acc 0.856 *
[resnet50 trial5] Epoch   9/100 | LR: 5.13e-06 | train loss 0.2758 acc 0.866 | val loss 0.3832 acc 0.854 *
[resnet50 trial5] Epoch  10/100 | LR: 5.13e-06 | train loss 0.2898 acc 0.866 | val loss 0.3797 acc 0.851 *
[resnet50 trial5] Epoch  11/100 | LR: 5.13e-06 | train loss 0.2578 acc 0.882 | val loss 0.3772 acc 0.856 *
[resnet50 trial5] Epoch  12/100 | LR: 5.13e-06 | train loss 0.2439 acc 0.887 | val loss 0.3744 acc 0.837 *
[resnet50 trial5] Epoch  13/100 | LR: 5.13e-06 | train loss 0.2666 acc 0.876 | val loss 0.3899 acc 0.841
[resnet50 trial5] Epoch  14/100 | LR: 5.13e-06 | train loss 0.2391 acc 0.886 | val loss 0.3811 acc 0.851
[resnet50 trial5] Epoch  15/100 | LR: 5.13e-06 | train loss 0.2580 acc 0.884 | val loss 0.3862 acc 0.849
[resnet50 trial5] Epoch  16/100 | LR: 5.13e-07 | train loss 0.2542 acc 0.877 | val loss 0.3847 acc 0.861
[resnet50 trial5] Epoch  17/100 | LR: 5.13e-07 | train loss 0.2260 acc 0.892 | val loss 0.3867 acc 0.854
[resnet50 trial5] Epoch  18/100 | LR: 5.13e-07 | train loss 0.2530 acc 0.877 | val loss 0.3792 acc 0.854
[resnet50 trial5] Epoch  19/100 | LR: 5.13e-07 | train loss 0.2283 acc 0.892 | val loss 0.3777 acc 0.856
[resnet50 trial5] Epoch  20/100 | LR: 5.13e-07 | train loss 0.2428 acc 0.888 | val loss 0.3877 acc 0.839
[resnet50 trial5] Epoch  21/100 | LR: 5.13e-07 | train loss 0.2155 acc 0.894 | val loss 0.3840 acc 0.841
[resnet50 trial5] Epoch  22/100 | LR: 5.13e-07 | train loss 0.2405 acc 0.884 | val loss 0.3816 acc 0.846

[resnet50 trial5] No val loss improvement for 10 epochs — stopping early at epoch 22.

[resnet50 trial5] Restored best checkpoint (val loss = 0.3744)
[14:31:27] [resnet50] trial 5 finished: best val_acc=0.8366 (at val_loss=0.3744)
[I 2026-09-22 14:31:27,245] Trial 5 finished with value: 0.8365853658536585 and parameters: {'hidden_layers': 2, 'neurons': 512, 'lr': 5.1305517605898387e-05, 'beta1': 0.5126841442453035, 'step_size': 8, 'batch_size': 48}. Best is trial 1 with value: 0.8707317073170732.
[14:31:27] [resnet50] trial 6: H=2 N=512 lr=3.06e-03 beta1=0.901 step_size=11 batch_size=32 (micro_batch=16, accum_steps=2)
[resnet50 trial6] Using gradient accumulation: 2 micro-batches per optimizer step (effective batch size ≈ micro_batch x 2).
[resnet50 trial6] Epoch   1/100 | LR: 3.06e-03 | train loss 1.2603 acc 0.408 | val loss 1.1227 acc 0.495 *
[resnet50 trial6] Epoch   2/100 | LR: 3.06e-03 | train loss 1.1878 acc 0.417 | val loss 1.0792 acc 0.454 *
[resnet50 trial6] Epoch   3/100 | LR: 3.06e-03 | train loss 1.1647 acc 0.463 | val loss 1.1164 acc 0.466
[resnet50 trial6] Epoch   4/100 | LR: 3.06e-03 | train loss 1.1422 acc 0.399 | val loss 1.1748 acc 0.505
[resnet50 trial6] Epoch   5/100 | LR: 3.06e-03 | train loss 1.2025 acc 0.457 | val loss 1.2515 acc 0.405
[I 2026-09-22 14:32:00,416] Trial 6 pruned. 
[14:32:00] [resnet50] trial 7: H=1 N=512 lr=2.24e-05 beta1=0.971 step_size=16 batch_size=32 (micro_batch=16, accum_steps=2)
[resnet50 trial7] Using gradient accumulation: 2 micro-batches per optimizer step (effective batch size ≈ micro_batch x 2).
[resnet50 trial7] Epoch   1/100 | LR: 2.24e-05 | train loss 1.3652 acc 0.415 | val loss 1.2951 acc 0.510 *
[resnet50 trial7] Epoch   2/100 | LR: 2.24e-05 | train loss 1.2670 acc 0.520 | val loss 1.0609 acc 0.620 *
[resnet50 trial7] Epoch   3/100 | LR: 2.24e-05 | train loss 1.1487 acc 0.615 | val loss 0.9663 acc 0.724 *
[resnet50 trial7] Epoch   4/100 | LR: 2.24e-05 | train loss 0.9895 acc 0.663 | val loss 0.8449 acc 0.712 *
[resnet50 trial7] Epoch   5/100 | LR: 2.24e-05 | train loss 0.7887 acc 0.687 | val loss 0.6985 acc 0.737 *
[resnet50 trial7] Epoch   6/100 | LR: 2.24e-05 | train loss 0.6352 acc 0.729 | val loss 0.5958 acc 0.773 *
[resnet50 trial7] Epoch   7/100 | LR: 2.24e-05 | train loss 0.5567 acc 0.732 | val loss 0.5632 acc 0.783 *
[resnet50 trial7] Epoch   8/100 | LR: 2.24e-05 | train loss 0.4878 acc 0.781 | val loss 0.6057 acc 0.783
[resnet50 trial7] Epoch   9/100 | LR: 2.24e-05 | train loss 0.4705 acc 0.794 | val loss 0.5406 acc 0.795 *
[resnet50 trial7] Epoch  10/100 | LR: 2.24e-05 | train loss 0.4174 acc 0.804 | val loss 0.5301 acc 0.776 *
[resnet50 trial7] Epoch  11/100 | LR: 2.24e-05 | train loss 0.3874 acc 0.819 | val loss 0.5228 acc 0.780 *
[resnet50 trial7] Epoch  12/100 | LR: 2.24e-05 | train loss 0.3452 acc 0.829 | val loss 0.4984 acc 0.793 *
[resnet50 trial7] Epoch  13/100 | LR: 2.24e-05 | train loss 0.3374 acc 0.845 | val loss 0.4469 acc 0.805 *
[resnet50 trial7] Epoch  14/100 | LR: 2.24e-05 | train loss 0.3138 acc 0.853 | val loss 0.4294 acc 0.822 *
[resnet50 trial7] Epoch  15/100 | LR: 2.24e-05 | train loss 0.2741 acc 0.880 | val loss 0.4151 acc 0.822 *
[resnet50 trial7] Epoch  16/100 | LR: 2.24e-06 | train loss 0.2593 acc 0.870 | val loss 0.4183 acc 0.834
[resnet50 trial7] Epoch  17/100 | LR: 2.24e-06 | train loss 0.2244 acc 0.889 | val loss 0.4152 acc 0.854
[resnet50 trial7] Epoch  18/100 | LR: 2.24e-06 | train loss 0.2370 acc 0.880 | val loss 0.3970 acc 0.844 *
[resnet50 trial7] Epoch  19/100 | LR: 2.24e-06 | train loss 0.2309 acc 0.881 | val loss 0.3961 acc 0.856 *
[resnet50 trial7] Epoch  20/100 | LR: 2.24e-06 | train loss 0.2190 acc 0.898 | val loss 0.4052 acc 0.837
[resnet50 trial7] Epoch  21/100 | LR: 2.24e-06 | train loss 0.2110 acc 0.898 | val loss 0.4190 acc 0.846
[resnet50 trial7] Epoch  22/100 | LR: 2.24e-06 | train loss 0.2062 acc 0.908 | val loss 0.4006 acc 0.849
[resnet50 trial7] Epoch  23/100 | LR: 2.24e-06 | train loss 0.2248 acc 0.887 | val loss 0.4048 acc 0.841
[resnet50 trial7] Epoch  24/100 | LR: 2.24e-06 | train loss 0.2118 acc 0.897 | val loss 0.4128 acc 0.839
[resnet50 trial7] Epoch  25/100 | LR: 2.24e-06 | train loss 0.2293 acc 0.889 | val loss 0.3902 acc 0.846 *
[resnet50 trial7] Epoch  26/100 | LR: 2.24e-06 | train loss 0.1997 acc 0.901 | val loss 0.3968 acc 0.844
[resnet50 trial7] Epoch  27/100 | LR: 2.24e-06 | train loss 0.2264 acc 0.893 | val loss 0.4038 acc 0.834
[resnet50 trial7] Epoch  28/100 | LR: 2.24e-06 | train loss 0.1962 acc 0.894 | val loss 0.4169 acc 0.837
[resnet50 trial7] Epoch  29/100 | LR: 2.24e-06 | train loss 0.2209 acc 0.894 | val loss 0.4004 acc 0.837
[resnet50 trial7] Epoch  30/100 | LR: 2.24e-06 | train loss 0.2110 acc 0.893 | val loss 0.3895 acc 0.841 *
[resnet50 trial7] Epoch  31/100 | LR: 2.24e-06 | train loss 0.2062 acc 0.897 | val loss 0.4225 acc 0.849
[resnet50 trial7] Epoch  32/100 | LR: 2.24e-07 | train loss 0.2087 acc 0.895 | val loss 0.3954 acc 0.846
[resnet50 trial7] Epoch  33/100 | LR: 2.24e-07 | train loss 0.2057 acc 0.909 | val loss 0.4032 acc 0.841
[resnet50 trial7] Epoch  34/100 | LR: 2.24e-07 | train loss 0.2053 acc 0.900 | val loss 0.4046 acc 0.844
[resnet50 trial7] Epoch  35/100 | LR: 2.24e-07 | train loss 0.1895 acc 0.902 | val loss 0.4082 acc 0.841
[resnet50 trial7] Epoch  36/100 | LR: 2.24e-07 | train loss 0.2170 acc 0.893 | val loss 0.3986 acc 0.837
[resnet50 trial7] Epoch  37/100 | LR: 2.24e-07 | train loss 0.1909 acc 0.911 | val loss 0.3883 acc 0.854 *
[resnet50 trial7] Epoch  38/100 | LR: 2.24e-07 | train loss 0.1848 acc 0.907 | val loss 0.4025 acc 0.856
[resnet50 trial7] Epoch  39/100 | LR: 2.24e-07 | train loss 0.1846 acc 0.900 | val loss 0.3962 acc 0.846
[resnet50 trial7] Epoch  40/100 | LR: 2.24e-07 | train loss 0.1938 acc 0.901 | val loss 0.3958 acc 0.851
[resnet50 trial7] Epoch  41/100 | LR: 2.24e-07 | train loss 0.1881 acc 0.907 | val loss 0.3988 acc 0.841
[resnet50 trial7] Epoch  42/100 | LR: 2.24e-07 | train loss 0.2191 acc 0.897 | val loss 0.3960 acc 0.844
[resnet50 trial7] Epoch  43/100 | LR: 2.24e-07 | train loss 0.1940 acc 0.905 | val loss 0.4101 acc 0.834
[resnet50 trial7] Epoch  44/100 | LR: 2.24e-07 | train loss 0.1964 acc 0.909 | val loss 0.4022 acc 0.839
[resnet50 trial7] Epoch  45/100 | LR: 2.24e-07 | train loss 0.2071 acc 0.897 | val loss 0.3970 acc 0.849
[resnet50 trial7] Epoch  46/100 | LR: 2.24e-07 | train loss 0.1903 acc 0.905 | val loss 0.3983 acc 0.844
[resnet50 trial7] Epoch  47/100 | LR: 2.24e-07 | train loss 0.1874 acc 0.911 | val loss 0.3941 acc 0.846

[resnet50 trial7] No val loss improvement for 10 epochs — stopping early at epoch 47.

[resnet50 trial7] Restored best checkpoint (val loss = 0.3883)
[14:37:06] [resnet50] trial 7 finished: best val_acc=0.8537 (at val_loss=0.3883)
[I 2026-09-22 14:37:06,309] Trial 7 finished with value: 0.8536585365853658 and parameters: {'hidden_layers': 1, 'neurons': 512, 'lr': 2.2410971619109514e-05, 'beta1': 0.970511942252347, 'step_size': 16, 'batch_size': 32}. Best is trial 1 with value: 0.8707317073170732.
[14:37:06] [resnet50] trial 8: H=2 N=2048 lr=9.08e-06 beta1=0.572 step_size=22 batch_size=8 (micro_batch=8, accum_steps=1)
[resnet50 trial8] Epoch   1/100 | LR: 9.08e-06 | train loss 1.3174 acc 0.452 | val loss 1.0758 acc 0.590 *
[resnet50 trial8] Epoch   2/100 | LR: 9.08e-06 | train loss 1.1643 acc 0.574 | val loss 0.9999 acc 0.615 *
[resnet50 trial8] Epoch   3/100 | LR: 9.08e-06 | train loss 1.0079 acc 0.599 | val loss 0.8966 acc 0.656 *
[resnet50 trial8] Epoch   4/100 | LR: 9.08e-06 | train loss 0.8357 acc 0.677 | val loss 0.8059 acc 0.656 *
[resnet50 trial8] Epoch   5/100 | LR: 9.08e-06 | train loss 0.7016 acc 0.702 | val loss 0.7094 acc 0.710 *
[resnet50 trial8] Epoch   6/100 | LR: 9.08e-06 | train loss 0.6218 acc 0.728 | val loss 0.6450 acc 0.720 *
[resnet50 trial8] Epoch   7/100 | LR: 9.08e-06 | train loss 0.5996 acc 0.762 | val loss 0.5897 acc 0.749 *
[I 2026-09-22 14:38:11,613] Trial 8 pruned. 
[14:38:11] [resnet50] trial 9: H=3 N=512 lr=2.31e-04 beta1=0.838 step_size=5 batch_size=96 (micro_batch=16, accum_steps=6)
[resnet50 trial9] Using gradient accumulation: 6 micro-batches per optimizer step (effective batch size ≈ micro_batch x 6).
[resnet50 trial9] Epoch   1/100 | LR: 2.31e-04 | train loss 1.2912 acc 0.438 | val loss 0.8104 acc 0.663 *
[resnet50 trial9] Epoch   2/100 | LR: 2.31e-04 | train loss 0.8882 acc 0.638 | val loss 0.7441 acc 0.710 *
[resnet50 trial9] Epoch   3/100 | LR: 2.31e-04 | train loss 0.6221 acc 0.719 | val loss 0.7484 acc 0.761
[resnet50 trial9] Epoch   4/100 | LR: 2.31e-04 | train loss 0.5219 acc 0.757 | val loss 0.5692 acc 0.780 *
[resnet50 trial9] Epoch   5/100 | LR: 2.31e-05 | train loss 0.4446 acc 0.817 | val loss 1.8005 acc 0.829
[resnet50 trial9] Epoch   6/100 | LR: 2.31e-05 | train loss 0.3291 acc 0.850 | val loss 0.8901 acc 0.846
[resnet50 trial9] Epoch   7/100 | LR: 2.31e-05 | train loss 0.3203 acc 0.852 | val loss 0.8077 acc 0.849
[resnet50 trial9] Epoch   8/100 | LR: 2.31e-05 | train loss 0.2899 acc 0.866 | val loss 1.1220 acc 0.859
[resnet50 trial9] Epoch   9/100 | LR: 2.31e-05 | train loss 0.2907 acc 0.865 | val loss 0.8826 acc 0.851
[resnet50 trial9] Epoch  10/100 | LR: 2.31e-06 | train loss 0.2329 acc 0.887 | val loss 0.6256 acc 0.859
[resnet50 trial9] Epoch  11/100 | LR: 2.31e-06 | train loss 0.2407 acc 0.897 | val loss 0.7903 acc 0.854
[resnet50 trial9] Epoch  12/100 | LR: 2.31e-06 | train loss 0.2273 acc 0.891 | val loss 0.7171 acc 0.861
[resnet50 trial9] Epoch  13/100 | LR: 2.31e-06 | train loss 0.2445 acc 0.887 | val loss 0.8639 acc 0.856
[resnet50 trial9] Epoch  14/100 | LR: 2.31e-06 | train loss 0.2448 acc 0.899 | val loss 0.9826 acc 0.849

[resnet50 trial9] No val loss improvement for 10 epochs — stopping early at epoch 14.

[resnet50 trial9] Restored best checkpoint (val loss = 0.5692)
[14:39:40] [resnet50] trial 9 finished: best val_acc=0.7805 (at val_loss=0.5692)
[I 2026-09-22 14:39:40,300] Trial 9 finished with value: 0.7804878048780488 and parameters: {'hidden_layers': 3, 'neurons': 512, 'lr': 0.00023097861492693574, 'beta1': 0.8381046165592989, 'step_size': 5, 'batch_size': 96}. Best is trial 1 with value: 0.8707317073170732.
[14:39:40] [resnet50] trial 10: H=2 N=2048 lr=6.20e-03 beta1=0.629 step_size=14 batch_size=96 (micro_batch=16, accum_steps=6)
[resnet50 trial10] Using gradient accumulation: 6 micro-batches per optimizer step (effective batch size ≈ micro_batch x 6).
[resnet50 trial10] Epoch   1/100 | LR: 6.20e-03 | train loss 8.6491 acc 0.278 | val loss 9.5659 acc 0.441 *
[resnet50 trial10] Epoch   2/100 | LR: 6.20e-03 | train loss 1.3417 acc 0.389 | val loss 1.4115 acc 0.185 *
[resnet50 trial10] Epoch   3/100 | LR: 6.20e-03 | train loss 1.1984 acc 0.389 | val loss 1.1493 acc 0.339 *
[resnet50 trial10] Epoch   4/100 | LR: 6.20e-03 | train loss 1.1702 acc 0.417 | val loss 1.0742 acc 0.473 *
[resnet50 trial10] Epoch   5/100 | LR: 6.20e-03 | train loss 1.0845 acc 0.466 | val loss 1.1552 acc 0.493
[I 2026-09-22 14:40:12,678] Trial 10 pruned. 
[14:40:12] [resnet50] trial 11: H=2 N=2048 lr=3.77e-04 beta1=0.875 step_size=17 batch_size=96 (micro_batch=16, accum_steps=6)
[resnet50 trial11] Using gradient accumulation: 6 micro-batches per optimizer step (effective batch size ≈ micro_batch x 6).
[resnet50 trial11] Epoch   1/100 | LR: 3.77e-04 | train loss 1.0969 acc 0.518 | val loss 0.9465 acc 0.666 *
[resnet50 trial11] Epoch   2/100 | LR: 3.77e-04 | train loss 0.7266 acc 0.677 | val loss 0.6404 acc 0.729 *
[resnet50 trial11] Epoch   3/100 | LR: 3.77e-04 | train loss 0.5592 acc 0.757 | val loss 0.5183 acc 0.800 *
[resnet50 trial11] Epoch   4/100 | LR: 3.77e-04 | train loss 0.5178 acc 0.770 | val loss 0.7247 acc 0.751
[resnet50 trial11] Epoch   5/100 | LR: 3.77e-04 | train loss 0.3980 acc 0.815 | val loss 0.5041 acc 0.802 *
[resnet50 trial11] Epoch   6/100 | LR: 3.77e-04 | train loss 0.3381 acc 0.855 | val loss 0.4747 acc 0.839 *
[resnet50 trial11] Epoch   7/100 | LR: 3.77e-04 | train loss 0.3413 acc 0.868 | val loss 0.4025 acc 0.837 *
[resnet50 trial11] Epoch   8/100 | LR: 3.77e-04 | train loss 0.3469 acc 0.852 | val loss 0.4468 acc 0.820
[resnet50 trial11] Epoch   9/100 | LR: 3.77e-04 | train loss 0.2583 acc 0.885 | val loss 0.4162 acc 0.854
[resnet50 trial11] Epoch  10/100 | LR: 3.77e-04 | train loss 0.2716 acc 0.878 | val loss 0.5050 acc 0.812
[resnet50 trial11] Epoch  11/100 | LR: 3.77e-04 | train loss 0.2239 acc 0.899 | val loss 0.5720 acc 0.839
[resnet50 trial11] Epoch  12/100 | LR: 3.77e-04 | train loss 0.2084 acc 0.910 | val loss 0.3908 acc 0.861 *
[resnet50 trial11] Epoch  13/100 | LR: 3.77e-04 | train loss 0.2111 acc 0.916 | val loss 0.4013 acc 0.871
[resnet50 trial11] Epoch  14/100 | LR: 3.77e-04 | train loss 0.1804 acc 0.922 | val loss 0.4157 acc 0.866
[resnet50 trial11] Epoch  15/100 | LR: 3.77e-04 | train loss 0.1480 acc 0.939 | val loss 0.4697 acc 0.854
[resnet50 trial11] Epoch  16/100 | LR: 3.77e-04 | train loss 0.1593 acc 0.940 | val loss 0.4055 acc 0.851
[resnet50 trial11] Epoch  17/100 | LR: 3.77e-05 | train loss 0.1189 acc 0.952 | val loss 0.4413 acc 0.856
[resnet50 trial11] Epoch  18/100 | LR: 3.77e-05 | train loss 0.0912 acc 0.959 | val loss 0.3615 acc 0.868 *
[resnet50 trial11] Epoch  19/100 | LR: 3.77e-05 | train loss 0.0662 acc 0.972 | val loss 0.3594 acc 0.880 *
[resnet50 trial11] Epoch  20/100 | LR: 3.77e-05 | train loss 0.0671 acc 0.975 | val loss 0.3458 acc 0.890 *
[resnet50 trial11] Epoch  21/100 | LR: 3.77e-05 | train loss 0.0396 acc 0.984 | val loss 0.3687 acc 0.893
[resnet50 trial11] Epoch  22/100 | LR: 3.77e-05 | train loss 0.0334 acc 0.988 | val loss 0.3789 acc 0.885
[resnet50 trial11] Epoch  23/100 | LR: 3.77e-05 | train loss 0.0502 acc 0.976 | val loss 0.3830 acc 0.890
[resnet50 trial11] Epoch  24/100 | LR: 3.77e-05 | train loss 0.0340 acc 0.988 | val loss 0.3831 acc 0.880
[resnet50 trial11] Epoch  25/100 | LR: 3.77e-05 | train loss 0.0316 acc 0.988 | val loss 0.4387 acc 0.885
[resnet50 trial11] Epoch  26/100 | LR: 3.77e-05 | train loss 0.0241 acc 0.989 | val loss 0.3971 acc 0.898
[resnet50 trial11] Epoch  27/100 | LR: 3.77e-05 | train loss 0.0237 acc 0.991 | val loss 0.4106 acc 0.898
[resnet50 trial11] Epoch  28/100 | LR: 3.77e-05 | train loss 0.0154 acc 0.993 | val loss 0.4111 acc 0.898
[resnet50 trial11] Epoch  29/100 | LR: 3.77e-05 | train loss 0.0136 acc 0.995 | val loss 0.4149 acc 0.900
[resnet50 trial11] Epoch  30/100 | LR: 3.77e-05 | train loss 0.0235 acc 0.990 | val loss 0.4303 acc 0.883

[resnet50 trial11] No val loss improvement for 10 epochs — stopping early at epoch 30.

[resnet50 trial11] Restored best checkpoint (val loss = 0.3458)
[14:43:24] [resnet50] trial 11 finished: best val_acc=0.8902 (at val_loss=0.3458)
[I 2026-09-22 14:43:24,627] Trial 11 finished with value: 0.8902439024390244 and parameters: {'hidden_layers': 2, 'neurons': 2048, 'lr': 0.0003773511064031977, 'beta1': 0.874754846544932, 'step_size': 17, 'batch_size': 96}. Best is trial 11 with value: 0.8902439024390244.
[14:43:24] [resnet50] trial 12: H=0 N=2048 lr=3.46e-04 beta1=0.788 step_size=25 batch_size=96 (micro_batch=16, accum_steps=6)
[resnet50 trial12] Using gradient accumulation: 6 micro-batches per optimizer step (effective batch size ≈ micro_batch x 6).
[resnet50 trial12] Epoch   1/100 | LR: 3.46e-04 | train loss 1.0529 acc 0.558 | val loss 0.6005 acc 0.763 *
[resnet50 trial12] Epoch   2/100 | LR: 3.46e-04 | train loss 0.6146 acc 0.725 | val loss 0.5925 acc 0.771 *
[resnet50 trial12] Epoch   3/100 | LR: 3.46e-04 | train loss 0.5104 acc 0.770 | val loss 0.4733 acc 0.822 *
[resnet50 trial12] Epoch   4/100 | LR: 3.46e-04 | train loss 0.4787 acc 0.807 | val loss 0.4339 acc 0.827 *
[resnet50 trial12] Epoch   5/100 | LR: 3.46e-04 | train loss 0.3662 acc 0.845 | val loss 0.3858 acc 0.839 *
[resnet50 trial12] Epoch   6/100 | LR: 3.46e-04 | train loss 0.3257 acc 0.865 | val loss 0.4398 acc 0.815
[resnet50 trial12] Epoch   7/100 | LR: 3.46e-04 | train loss 0.2879 acc 0.880 | val loss 0.3675 acc 0.868 *
[resnet50 trial12] Epoch   8/100 | LR: 3.46e-04 | train loss 0.2676 acc 0.889 | val loss 0.4219 acc 0.829
[resnet50 trial12] Epoch   9/100 | LR: 3.46e-04 | train loss 0.2228 acc 0.904 | val loss 0.3227 acc 0.861 *
[resnet50 trial12] Epoch  10/100 | LR: 3.46e-04 | train loss 0.2167 acc 0.905 | val loss 0.3553 acc 0.854
[resnet50 trial12] Epoch  11/100 | LR: 3.46e-04 | train loss 0.2168 acc 0.910 | val loss 0.4332 acc 0.854
[resnet50 trial12] Epoch  12/100 | LR: 3.46e-04 | train loss 0.2218 acc 0.910 | val loss 0.4843 acc 0.820
[resnet50 trial12] Epoch  13/100 | LR: 3.46e-04 | train loss 0.2084 acc 0.920 | val loss 0.4253 acc 0.866
[resnet50 trial12] Epoch  14/100 | LR: 3.46e-04 | train loss 0.2149 acc 0.914 | val loss 0.3255 acc 0.873
[resnet50 trial12] Epoch  15/100 | LR: 3.46e-04 | train loss 0.1765 acc 0.930 | val loss 0.3900 acc 0.863
[resnet50 trial12] Epoch  16/100 | LR: 3.46e-04 | train loss 0.1306 acc 0.940 | val loss 0.4057 acc 0.859
[resnet50 trial12] Epoch  17/100 | LR: 3.46e-04 | train loss 0.1120 acc 0.949 | val loss 0.4117 acc 0.880
[resnet50 trial12] Epoch  18/100 | LR: 3.46e-04 | train loss 0.0858 acc 0.964 | val loss 0.4278 acc 0.861
[resnet50 trial12] Epoch  19/100 | LR: 3.46e-04 | train loss 0.0744 acc 0.970 | val loss 0.3687 acc 0.863

[resnet50 trial12] No val loss improvement for 10 epochs — stopping early at epoch 19.

[resnet50 trial12] Restored best checkpoint (val loss = 0.3227)
[14:45:24] [resnet50] trial 12 finished: best val_acc=0.8610 (at val_loss=0.3227)
[I 2026-09-22 14:45:24,191] Trial 12 finished with value: 0.8609756097560975 and parameters: {'hidden_layers': 0, 'neurons': 2048, 'lr': 0.00034609727009887, 'beta1': 0.7878637747542153, 'step_size': 25, 'batch_size': 96}. Best is trial 11 with value: 0.8902439024390244.
[14:45:24] [resnet50] trial 13: H=2 N=2048 lr=4.25e-04 beta1=0.925 step_size=17 batch_size=96 (micro_batch=16, accum_steps=6)
[resnet50 trial13] Using gradient accumulation: 6 micro-batches per optimizer step (effective batch size ≈ micro_batch x 6).
[resnet50 trial13] Epoch   1/100 | LR: 4.25e-04 | train loss 1.1691 acc 0.472 | val loss 0.7986 acc 0.712 *
[resnet50 trial13] Epoch   2/100 | LR: 4.25e-04 | train loss 0.7076 acc 0.680 | val loss 0.7285 acc 0.729 *
[resnet50 trial13] Epoch   3/100 | LR: 4.25e-04 | train loss 0.6395 acc 0.726 | val loss 0.5366 acc 0.763 *
[resnet50 trial13] Epoch   4/100 | LR: 4.25e-04 | train loss 0.5647 acc 0.762 | val loss 0.5032 acc 0.805 *
[resnet50 trial13] Epoch   5/100 | LR: 4.25e-04 | train loss 0.4529 acc 0.789 | val loss 0.4892 acc 0.800 *
[resnet50 trial13] Epoch   6/100 | LR: 4.25e-04 | train loss 0.4129 acc 0.817 | val loss 0.4059 acc 0.849 *
[resnet50 trial13] Epoch   7/100 | LR: 4.25e-04 | train loss 0.3353 acc 0.848 | val loss 0.5146 acc 0.822
[resnet50 trial13] Epoch   8/100 | LR: 4.25e-04 | train loss 0.3083 acc 0.857 | val loss 0.4204 acc 0.844
[resnet50 trial13] Epoch   9/100 | LR: 4.25e-04 | train loss 0.2565 acc 0.889 | val loss 0.3191 acc 0.873 *
[resnet50 trial13] Epoch  10/100 | LR: 4.25e-04 | train loss 0.2979 acc 0.886 | val loss 0.4423 acc 0.834
[resnet50 trial13] Epoch  11/100 | LR: 4.25e-04 | train loss 0.2654 acc 0.886 | val loss 0.5277 acc 0.854
[resnet50 trial13] Epoch  12/100 | LR: 4.25e-04 | train loss 0.2725 acc 0.888 | val loss 0.3871 acc 0.871
[resnet50 trial13] Epoch  13/100 | LR: 4.25e-04 | train loss 0.2607 acc 0.901 | val loss 0.3576 acc 0.890
[resnet50 trial13] Epoch  14/100 | LR: 4.25e-04 | train loss 0.2365 acc 0.907 | val loss 0.3828 acc 0.876
[resnet50 trial13] Epoch  15/100 | LR: 4.25e-04 | train loss 0.1690 acc 0.926 | val loss 0.4977 acc 0.851
[resnet50 trial13] Epoch  16/100 | LR: 4.25e-04 | train loss 0.1467 acc 0.932 | val loss 0.3637 acc 0.883
[resnet50 trial13] Epoch  17/100 | LR: 4.25e-05 | train loss 0.1364 acc 0.936 | val loss 0.5130 acc 0.866
[resnet50 trial13] Epoch  18/100 | LR: 4.25e-05 | train loss 0.1198 acc 0.954 | val loss 0.4580 acc 0.895
[resnet50 trial13] Epoch  19/100 | LR: 4.25e-05 | train loss 0.0804 acc 0.969 | val loss 0.4532 acc 0.883

[resnet50 trial13] No val loss improvement for 10 epochs — stopping early at epoch 19.

[resnet50 trial13] Restored best checkpoint (val loss = 0.3191)
[14:47:25] [resnet50] trial 13 finished: best val_acc=0.8732 (at val_loss=0.3191)
[I 2026-09-22 14:47:25,491] Trial 13 finished with value: 0.8731707317073171 and parameters: {'hidden_layers': 2, 'neurons': 2048, 'lr': 0.000424971444365031, 'beta1': 0.9253075366782981, 'step_size': 17, 'batch_size': 96}. Best is trial 11 with value: 0.8902439024390244.
[14:47:25] [resnet50] trial 14: H=2 N=2048 lr=1.21e-03 beta1=0.891 step_size=17 batch_size=96 (micro_batch=16, accum_steps=6)
[resnet50 trial14] Using gradient accumulation: 6 micro-batches per optimizer step (effective batch size ≈ micro_batch x 6).
[resnet50 trial14] Epoch   1/100 | LR: 1.21e-03 | train loss 1.2122 acc 0.473 | val loss 0.8463 acc 0.639 *
[resnet50 trial14] Epoch   2/100 | LR: 1.21e-03 | train loss 0.9316 acc 0.599 | val loss 0.7547 acc 0.712 *
[resnet50 trial14] Epoch   3/100 | LR: 1.21e-03 | train loss 0.8257 acc 0.622 | val loss 0.6838 acc 0.739 *
[resnet50 trial14] Epoch   4/100 | LR: 1.21e-03 | train loss 0.6567 acc 0.724 | val loss 0.6824 acc 0.690 *
[resnet50 trial14] Epoch   5/100 | LR: 1.21e-03 | train loss 0.6416 acc 0.743 | val loss 0.5548 acc 0.746 *
[resnet50 trial14] Epoch   6/100 | LR: 1.21e-03 | train loss 0.5828 acc 0.758 | val loss 0.5333 acc 0.800 *
[resnet50 trial14] Epoch   7/100 | LR: 1.21e-03 | train loss 0.5283 acc 0.787 | val loss 0.4737 acc 0.805 *
[resnet50 trial14] Epoch   8/100 | LR: 1.21e-03 | train loss 0.4938 acc 0.779 | val loss 0.5116 acc 0.807
[resnet50 trial14] Epoch   9/100 | LR: 1.21e-03 | train loss 0.5054 acc 0.792 | val loss 0.6848 acc 0.727
[resnet50 trial14] Epoch  10/100 | LR: 1.21e-03 | train loss 0.5084 acc 0.801 | val loss 0.6545 acc 0.768
[resnet50 trial14] Epoch  11/100 | LR: 1.21e-03 | train loss 0.4972 acc 0.797 | val loss 0.5086 acc 0.815
[resnet50 trial14] Epoch  12/100 | LR: 1.21e-03 | train loss 0.3865 acc 0.829 | val loss 0.6318 acc 0.820
[resnet50 trial14] Epoch  13/100 | LR: 1.21e-03 | train loss 0.3759 acc 0.849 | val loss 0.6219 acc 0.795
[resnet50 trial14] Epoch  14/100 | LR: 1.21e-03 | train loss 0.4104 acc 0.833 | val loss 0.5712 acc 0.800
[I 2026-09-22 14:48:55,014] Trial 14 pruned. 
[14:48:55] [resnet50] trial 15: H=2 N=2048 lr=5.07e-04 beta1=0.745 step_size=11 batch_size=24 (micro_batch=16, accum_steps=2)
[resnet50 trial15] Using gradient accumulation: 2 micro-batches per optimizer step (effective batch size ≈ micro_batch x 2).
[resnet50 trial15] Epoch   1/100 | LR: 5.07e-04 | train loss 1.0535 acc 0.511 | val loss 0.8475 acc 0.620 *
[resnet50 trial15] Epoch   2/100 | LR: 5.07e-04 | train loss 0.7960 acc 0.663 | val loss 0.6544 acc 0.749 *
[resnet50 trial15] Epoch   3/100 | LR: 5.07e-04 | train loss 0.6845 acc 0.710 | val loss 0.5530 acc 0.788 *
[resnet50 trial15] Epoch   4/100 | LR: 5.07e-04 | train loss 0.6014 acc 0.768 | val loss 0.5887 acc 0.783
[resnet50 trial15] Epoch   5/100 | LR: 5.07e-04 | train loss 0.5580 acc 0.768 | val loss 0.6147 acc 0.768
[resnet50 trial15] Epoch   6/100 | LR: 5.07e-04 | train loss 0.5037 acc 0.794 | val loss 0.6305 acc 0.759
[resnet50 trial15] Epoch   7/100 | LR: 5.07e-04 | train loss 0.4837 acc 0.794 | val loss 0.3984 acc 0.868 *
[resnet50 trial15] Epoch   8/100 | LR: 5.07e-04 | train loss 0.4059 acc 0.845 | val loss 0.8168 acc 0.705
[resnet50 trial15] Epoch   9/100 | LR: 5.07e-04 | train loss 0.4166 acc 0.843 | val loss 0.4589 acc 0.824
[resnet50 trial15] Epoch  10/100 | LR: 5.07e-04 | train loss 0.4352 acc 0.835 | val loss 0.5008 acc 0.839
[resnet50 trial15] Epoch  11/100 | LR: 5.07e-05 | train loss 0.3715 acc 0.850 | val loss 0.4606 acc 0.827
[resnet50 trial15] Epoch  12/100 | LR: 5.07e-05 | train loss 0.2760 acc 0.891 | val loss 0.3443 acc 0.866 *
[resnet50 trial15] Epoch  13/100 | LR: 5.07e-05 | train loss 0.2050 acc 0.910 | val loss 0.3700 acc 0.861
[resnet50 trial15] Epoch  14/100 | LR: 5.07e-05 | train loss 0.2031 acc 0.914 | val loss 0.3511 acc 0.873
[resnet50 trial15] Epoch  15/100 | LR: 5.07e-05 | train loss 0.1743 acc 0.929 | val loss 0.3454 acc 0.873
[resnet50 trial15] Epoch  16/100 | LR: 5.07e-05 | train loss 0.1568 acc 0.930 | val loss 0.3706 acc 0.885
[resnet50 trial15] Epoch  17/100 | LR: 5.07e-05 | train loss 0.1269 acc 0.939 | val loss 0.3389 acc 0.885 *
[resnet50 trial15] Epoch  18/100 | LR: 5.07e-05 | train loss 0.1497 acc 0.933 | val loss 0.3701 acc 0.883
[resnet50 trial15] Epoch  19/100 | LR: 5.07e-05 | train loss 0.1211 acc 0.939 | val loss 0.3618 acc 0.878
[resnet50 trial15] Epoch  20/100 | LR: 5.07e-05 | train loss 0.1141 acc 0.946 | val loss 0.3622 acc 0.885
[resnet50 trial15] Epoch  21/100 | LR: 5.07e-05 | train loss 0.1029 acc 0.957 | val loss 0.3739 acc 0.883
[resnet50 trial15] Epoch  22/100 | LR: 5.07e-06 | train loss 0.0904 acc 0.953 | val loss 0.3814 acc 0.873
[resnet50 trial15] Epoch  23/100 | LR: 5.07e-06 | train loss 0.0874 acc 0.964 | val loss 0.3685 acc 0.885
[resnet50 trial15] Epoch  24/100 | LR: 5.07e-06 | train loss 0.0665 acc 0.964 | val loss 0.3693 acc 0.883
[resnet50 trial15] Epoch  25/100 | LR: 5.07e-06 | train loss 0.0724 acc 0.962 | val loss 0.3775 acc 0.885
[resnet50 trial15] Epoch  26/100 | LR: 5.07e-06 | train loss 0.0862 acc 0.972 | val loss 0.3813 acc 0.878
[resnet50 trial15] Epoch  27/100 | LR: 5.07e-06 | train loss 0.0622 acc 0.966 | val loss 0.3865 acc 0.888

[resnet50 trial15] No val loss improvement for 10 epochs — stopping early at epoch 27.

[resnet50 trial15] Restored best checkpoint (val loss = 0.3389)
[14:51:54] [resnet50] trial 15 finished: best val_acc=0.8854 (at val_loss=0.3389)
[I 2026-09-22 14:51:54,418] Trial 15 finished with value: 0.8853658536585366 and parameters: {'hidden_layers': 2, 'neurons': 2048, 'lr': 0.000507146865898151, 'beta1': 0.7446405678641852, 'step_size': 11, 'batch_size': 24}. Best is trial 11 with value: 0.8902439024390244.
[14:51:54] [resnet50] trial 16: H=3 N=2048 lr=2.50e-03 beta1=0.717 step_size=14 batch_size=24 (micro_batch=16, accum_steps=2)
[resnet50 trial16] Using gradient accumulation: 2 micro-batches per optimizer step (effective batch size ≈ micro_batch x 2).
[resnet50 trial16] Epoch   1/100 | LR: 2.50e-03 | train loss 1.4257 acc 0.356 | val loss 1.3417 acc 0.334 *
[resnet50 trial16] Epoch   2/100 | LR: 2.50e-03 | train loss 1.3871 acc 0.299 | val loss 1.3723 acc 0.437
[resnet50 trial16] Epoch   3/100 | LR: 2.50e-03 | train loss 1.3927 acc 0.446 | val loss 1.4872 acc 0.107
[resnet50 trial16] Epoch   4/100 | LR: 2.50e-03 | train loss 1.3839 acc 0.378 | val loss 1.3195 acc 0.407 *
[resnet50 trial16] Epoch   5/100 | LR: 2.50e-03 | train loss 1.4342 acc 0.296 | val loss 1.3069 acc 0.441 *
[I 2026-09-22 14:52:28,556] Trial 16 pruned. 
[14:52:28] [resnet50] trial 17: H=2 N=512 lr=6.73e-04 beta1=0.778 step_size=24 batch_size=32 (micro_batch=16, accum_steps=2)
[resnet50 trial17] Using gradient accumulation: 2 micro-batches per optimizer step (effective batch size ≈ micro_batch x 2).
[resnet50 trial17] Epoch   1/100 | LR: 6.73e-04 | train loss 1.0562 acc 0.509 | val loss 1.0636 acc 0.624 *
[resnet50 trial17] Epoch   2/100 | LR: 6.73e-04 | train loss 0.8415 acc 0.632 | val loss 0.6653 acc 0.737 *
[resnet50 trial17] Epoch   3/100 | LR: 6.73e-04 | train loss 0.7483 acc 0.692 | val loss 0.8153 acc 0.700
[resnet50 trial17] Epoch   4/100 | LR: 6.73e-04 | train loss 0.6898 acc 0.713 | val loss 0.7173 acc 0.705
[resnet50 trial17] Epoch   5/100 | LR: 6.73e-04 | train loss 0.6097 acc 0.748 | val loss 0.4872 acc 0.815 *
[resnet50 trial17] Epoch   6/100 | LR: 6.73e-04 | train loss 0.5978 acc 0.760 | val loss 0.5550 acc 0.776
[resnet50 trial17] Epoch   7/100 | LR: 6.73e-04 | train loss 0.5288 acc 0.783 | val loss 0.5886 acc 0.773
[resnet50 trial17] Epoch   8/100 | LR: 6.73e-04 | train loss 0.4730 acc 0.800 | val loss 0.5172 acc 0.793
[resnet50 trial17] Epoch   9/100 | LR: 6.73e-04 | train loss 0.4294 acc 0.817 | val loss 0.5232 acc 0.778
[resnet50 trial17] Epoch  10/100 | LR: 6.73e-04 | train loss 0.4613 acc 0.814 | val loss 0.3895 acc 0.846 *
[resnet50 trial17] Epoch  11/100 | LR: 6.73e-04 | train loss 0.4700 acc 0.811 | val loss 0.5288 acc 0.771
[resnet50 trial17] Epoch  12/100 | LR: 6.73e-04 | train loss 0.4045 acc 0.827 | val loss 0.6085 acc 0.780
[resnet50 trial17] Epoch  13/100 | LR: 6.73e-04 | train loss 0.3591 acc 0.850 | val loss 0.5455 acc 0.812
[resnet50 trial17] Epoch  14/100 | LR: 6.73e-04 | train loss 0.4006 acc 0.834 | val loss 0.4314 acc 0.829
[resnet50 trial17] Epoch  15/100 | LR: 6.73e-04 | train loss 0.4430 acc 0.814 | val loss 0.4568 acc 0.822
[resnet50 trial17] Epoch  16/100 | LR: 6.73e-04 | train loss 0.3551 acc 0.849 | val loss 0.4014 acc 0.868
[resnet50 trial17] Epoch  17/100 | LR: 6.73e-04 | train loss 0.2987 acc 0.874 | val loss 0.4968 acc 0.807
[resnet50 trial17] Epoch  18/100 | LR: 6.73e-04 | train loss 0.3714 acc 0.834 | val loss 0.4196 acc 0.856
[resnet50 trial17] Epoch  19/100 | LR: 6.73e-04 | train loss 0.2932 acc 0.876 | val loss 0.7007 acc 0.773
[resnet50 trial17] Epoch  20/100 | LR: 6.73e-04 | train loss 0.2758 acc 0.880 | val loss 0.4573 acc 0.841

[resnet50 trial17] No val loss improvement for 10 epochs — stopping early at epoch 20.

[resnet50 trial17] Restored best checkpoint (val loss = 0.3895)
[14:54:38] [resnet50] trial 17 finished: best val_acc=0.8463 (at val_loss=0.3895)
[I 2026-09-22 14:54:38,720] Trial 17 finished with value: 0.8463414634146341 and parameters: {'hidden_layers': 2, 'neurons': 512, 'lr': 0.0006727251291833523, 'beta1': 0.7780852801521656, 'step_size': 24, 'batch_size': 32}. Best is trial 11 with value: 0.8902439024390244.
[14:54:38] [resnet50] trial 18: H=2 N=2048 lr=2.35e-04 beta1=0.728 step_size=11 batch_size=16 (micro_batch=16, accum_steps=1)
[resnet50 trial18] Epoch   1/100 | LR: 2.35e-04 | train loss 0.9987 acc 0.585 | val loss 0.5949 acc 0.780 *
[resnet50 trial18] Epoch   2/100 | LR: 2.35e-04 | train loss 0.7276 acc 0.694 | val loss 0.4802 acc 0.810 *
[resnet50 trial18] Epoch   3/100 | LR: 2.35e-04 | train loss 0.5934 acc 0.743 | val loss 0.4691 acc 0.810 *
[resnet50 trial18] Epoch   4/100 | LR: 2.35e-04 | train loss 0.5344 acc 0.781 | val loss 0.5269 acc 0.817
[resnet50 trial18] Epoch   5/100 | LR: 2.35e-04 | train loss 0.4803 acc 0.814 | val loss 0.6097 acc 0.798
[resnet50 trial18] Epoch   6/100 | LR: 2.35e-04 | train loss 0.4215 acc 0.826 | val loss 0.4259 acc 0.849 *
[resnet50 trial18] Epoch   7/100 | LR: 2.35e-04 | train loss 0.4188 acc 0.846 | val loss 0.4609 acc 0.849
[resnet50 trial18] Epoch   8/100 | LR: 2.35e-04 | train loss 0.3718 acc 0.863 | val loss 0.4368 acc 0.839
[resnet50 trial18] Epoch   9/100 | LR: 2.35e-04 | train loss 0.2972 acc 0.884 | val loss 0.4367 acc 0.841
[resnet50 trial18] Epoch  10/100 | LR: 2.35e-04 | train loss 0.3130 acc 0.884 | val loss 0.4876 acc 0.780
[resnet50 trial18] Epoch  11/100 | LR: 2.35e-05 | train loss 0.3060 acc 0.867 | val loss 0.4520 acc 0.868
[resnet50 trial18] Epoch  12/100 | LR: 2.35e-05 | train loss 0.1965 acc 0.905 | val loss 0.3367 acc 0.878 *
[resnet50 trial18] Epoch  13/100 | LR: 2.35e-05 | train loss 0.1581 acc 0.927 | val loss 0.3369 acc 0.885
[resnet50 trial18] Epoch  14/100 | LR: 2.35e-05 | train loss 0.1109 acc 0.950 | val loss 0.3390 acc 0.883
[resnet50 trial18] Epoch  15/100 | LR: 2.35e-05 | train loss 0.1003 acc 0.955 | val loss 0.3562 acc 0.876
[resnet50 trial18] Epoch  16/100 | LR: 2.35e-05 | train loss 0.0999 acc 0.955 | val loss 0.3620 acc 0.876
[resnet50 trial18] Epoch  17/100 | LR: 2.35e-05 | train loss 0.0769 acc 0.963 | val loss 0.3556 acc 0.868
[resnet50 trial18] Epoch  18/100 | LR: 2.35e-05 | train loss 0.0757 acc 0.964 | val loss 0.3606 acc 0.878
[resnet50 trial18] Epoch  19/100 | LR: 2.35e-05 | train loss 0.0653 acc 0.975 | val loss 0.3582 acc 0.883
[resnet50 trial18] Epoch  20/100 | LR: 2.35e-05 | train loss 0.0732 acc 0.969 | val loss 0.3614 acc 0.893
[resnet50 trial18] Epoch  21/100 | LR: 2.35e-05 | train loss 0.0561 acc 0.978 | val loss 0.3864 acc 0.880
[resnet50 trial18] Epoch  22/100 | LR: 2.35e-06 | train loss 0.0584 acc 0.975 | val loss 0.3767 acc 0.890

[resnet50 trial18] No val loss improvement for 10 epochs — stopping early at epoch 22.

[resnet50 trial18] Restored best checkpoint (val loss = 0.3367)
[14:57:14] [resnet50] trial 18 finished: best val_acc=0.8780 (at val_loss=0.3367)
[I 2026-09-22 14:57:14,157] Trial 18 finished with value: 0.8780487804878049 and parameters: {'hidden_layers': 2, 'neurons': 2048, 'lr': 0.00023502825094637612, 'beta1': 0.7280385037709799, 'step_size': 11, 'batch_size': 16}. Best is trial 11 with value: 0.8902439024390244.
[14:57:14] [resnet50] trial 19: H=1 N=2048 lr=5.91e-04 beta1=0.910 step_size=30 batch_size=96 (micro_batch=16, accum_steps=6)
[resnet50 trial19] Using gradient accumulation: 6 micro-batches per optimizer step (effective batch size ≈ micro_batch x 6).
[resnet50 trial19] Epoch   1/100 | LR: 5.91e-04 | train loss 0.9855 acc 0.509 | val loss 0.7708 acc 0.680 *
[resnet50 trial19] Epoch   2/100 | LR: 5.91e-04 | train loss 0.6484 acc 0.728 | val loss 0.6643 acc 0.746 *
[resnet50 trial19] Epoch   3/100 | LR: 5.91e-04 | train loss 0.5527 acc 0.759 | val loss 0.4894 acc 0.817 *
[resnet50 trial19] Epoch   4/100 | LR: 5.91e-04 | train loss 0.4322 acc 0.806 | val loss 0.4229 acc 0.815 *
[resnet50 trial19] Epoch   5/100 | LR: 5.91e-04 | train loss 0.3692 acc 0.849 | val loss 0.4571 acc 0.815
[resnet50 trial19] Epoch   6/100 | LR: 5.91e-04 | train loss 0.3541 acc 0.853 | val loss 0.4309 acc 0.846
[resnet50 trial19] Epoch   7/100 | LR: 5.91e-04 | train loss 0.3523 acc 0.856 | val loss 0.3640 acc 0.863 *
[resnet50 trial19] Epoch   8/100 | LR: 5.91e-04 | train loss 0.2937 acc 0.876 | val loss 0.4948 acc 0.822
[resnet50 trial19] Epoch   9/100 | LR: 5.91e-04 | train loss 0.3117 acc 0.862 | val loss 0.4674 acc 0.822
[resnet50 trial19] Epoch  10/100 | LR: 5.91e-04 | train loss 0.2911 acc 0.866 | val loss 0.5451 acc 0.815
[resnet50 trial19] Epoch  11/100 | LR: 5.91e-04 | train loss 0.2762 acc 0.898 | val loss 0.4478 acc 0.849
[resnet50 trial19] Epoch  12/100 | LR: 5.91e-04 | train loss 0.2439 acc 0.893 | val loss 0.4861 acc 0.849
[resnet50 trial19] Epoch  13/100 | LR: 5.91e-04 | train loss 0.2560 acc 0.895 | val loss 0.4362 acc 0.841
[resnet50 trial19] Epoch  14/100 | LR: 5.91e-04 | train loss 0.2434 acc 0.900 | val loss 0.3931 acc 0.856
[resnet50 trial19] Epoch  15/100 | LR: 5.91e-04 | train loss 0.1838 acc 0.922 | val loss 0.5573 acc 0.815
[resnet50 trial19] Epoch  16/100 | LR: 5.91e-04 | train loss 0.1830 acc 0.923 | val loss 0.5300 acc 0.839
[resnet50 trial19] Epoch  17/100 | LR: 5.91e-04 | train loss 0.1485 acc 0.939 | val loss 0.5545 acc 0.839

[resnet50 trial19] No val loss improvement for 10 epochs — stopping early at epoch 17.

[resnet50 trial19] Restored best checkpoint (val loss = 0.3640)
[14:59:01] [resnet50] trial 19 finished: best val_acc=0.8634 (at val_loss=0.3640)
[I 2026-09-22 14:59:01,756] Trial 19 finished with value: 0.8634146341463415 and parameters: {'hidden_layers': 1, 'neurons': 2048, 'lr': 0.0005909948462519121, 'beta1': 0.9101190552205806, 'step_size': 30, 'batch_size': 96}. Best is trial 11 with value: 0.8902439024390244.
[14:59:01] === resnet50 done: 15 completed, 5 pruned. Best trial #11: val_acc=0.8902 params={'hidden_layers': 2, 'neurons': 2048, 'lr': 0.0003773511064031977, 'beta1': 0.874754846544932, 'step_size': 17, 'batch_size': 96} ===
[14:59:01] Saved tuned hyperparameters for resnet50 to tuned_hyperparams.json
[14:59:01] [resnet50] finished in 67.1 min
[I 2026-09-22 14:59:01,784] A new study created in RDB with name: convnext_tiny_tune
[14:59:01] === convnext_tiny: 0/20 trials already recorded, 20 remaining, img_size=(224, 224) ===
[14:59:01] [convnext_tiny] trial 0: H=1 N=512 lr=2.92e-03 beta1=0.800 step_size=30 batch_size=16 (micro_batch=16, accum_steps=1)
[convnext_tiny trial0] Epoch   1/100 | LR: 2.92e-03 | train loss 1.5020 acc 0.260 | val loss 1.3166 acc 0.429 *
[convnext_tiny trial0] Epoch   2/100 | LR: 2.92e-03 | train loss 1.3879 acc 0.376 | val loss 1.3187 acc 0.429
[convnext_tiny trial0] Epoch   3/100 | LR: 2.92e-03 | train loss 1.3839 acc 0.410 | val loss 1.3666 acc 0.429
[convnext_tiny trial0] Epoch   4/100 | LR: 2.92e-03 | train loss 1.3887 acc 0.409 | val loss 1.3657 acc 0.429
[convnext_tiny trial0] Epoch   5/100 | LR: 2.92e-03 | train loss 1.3840 acc 0.422 | val loss 1.3511 acc 0.429
[convnext_tiny trial0] Epoch   6/100 | LR: 2.92e-03 | train loss 1.3842 acc 0.404 | val loss 1.3475 acc 0.429
[convnext_tiny trial0] Epoch   7/100 | LR: 2.92e-03 | train loss 1.3836 acc 0.413 | val loss 1.3402 acc 0.405
[convnext_tiny trial0] Epoch   8/100 | LR: 2.92e-03 | train loss 1.3822 acc 0.402 | val loss 1.3327 acc 0.405
[convnext_tiny trial0] Epoch   9/100 | LR: 2.92e-03 | train loss 1.3837 acc 0.405 | val loss 1.3377 acc 0.405
[convnext_tiny trial0] Epoch  10/100 | LR: 2.92e-03 | train loss 1.3830 acc 0.401 | val loss 1.3337 acc 0.429
[convnext_tiny trial0] Epoch  11/100 | LR: 2.92e-03 | train loss 1.4248 acc 0.387 | val loss 1.3829 acc 0.405

[convnext_tiny trial0] No val loss improvement for 10 epochs — stopping early at epoch 11.

[convnext_tiny trial0] Restored best checkpoint (val loss = 1.3166)
[15:00:27] [convnext_tiny] trial 0 finished: best val_acc=0.4293 (at val_loss=1.3166)
[I 2026-09-22 15:00:27,094] Trial 0 finished with value: 0.4292682926829268 and parameters: {'hidden_layers': 1, 'neurons': 512, 'lr': 0.0029154431891537554, 'beta1': 0.7999563908598613, 'step_size': 30, 'batch_size': 16}. Best is trial 0 with value: 0.4292682926829268.
[15:00:27] [convnext_tiny] trial 1: H=2 N=2048 lr=1.38e-03 beta1=0.600 step_size=23 batch_size=96 (micro_batch=16, accum_steps=6)
[convnext_tiny trial1] Using gradient accumulation: 6 micro-batches per optimizer step (effective batch size ≈ micro_batch x 6).
[convnext_tiny trial1] Epoch   1/100 | LR: 1.38e-03 | train loss 1.4624 acc 0.229 | val loss 1.3659 acc 0.429 *
[convnext_tiny trial1] Epoch   2/100 | LR: 1.38e-03 | train loss 1.3885 acc 0.403 | val loss 1.3449 acc 0.429 *
[convnext_tiny trial1] Epoch   3/100 | LR: 1.38e-03 | train loss 1.3867 acc 0.406 | val loss 1.3562 acc 0.429
[convnext_tiny trial1] Epoch   4/100 | LR: 1.38e-03 | train loss 1.4017 acc 0.334 | val loss 1.3562 acc 0.405
[convnext_tiny trial1] Epoch   5/100 | LR: 1.38e-03 | train loss 1.4044 acc 0.362 | val loss 1.3573 acc 0.444
[convnext_tiny trial1] Epoch   6/100 | LR: 1.38e-03 | train loss 1.3896 acc 0.328 | val loss 1.3739 acc 0.305
[convnext_tiny trial1] Epoch   7/100 | LR: 1.38e-03 | train loss 1.3539 acc 0.400 | val loss 1.3967 acc 0.410
[convnext_tiny trial1] Epoch   8/100 | LR: 1.38e-03 | train loss 1.3408 acc 0.407 | val loss 1.3042 acc 0.478 *
[convnext_tiny trial1] Epoch   9/100 | LR: 1.38e-03 | train loss 1.3048 acc 0.440 | val loss 1.3252 acc 0.444
[convnext_tiny trial1] Epoch  10/100 | LR: 1.38e-03 | train loss 1.3004 acc 0.437 | val loss 1.2749 acc 0.485 *
[convnext_tiny trial1] Epoch  11/100 | LR: 1.38e-03 | train loss 1.7820 acc 0.375 | val loss 1.2539 acc 0.466 *
[convnext_tiny trial1] Epoch  12/100 | LR: 1.38e-03 | train loss 1.3540 acc 0.416 | val loss 1.2443 acc 0.463 *
[convnext_tiny trial1] Epoch  13/100 | LR: 1.38e-03 | train loss 1.2943 acc 0.450 | val loss 1.4546 acc 0.334
[convnext_tiny trial1] Epoch  14/100 | LR: 1.38e-03 | train loss 1.2812 acc 0.430 | val loss 1.1475 acc 0.456 *
[convnext_tiny trial1] Epoch  15/100 | LR: 1.38e-03 | train loss 1.2844 acc 0.414 | val loss 1.2902 acc 0.349
[convnext_tiny trial1] Epoch  16/100 | LR: 1.38e-03 | train loss 1.2322 acc 0.414 | val loss 1.5861 acc 0.278
[convnext_tiny trial1] Epoch  17/100 | LR: 1.38e-03 | train loss 1.2458 acc 0.452 | val loss 1.1014 acc 0.485 *
[convnext_tiny trial1] Epoch  18/100 | LR: 1.38e-03 | train loss 1.2327 acc 0.459 | val loss 1.1208 acc 0.498
[convnext_tiny trial1] Epoch  19/100 | LR: 1.38e-03 | train loss 1.2450 acc 0.457 | val loss 1.4450 acc 0.324
[convnext_tiny trial1] Epoch  20/100 | LR: 1.38e-03 | train loss 1.2540 acc 0.444 | val loss 1.1400 acc 0.468
[convnext_tiny trial1] Epoch  21/100 | LR: 1.38e-03 | train loss 1.2312 acc 0.457 | val loss 1.1894 acc 0.510
[convnext_tiny trial1] Epoch  22/100 | LR: 1.38e-03 | train loss 1.2242 acc 0.463 | val loss 1.1822 acc 0.485
[convnext_tiny trial1] Epoch  23/100 | LR: 1.38e-04 | train loss 1.2017 acc 0.474 | val loss 1.0910 acc 0.478 *
[convnext_tiny trial1] Epoch  24/100 | LR: 1.38e-04 | train loss 1.1691 acc 0.465 | val loss 1.1168 acc 0.473
[convnext_tiny trial1] Epoch  25/100 | LR: 1.38e-04 | train loss 1.1413 acc 0.462 | val loss 1.0777 acc 0.495 *
[convnext_tiny trial1] Epoch  26/100 | LR: 1.38e-04 | train loss 1.1704 acc 0.448 | val loss 1.2234 acc 0.434
[convnext_tiny trial1] Epoch  27/100 | LR: 1.38e-04 | train loss 1.1528 acc 0.453 | val loss 1.1389 acc 0.451
[convnext_tiny trial1] Epoch  28/100 | LR: 1.38e-04 | train loss 1.1441 acc 0.470 | val loss 1.0817 acc 0.493
[convnext_tiny trial1] Epoch  29/100 | LR: 1.38e-04 | train loss 1.1130 acc 0.479 | val loss 1.1794 acc 0.432
[convnext_tiny trial1] Epoch  30/100 | LR: 1.38e-04 | train loss 1.1213 acc 0.455 | val loss 1.1119 acc 0.456
[convnext_tiny trial1] Epoch  31/100 | LR: 1.38e-04 | train loss 1.1545 acc 0.459 | val loss 1.0567 acc 0.495 *
[convnext_tiny trial1] Epoch  32/100 | LR: 1.38e-04 | train loss 1.1583 acc 0.463 | val loss 1.1060 acc 0.468
[convnext_tiny trial1] Epoch  33/100 | LR: 1.38e-04 | train loss 1.1390 acc 0.474 | val loss 1.0835 acc 0.480
[convnext_tiny trial1] Epoch  34/100 | LR: 1.38e-04 | train loss 1.1123 acc 0.486 | val loss 1.0425 acc 0.500 *
[convnext_tiny trial1] Epoch  35/100 | LR: 1.38e-04 | train loss 1.1468 acc 0.472 | val loss 1.1690 acc 0.441
[convnext_tiny trial1] Epoch  36/100 | LR: 1.38e-04 | train loss 1.1373 acc 0.443 | val loss 1.1853 acc 0.429
[convnext_tiny trial1] Epoch  37/100 | LR: 1.38e-04 | train loss 1.1286 acc 0.472 | val loss 1.0605 acc 0.488
[convnext_tiny trial1] Epoch  38/100 | LR: 1.38e-04 | train loss 1.1250 acc 0.455 | val loss 1.2308 acc 0.398
[convnext_tiny trial1] Epoch  39/100 | LR: 1.38e-04 | train loss 1.1266 acc 0.446 | val loss 1.1422 acc 0.449
[convnext_tiny trial1] Epoch  40/100 | LR: 1.38e-04 | train loss 1.1119 acc 0.465 | val loss 1.0919 acc 0.463
[convnext_tiny trial1] Epoch  41/100 | LR: 1.38e-04 | train loss 1.1374 acc 0.447 | val loss 1.0649 acc 0.466
[convnext_tiny trial1] Epoch  42/100 | LR: 1.38e-04 | train loss 1.1019 acc 0.464 | val loss 1.1403 acc 0.441
[convnext_tiny trial1] Epoch  43/100 | LR: 1.38e-04 | train loss 1.1094 acc 0.452 | val loss 1.0691 acc 0.461
[convnext_tiny trial1] Epoch  44/100 | LR: 1.38e-04 | train loss 1.0718 acc 0.489 | val loss 1.0600 acc 0.466

[convnext_tiny trial1] No val loss improvement for 10 epochs — stopping early at epoch 44.

[convnext_tiny trial1] Restored best checkpoint (val loss = 1.0425)
[15:05:31] [convnext_tiny] trial 1 finished: best val_acc=0.5000 (at val_loss=1.0425)
[I 2026-09-22 15:05:31,991] Trial 1 finished with value: 0.5 and parameters: {'hidden_layers': 2, 'neurons': 2048, 'lr': 0.0013826232179369874, 'beta1': 0.5996372172970215, 'step_size': 23, 'batch_size': 96}. Best is trial 1 with value: 0.5.
[15:05:32] [convnext_tiny] trial 2: H=2 N=1024 lr=4.34e-03 beta1=0.629 step_size=28 batch_size=48 (micro_batch=16, accum_steps=3)
[convnext_tiny trial2] Using gradient accumulation: 3 micro-batches per optimizer step (effective batch size ≈ micro_batch x 3).
[convnext_tiny trial2] Epoch   1/100 | LR: 4.34e-03 | train loss 1.4681 acc 0.246 | val loss 1.3228 acc 0.429 *
[convnext_tiny trial2] Epoch   2/100 | LR: 4.34e-03 | train loss 1.3896 acc 0.327 | val loss 1.3588 acc 0.405
[convnext_tiny trial2] Epoch   3/100 | LR: 4.34e-03 | train loss 1.3856 acc 0.398 | val loss 1.3333 acc 0.405
[convnext_tiny trial2] Epoch   4/100 | LR: 4.34e-03 | train loss 1.3862 acc 0.395 | val loss 1.3577 acc 0.429
[convnext_tiny trial2] Epoch   5/100 | LR: 4.34e-03 | train loss 1.3851 acc 0.400 | val loss 1.3507 acc 0.429
[convnext_tiny trial2] Epoch   6/100 | LR: 4.34e-03 | train loss 1.3850 acc 0.409 | val loss 1.3264 acc 0.429
[convnext_tiny trial2] Epoch   7/100 | LR: 4.34e-03 | train loss 1.3855 acc 0.400 | val loss 1.3387 acc 0.429
[convnext_tiny trial2] Epoch   8/100 | LR: 4.34e-03 | train loss 1.3841 acc 0.405 | val loss 1.3427 acc 0.405
[convnext_tiny trial2] Epoch   9/100 | LR: 4.34e-03 | train loss 1.3832 acc 0.423 | val loss 1.3452 acc 0.429
[convnext_tiny trial2] Epoch  10/100 | LR: 4.34e-03 | train loss 1.3838 acc 0.422 | val loss 1.3409 acc 0.429
[convnext_tiny trial2] Epoch  11/100 | LR: 4.34e-03 | train loss 1.3824 acc 0.411 | val loss 1.3256 acc 0.405

[convnext_tiny trial2] No val loss improvement for 10 epochs — stopping early at epoch 11.

[convnext_tiny trial2] Restored best checkpoint (val loss = 1.3228)
[15:06:49] [convnext_tiny] trial 2 finished: best val_acc=0.4293 (at val_loss=1.3228)
[I 2026-09-22 15:06:49,518] Trial 2 finished with value: 0.4292682926829268 and parameters: {'hidden_layers': 2, 'neurons': 1024, 'lr': 0.004337920697490943, 'beta1': 0.6291312108184084, 'step_size': 28, 'batch_size': 48}. Best is trial 1 with value: 0.5.
[15:06:49] [convnext_tiny] trial 3: H=1 N=2048 lr=1.22e-05 beta1=0.914 step_size=17 batch_size=64 (micro_batch=16, accum_steps=4)
[convnext_tiny trial3] Using gradient accumulation: 4 micro-batches per optimizer step (effective batch size ≈ micro_batch x 4).
[convnext_tiny trial3] Epoch   1/100 | LR: 1.22e-05 | train loss 1.3714 acc 0.389 | val loss 1.2613 acc 0.544 *
[convnext_tiny trial3] Epoch   2/100 | LR: 1.22e-05 | train loss 1.2887 acc 0.577 | val loss 1.1758 acc 0.666 *
[convnext_tiny trial3] Epoch   3/100 | LR: 1.22e-05 | train loss 1.1951 acc 0.623 | val loss 1.0667 acc 0.702 *
[convnext_tiny trial3] Epoch   4/100 | LR: 1.22e-05 | train loss 1.0598 acc 0.635 | val loss 0.9232 acc 0.705 *
[convnext_tiny trial3] Epoch   5/100 | LR: 1.22e-05 | train loss 0.8969 acc 0.700 | val loss 0.7913 acc 0.710 *
[convnext_tiny trial3] Epoch   6/100 | LR: 1.22e-05 | train loss 0.7267 acc 0.729 | val loss 0.6173 acc 0.783 *
[convnext_tiny trial3] Epoch   7/100 | LR: 1.22e-05 | train loss 0.6093 acc 0.774 | val loss 0.5185 acc 0.810 *
[convnext_tiny trial3] Epoch   8/100 | LR: 1.22e-05 | train loss 0.5253 acc 0.790 | val loss 0.4465 acc 0.839 *
[convnext_tiny trial3] Epoch   9/100 | LR: 1.22e-05 | train loss 0.4606 acc 0.818 | val loss 0.4105 acc 0.859 *
[convnext_tiny trial3] Epoch  10/100 | LR: 1.22e-05 | train loss 0.4308 acc 0.826 | val loss 0.3727 acc 0.854 *
[convnext_tiny trial3] Epoch  11/100 | LR: 1.22e-05 | train loss 0.3801 acc 0.842 | val loss 0.3389 acc 0.883 *
[convnext_tiny trial3] Epoch  12/100 | LR: 1.22e-05 | train loss 0.3466 acc 0.856 | val loss 0.3454 acc 0.880
[convnext_tiny trial3] Epoch  13/100 | LR: 1.22e-05 | train loss 0.3183 acc 0.868 | val loss 0.3286 acc 0.866 *
[convnext_tiny trial3] Epoch  14/100 | LR: 1.22e-05 | train loss 0.3054 acc 0.882 | val loss 0.3343 acc 0.868
[convnext_tiny trial3] Epoch  15/100 | LR: 1.22e-05 | train loss 0.2847 acc 0.887 | val loss 0.3180 acc 0.895 *
[convnext_tiny trial3] Epoch  16/100 | LR: 1.22e-05 | train loss 0.2611 acc 0.892 | val loss 0.3069 acc 0.893 *
[convnext_tiny trial3] Epoch  17/100 | LR: 1.22e-06 | train loss 0.2485 acc 0.895 | val loss 0.3209 acc 0.878
[convnext_tiny trial3] Epoch  18/100 | LR: 1.22e-06 | train loss 0.2517 acc 0.894 | val loss 0.3118 acc 0.883
[convnext_tiny trial3] Epoch  19/100 | LR: 1.22e-06 | train loss 0.2211 acc 0.904 | val loss 0.3050 acc 0.893 *
[convnext_tiny trial3] Epoch  20/100 | LR: 1.22e-06 | train loss 0.2146 acc 0.908 | val loss 0.2982 acc 0.893 *
[convnext_tiny trial3] Epoch  21/100 | LR: 1.22e-06 | train loss 0.2177 acc 0.910 | val loss 0.3066 acc 0.895
[convnext_tiny trial3] Epoch  22/100 | LR: 1.22e-06 | train loss 0.2102 acc 0.907 | val loss 0.3008 acc 0.893
[convnext_tiny trial3] Epoch  23/100 | LR: 1.22e-06 | train loss 0.2111 acc 0.910 | val loss 0.2967 acc 0.890 *
[convnext_tiny trial3] Epoch  24/100 | LR: 1.22e-06 | train loss 0.2028 acc 0.917 | val loss 0.2935 acc 0.895 *
[convnext_tiny trial3] Epoch  25/100 | LR: 1.22e-06 | train loss 0.2248 acc 0.909 | val loss 0.2965 acc 0.890
[convnext_tiny trial3] Epoch  26/100 | LR: 1.22e-06 | train loss 0.2127 acc 0.909 | val loss 0.2952 acc 0.893
[convnext_tiny trial3] Epoch  27/100 | LR: 1.22e-06 | train loss 0.2164 acc 0.910 | val loss 0.2937 acc 0.893
[convnext_tiny trial3] Epoch  28/100 | LR: 1.22e-06 | train loss 0.1917 acc 0.916 | val loss 0.2938 acc 0.890
[convnext_tiny trial3] Epoch  29/100 | LR: 1.22e-06 | train loss 0.2045 acc 0.912 | val loss 0.2894 acc 0.898 *
[convnext_tiny trial3] Epoch  30/100 | LR: 1.22e-06 | train loss 0.2156 acc 0.904 | val loss 0.2968 acc 0.895
[convnext_tiny trial3] Epoch  31/100 | LR: 1.22e-06 | train loss 0.1931 acc 0.919 | val loss 0.2965 acc 0.893
[convnext_tiny trial3] Epoch  32/100 | LR: 1.22e-06 | train loss 0.1945 acc 0.912 | val loss 0.2909 acc 0.900
[convnext_tiny trial3] Epoch  33/100 | LR: 1.22e-06 | train loss 0.1990 acc 0.914 | val loss 0.2900 acc 0.902
[convnext_tiny trial3] Epoch  34/100 | LR: 1.22e-07 | train loss 0.1839 acc 0.918 | val loss 0.2902 acc 0.898
[convnext_tiny trial3] Epoch  35/100 | LR: 1.22e-07 | train loss 0.1905 acc 0.911 | val loss 0.2901 acc 0.898
[convnext_tiny trial3] Epoch  36/100 | LR: 1.22e-07 | train loss 0.1989 acc 0.915 | val loss 0.2898 acc 0.898
[convnext_tiny trial3] Epoch  37/100 | LR: 1.22e-07 | train loss 0.2021 acc 0.913 | val loss 0.2900 acc 0.898
[convnext_tiny trial3] Epoch  38/100 | LR: 1.22e-07 | train loss 0.1954 acc 0.918 | val loss 0.2902 acc 0.900
[convnext_tiny trial3] Epoch  39/100 | LR: 1.22e-07 | train loss 0.1997 acc 0.918 | val loss 0.2906 acc 0.900

[convnext_tiny trial3] No val loss improvement for 10 epochs — stopping early at epoch 39.

[convnext_tiny trial3] Restored best checkpoint (val loss = 0.2894)
[15:11:20] [convnext_tiny] trial 3 finished: best val_acc=0.8976 (at val_loss=0.2894)
[I 2026-09-22 15:11:20,491] Trial 3 finished with value: 0.8975609756097561 and parameters: {'hidden_layers': 1, 'neurons': 2048, 'lr': 1.2172958098369984e-05, 'beta1': 0.9135400170668128, 'step_size': 17, 'batch_size': 64}. Best is trial 3 with value: 0.8975609756097561.
[15:11:20] [convnext_tiny] trial 4: H=1 N=512 lr=2.91e-06 beta1=0.931 step_size=27 batch_size=96 (micro_batch=16, accum_steps=6)
[convnext_tiny trial4] Using gradient accumulation: 6 micro-batches per optimizer step (effective batch size ≈ micro_batch x 6).
[convnext_tiny trial4] Epoch   1/100 | LR: 2.91e-06 | train loss 1.3919 acc 0.135 | val loss 1.4090 acc 0.139 *
[convnext_tiny trial4] Epoch   2/100 | LR: 2.91e-06 | train loss 1.3752 acc 0.192 | val loss 1.3837 acc 0.210 *
[convnext_tiny trial4] Epoch   3/100 | LR: 2.91e-06 | train loss 1.3669 acc 0.274 | val loss 1.3594 acc 0.300 *
[convnext_tiny trial4] Epoch   4/100 | LR: 2.91e-06 | train loss 1.3504 acc 0.351 | val loss 1.3361 acc 0.402 *
[convnext_tiny trial4] Epoch   5/100 | LR: 2.91e-06 | train loss 1.3393 acc 0.439 | val loss 1.3163 acc 0.483 *
[convnext_tiny trial4] Epoch   6/100 | LR: 2.91e-06 | train loss 1.3216 acc 0.499 | val loss 1.2963 acc 0.537 *
[convnext_tiny trial4] Epoch   7/100 | LR: 2.91e-06 | train loss 1.3105 acc 0.534 | val loss 1.2752 acc 0.585 *
[convnext_tiny trial4] Epoch   8/100 | LR: 2.91e-06 | train loss 1.2977 acc 0.548 | val loss 1.2563 acc 0.612 *
[convnext_tiny trial4] Epoch   9/100 | LR: 2.91e-06 | train loss 1.2789 acc 0.576 | val loss 1.2393 acc 0.639 *
[convnext_tiny trial4] Epoch  10/100 | LR: 2.91e-06 | train loss 1.2665 acc 0.587 | val loss 1.2198 acc 0.666 *
[convnext_tiny trial4] Epoch  11/100 | LR: 2.91e-06 | train loss 1.2420 acc 0.615 | val loss 1.1993 acc 0.671 *
[convnext_tiny trial4] Epoch  12/100 | LR: 2.91e-06 | train loss 1.2269 acc 0.614 | val loss 1.1769 acc 0.676 *
[convnext_tiny trial4] Epoch  13/100 | LR: 2.91e-06 | train loss 1.2096 acc 0.618 | val loss 1.1517 acc 0.678 *
[convnext_tiny trial4] Epoch  14/100 | LR: 2.91e-06 | train loss 1.1793 acc 0.640 | val loss 1.1322 acc 0.678 *
[W 2026-09-22 15:12:59,368] Trial 4 failed with parameters: {'hidden_layers': 1, 'neurons': 512, 'lr': 2.907208890659845e-06, 'beta1': 0.9306886095119211, 'step_size': 27, 'batch_size': 96} because of the following error: AcceleratorError("CUDA error: the launch timed out and was terminated\nSearch for `cudaErrorLaunchTimeout' in https://docs.nvidia.com/cuda/cuda-runtime-api/group__CUDART__TYPES.html for more information.\nFor more detailed error information, run with CUDA_LOG_FILE=stderr\n").
Traceback (most recent call last):
  File "/home/janes/Repos/Skripsie/CNN/tune.py", line 178, in objective
    train_model(
    ~~~~~~~~~~~^
        model, train_loader_arch, val_loader_arch, optimizer, scheduler,
        ^^^^^^^^^^^^^^^^^^^^^^^^^^^^^^^^^^^^^^^^^^^^^^^^^^^^^^^^^^^^^^^^
    ...<2 lines>...
        epoch_callback=epoch_cb,
        ^^^^^^^^^^^^^^^^^^^^^^^^
    )
    ^
  File "/home/janes/Repos/Skripsie/CNN/wwtw_utils.py", line 423, in train_model
    train_loss, train_acc = run_epoch(model, train_loader, optimizer, criterion, True,
                            ~~~~~~~~~^^^^^^^^^^^^^^^^^^^^^^^^^^^^^^^^^^^^^^^^^^^^^^^^^
                                       is_inception, accum_steps, scaler)
                                       ^^^^^^^^^^^^^^^^^^^^^^^^^^^^^^^^^^
  File "/home/janes/Repos/Skripsie/CNN/wwtw_utils.py", line 358, in run_epoch
    scaler.scale(scaled_loss).backward()
    ~~~~~~~~~~~~~~~~~~~~~~~~~~~~~~~~~~^^
  File "/home/janes/Repos/Skripsie/.venv/lib/python3.14/site-packages/torch/_tensor.py", line 623, in backward
    torch.autograd.backward(
    ~~~~~~~~~~~~~~~~~~~~~~~^
        self, gradient, retain_graph, create_graph, inputs=inputs
        ^^^^^^^^^^^^^^^^^^^^^^^^^^^^^^^^^^^^^^^^^^^^^^^^^^^^^^^^^
    )
    ^
  File "/home/janes/Repos/Skripsie/.venv/lib/python3.14/site-packages/torch/autograd/__init__.py", line 395, in backward
    _engine_run_backward(
    ~~~~~~~~~~~~~~~~~~~~^
        tensors,
        ^^^^^^^^
    ...<5 lines>...
        accumulate_grad=True,
        ^^^^^^^^^^^^^^^^^^^^^
    )
    ^
  File "/home/janes/Repos/Skripsie/.venv/lib/python3.14/site-packages/torch/autograd/graph.py", line 979, in _engine_run_backward
    return Variable._execution_engine.run_backward(  # Calls into the C++ engine to run the backward pass
           ~~~~~~~~~~~~~~~~~~~~~~~~~~~~~~~~~~~~~~~^^^^^^^^^^^^^^^^^^^^^^^^^^^^^^^^^^^^^^^^^^^^^^^^^^^^^^^
        t_outputs, *args, **kwargs
        ^^^^^^^^^^^^^^^^^^^^^^^^^^
    )  # Calls into the C++ engine to run the backward pass
    ^
torch.AcceleratorError: CUDA error: the launch timed out and was terminated
Search for `cudaErrorLaunchTimeout' in https://docs.nvidia.com/cuda/cuda-runtime-api/group__CUDART__TYPES.html for more information.
For more detailed error information, run with CUDA_LOG_FILE=stderr


During handling of the above exception, another exception occurred:

Traceback (most recent call last):
  File "/home/janes/Repos/Skripsie/.venv/lib/python3.14/site-packages/optuna/study/_optimize.py", line 206, in _run_trial
    value_or_values = func(trial)
  File "/home/janes/Repos/Skripsie/CNN/tune.py", line 189, in objective
    torch.cuda.empty_cache()
    ~~~~~~~~~~~~~~~~~~~~~~^^
  File "/home/janes/Repos/Skripsie/.venv/lib/python3.14/site-packages/torch/cuda/memory.py", line 228, in empty_cache
    torch._C._cuda_emptyCache()
    ~~~~~~~~~~~~~~~~~~~~~~~~~^^
torch.AcceleratorError: CUDA error: the launch timed out and was terminated
Search for `cudaErrorLaunchTimeout' in https://docs.nvidia.com/cuda/cuda-runtime-api/group__CUDART__TYPES.html for more information.
For more detailed error information, run with CUDA_LOG_FILE=stderr

[W 2026-09-22 15:12:59,370] Trial 4 failed with value None.
Traceback (most recent call last):
  File "/home/janes/Repos/Skripsie/CNN/tune.py", line 178, in objective
    train_model(
    ~~~~~~~~~~~^
        model, train_loader_arch, val_loader_arch, optimizer, scheduler,
        ^^^^^^^^^^^^^^^^^^^^^^^^^^^^^^^^^^^^^^^^^^^^^^^^^^^^^^^^^^^^^^^^
    ...<2 lines>...
        epoch_callback=epoch_cb,
        ^^^^^^^^^^^^^^^^^^^^^^^^
    )
    ^
  File "/home/janes/Repos/Skripsie/CNN/wwtw_utils.py", line 423, in train_model
    train_loss, train_acc = run_epoch(model, train_loader, optimizer, criterion, True,
                            ~~~~~~~~~^^^^^^^^^^^^^^^^^^^^^^^^^^^^^^^^^^^^^^^^^^^^^^^^^
                                       is_inception, accum_steps, scaler)
                                       ^^^^^^^^^^^^^^^^^^^^^^^^^^^^^^^^^^
  File "/home/janes/Repos/Skripsie/CNN/wwtw_utils.py", line 358, in run_epoch
    scaler.scale(scaled_loss).backward()
    ~~~~~~~~~~~~~~~~~~~~~~~~~~~~~~~~~~^^
  File "/home/janes/Repos/Skripsie/.venv/lib/python3.14/site-packages/torch/_tensor.py", line 623, in backward
    torch.autograd.backward(
    ~~~~~~~~~~~~~~~~~~~~~~~^
        self, gradient, retain_graph, create_graph, inputs=inputs
        ^^^^^^^^^^^^^^^^^^^^^^^^^^^^^^^^^^^^^^^^^^^^^^^^^^^^^^^^^
    )
    ^
  File "/home/janes/Repos/Skripsie/.venv/lib/python3.14/site-packages/torch/autograd/__init__.py", line 395, in backward
    _engine_run_backward(
    ~~~~~~~~~~~~~~~~~~~~^
        tensors,
        ^^^^^^^^
    ...<5 lines>...
        accumulate_grad=True,
        ^^^^^^^^^^^^^^^^^^^^^
    )
    ^
  File "/home/janes/Repos/Skripsie/.venv/lib/python3.14/site-packages/torch/autograd/graph.py", line 979, in _engine_run_backward
    return Variable._execution_engine.run_backward(  # Calls into the C++ engine to run the backward pass
           ~~~~~~~~~~~~~~~~~~~~~~~~~~~~~~~~~~~~~~~^^^^^^^^^^^^^^^^^^^^^^^^^^^^^^^^^^^^^^^^^^^^^^^^^^^^^^^
        t_outputs, *args, **kwargs
        ^^^^^^^^^^^^^^^^^^^^^^^^^^
    )  # Calls into the C++ engine to run the backward pass
    ^
torch.AcceleratorError: CUDA error: the launch timed out and was terminated
Search for `cudaErrorLaunchTimeout' in https://docs.nvidia.com/cuda/cuda-runtime-api/group__CUDART__TYPES.html for more information.
For more detailed error information, run with CUDA_LOG_FILE=stderr


During handling of the above exception, another exception occurred:

Traceback (most recent call last):
  File "/home/janes/Repos/Skripsie/CNN/tune.py", line 294, in <module>
    main()
    ~~~~^^
  File "/home/janes/Repos/Skripsie/CNN/tune.py", line 288, in main
    tune_architecture(arch, args.n_trials)
    ~~~~~~~~~~~~~~~~~^^^^^^^^^^^^^^^^^^^^^
  File "/home/janes/Repos/Skripsie/CNN/tune.py", line 243, in tune_architecture
    study.optimize(make_objective(arch), n_trials=remaining)
    ~~~~~~~~~~~~~~^^^^^^^^^^^^^^^^^^^^^^^^^^^^^^^^^^^^^^^^^^
  File "/home/janes/Repos/Skripsie/.venv/lib/python3.14/site-packages/optuna/study/study.py", line 502, in optimize
    _optimize(
    ~~~~~~~~~^
        study=self,
        ^^^^^^^^^^^
    ...<7 lines>...
        show_progress_bar=show_progress_bar,
        ^^^^^^^^^^^^^^^^^^^^^^^^^^^^^^^^^^^^
    )
    ^
  File "/home/janes/Repos/Skripsie/.venv/lib/python3.14/site-packages/optuna/study/_optimize.py", line 68, in _optimize
    _optimize_sequential(
    ~~~~~~~~~~~~~~~~~~~~^
        study,
        ^^^^^^
    ...<8 lines>...
        progress_bar=progress_bar,
        ^^^^^^^^^^^^^^^^^^^^^^^^^^
    )
    ^
  File "/home/janes/Repos/Skripsie/.venv/lib/python3.14/site-packages/optuna/study/_optimize.py", line 165, in _optimize_sequential
    frozen_trial_id = _run_trial(study, func, catch)
  File "/home/janes/Repos/Skripsie/.venv/lib/python3.14/site-packages/optuna/study/_optimize.py", line 263, in _run_trial
    raise func_err
  File "/home/janes/Repos/Skripsie/.venv/lib/python3.14/site-packages/optuna/study/_optimize.py", line 206, in _run_trial
    value_or_values = func(trial)
  File "/home/janes/Repos/Skripsie/CNN/tune.py", line 189, in objective
    torch.cuda.empty_cache()
    ~~~~~~~~~~~~~~~~~~~~~~^^
  File "/home/janes/Repos/Skripsie/.venv/lib/python3.14/site-packages/torch/cuda/memory.py", line 228, in empty_cache
    torch._C._cuda_emptyCache()
    ~~~~~~~~~~~~~~~~~~~~~~~~~^^
torch.AcceleratorError: CUDA error: the launch timed out and was terminated
Search for `cudaErrorLaunchTimeout' in https://docs.nvidia.com/cuda/cuda-runtime-api/group__CUDART__TYPES.html for more information.
For more detailed error information, run with CUDA_LOG_FILE=stderr

[15:13:00] === run_tuning_with_retries: tune.py exited with code 1, retrying in 15s ===
[15:13:15] === run_tuning_with_retries: attempt 5/50 ===
Using device: cuda
Test set ID (derived from DATASET_ROOT): NoordelikeWerke
Classes found (4): ['Dysfunctional', 'Empty', 'Functional', 'Scum']
Train: 1692 | Val: 410 | Test: 405
[15:13:17] Dataset root: ../cnn_dataset_split_facility_test-NoordelikeWerke  Component: clarifier
[15:13:17] Architectures to tune (6): ['resnet18', 'efficientnet_b0', 'densenet121', 'resnet50', 'convnext_tiny', 'inception_v3']
[15:13:17] Trials per architecture: 20
[15:13:17] [resnet18] already has a saved result in tuned_hyperparams.json (val_acc=0.8927) -- skipping.
[15:13:17] [efficientnet_b0] already has a saved result in tuned_hyperparams.json (val_acc=0.8854) -- skipping.
[15:13:17] [densenet121] already has a saved result in tuned_hyperparams.json (val_acc=0.9024) -- skipping.
[15:13:17] [resnet50] already has a saved result in tuned_hyperparams.json (val_acc=0.8902) -- skipping.
[I 2026-09-22 15:13:17,327] Using an existing study with `study_name='convnext_tiny_tune'` instead of creating a new one.
[15:13:17] === convnext_tiny: 5/20 trials already recorded, 15 remaining, img_size=(224, 224) ===
[15:13:17] [convnext_tiny] trial 5: H=1 N=512 lr=2.92e-03 beta1=0.800 step_size=30 batch_size=16 (micro_batch=16, accum_steps=1)
Using device: cuda
Test set ID (derived from DATASET_ROOT): NoordelikeWerke
Classes found (4): ['Dysfunctional', 'Empty', 'Functional', 'Scum']
Train: 1692 | Val: 410 | Test: 405
[convnext_tiny trial5] Epoch   1/100 | LR: 2.92e-03 | train loss 1.4192 acc 0.356 | val loss 1.3773 acc 0.429 *
[convnext_tiny trial5] Epoch   2/100 | LR: 2.92e-03 | train loss 1.3845 acc 0.422 | val loss 1.3534 acc 0.429 *
[convnext_tiny trial5] Epoch   3/100 | LR: 2.92e-03 | train loss 1.3890 acc 0.418 | val loss 1.3600 acc 0.429
[convnext_tiny trial5] Epoch   4/100 | LR: 2.92e-03 | train loss 1.3840 acc 0.404 | val loss 1.3444 acc 0.405 *
[convnext_tiny trial5] Epoch   5/100 | LR: 2.92e-03 | train loss 1.3831 acc 0.394 | val loss 1.3410 acc 0.405 *
[convnext_tiny trial5] Epoch   6/100 | LR: 2.92e-03 | train loss 1.3830 acc 0.407 | val loss 1.3358 acc 0.429 *
[convnext_tiny trial5] Epoch   7/100 | LR: 2.92e-03 | train loss 1.4212 acc 0.378 | val loss 1.3400 acc 0.405
[convnext_tiny trial5] Epoch   8/100 | LR: 2.92e-03 | train loss 1.3867 acc 0.402 | val loss 1.3388 acc 0.429
[convnext_tiny trial5] Epoch   9/100 | LR: 2.92e-03 | train loss 1.3834 acc 0.406 | val loss 1.3369 acc 0.405
[convnext_tiny trial5] Epoch  10/100 | LR: 2.92e-03 | train loss 1.3820 acc 0.395 | val loss 1.3350 acc 0.405 *
[convnext_tiny trial5] Epoch  11/100 | LR: 2.92e-03 | train loss 1.3840 acc 0.401 | val loss 1.3321 acc 0.405 *
[convnext_tiny trial5] Epoch  12/100 | LR: 2.92e-03 | train loss 1.3848 acc 0.427 | val loss 1.3371 acc 0.429
[convnext_tiny trial5] Epoch  13/100 | LR: 2.92e-03 | train loss 1.3871 acc 0.376 | val loss 1.3318 acc 0.429 *
[convnext_tiny trial5] Epoch  14/100 | LR: 2.92e-03 | train loss 1.3822 acc 0.407 | val loss 1.3337 acc 0.429
[convnext_tiny trial5] Epoch  15/100 | LR: 2.92e-03 | train loss 1.4028 acc 0.358 | val loss 1.3331 acc 0.405
[convnext_tiny trial5] Epoch  16/100 | LR: 2.92e-03 | train loss 1.3850 acc 0.382 | val loss 1.3326 acc 0.405
[convnext_tiny trial5] Epoch  17/100 | LR: 2.92e-03 | train loss 1.3842 acc 0.413 | val loss 1.3356 acc 0.429
[convnext_tiny trial5] Epoch  18/100 | LR: 2.92e-03 | train loss 1.3846 acc 0.408 | val loss 1.3379 acc 0.429
[convnext_tiny trial5] Epoch  19/100 | LR: 2.92e-03 | train loss 1.3836 acc 0.411 | val loss 1.3367 acc 0.429
[convnext_tiny trial5] Epoch  20/100 | LR: 2.92e-03 | train loss 1.3847 acc 0.413 | val loss 1.3425 acc 0.405
[convnext_tiny trial5] Epoch  21/100 | LR: 2.92e-03 | train loss 1.3835 acc 0.420 | val loss 1.3377 acc 0.405
[convnext_tiny trial5] Epoch  22/100 | LR: 2.92e-03 | train loss 1.3841 acc 0.395 | val loss 1.3351 acc 0.405
[convnext_tiny trial5] Epoch  23/100 | LR: 2.92e-03 | train loss 1.4039 acc 0.346 | val loss 1.3342 acc 0.429

[convnext_tiny trial5] No val loss improvement for 10 epochs — stopping early at epoch 23.

[convnext_tiny trial5] Restored best checkpoint (val loss = 1.3318)
[15:16:12] [convnext_tiny] trial 5 finished: best val_acc=0.4293 (at val_loss=1.3318)
[I 2026-09-22 15:16:12,122] Trial 5 finished with value: 0.4292682926829268 and parameters: {'hidden_layers': 1, 'neurons': 512, 'lr': 0.0029154431891537554, 'beta1': 0.7999563908598613, 'step_size': 30, 'batch_size': 16}. Best is trial 3 with value: 0.8975609756097561.
[15:16:12] [convnext_tiny] trial 6: H=2 N=2048 lr=1.38e-03 beta1=0.600 step_size=23 batch_size=96 (micro_batch=16, accum_steps=6)
[convnext_tiny trial6] Using gradient accumulation: 6 micro-batches per optimizer step (effective batch size ≈ micro_batch x 6).
[convnext_tiny trial6] Epoch   1/100 | LR: 1.38e-03 | train loss 1.4496 acc 0.284 | val loss 1.3112 acc 0.405 *
[convnext_tiny trial6] Epoch   2/100 | LR: 1.38e-03 | train loss 1.3873 acc 0.353 | val loss 1.3756 acc 0.405
[convnext_tiny trial6] Epoch   3/100 | LR: 1.38e-03 | train loss 1.3834 acc 0.310 | val loss 1.3321 acc 0.429
[convnext_tiny trial6] Epoch   4/100 | LR: 1.38e-03 | train loss 1.3892 acc 0.359 | val loss 1.3656 acc 0.429
[convnext_tiny trial6] Epoch   5/100 | LR: 1.38e-03 | train loss 1.3860 acc 0.414 | val loss 1.3512 acc 0.405
[convnext_tiny trial6] Epoch   6/100 | LR: 1.38e-03 | train loss 1.3865 acc 0.391 | val loss 1.3371 acc 0.405
[convnext_tiny trial6] Epoch   7/100 | LR: 1.38e-03 | train loss 1.3877 acc 0.404 | val loss 1.3412 acc 0.429
[convnext_tiny trial6] Epoch   8/100 | LR: 1.38e-03 | train loss 1.3907 acc 0.405 | val loss 1.3565 acc 0.429
[convnext_tiny trial6] Epoch   9/100 | LR: 1.38e-03 | train loss 1.3853 acc 0.404 | val loss 1.3614 acc 0.429
[convnext_tiny trial6] Epoch  10/100 | LR: 1.38e-03 | train loss 1.3843 acc 0.405 | val loss 1.3480 acc 0.405
[convnext_tiny trial6] Epoch  11/100 | LR: 1.38e-03 | train loss 1.3850 acc 0.411 | val loss 1.3515 acc 0.405

[convnext_tiny trial6] No val loss improvement for 10 epochs — stopping early at epoch 11.

[convnext_tiny trial6] Restored best checkpoint (val loss = 1.3112)
[15:17:27] [convnext_tiny] trial 6 finished: best val_acc=0.4049 (at val_loss=1.3112)
[I 2026-09-22 15:17:27,767] Trial 6 finished with value: 0.40487804878048783 and parameters: {'hidden_layers': 2, 'neurons': 2048, 'lr': 0.0013826232179369874, 'beta1': 0.5996372172970215, 'step_size': 23, 'batch_size': 96}. Best is trial 3 with value: 0.8975609756097561.
[15:17:27] [convnext_tiny] trial 7: H=2 N=1024 lr=4.34e-03 beta1=0.629 step_size=28 batch_size=48 (micro_batch=16, accum_steps=3)
[convnext_tiny trial7] Using gradient accumulation: 3 micro-batches per optimizer step (effective batch size ≈ micro_batch x 3).
[convnext_tiny trial7] Epoch   1/100 | LR: 4.34e-03 | train loss 1.6134 acc 0.299 | val loss 1.3785 acc 0.107 *
[convnext_tiny trial7] Epoch   2/100 | LR: 4.34e-03 | train loss 1.3868 acc 0.379 | val loss 1.3677 acc 0.405 *
[convnext_tiny trial7] Epoch   3/100 | LR: 4.34e-03 | train loss 1.3855 acc 0.408 | val loss 1.2692 acc 0.405 *
[convnext_tiny trial7] Epoch   4/100 | LR: 4.34e-03 | train loss 1.4058 acc 0.401 | val loss 1.3663 acc 0.405
[convnext_tiny trial7] Epoch   5/100 | LR: 4.34e-03 | train loss 1.3842 acc 0.405 | val loss 1.3536 acc 0.405
[I 2026-09-22 15:18:02,865] Trial 7 pruned. 
[15:18:02] [convnext_tiny] trial 8: H=1 N=2048 lr=1.22e-05 beta1=0.914 step_size=17 batch_size=64 (micro_batch=16, accum_steps=4)
[convnext_tiny trial8] Using gradient accumulation: 4 micro-batches per optimizer step (effective batch size ≈ micro_batch x 4).
[convnext_tiny trial8] Epoch   1/100 | LR: 1.22e-05 | train loss 1.3557 acc 0.380 | val loss 1.2497 acc 0.620 *
[convnext_tiny trial8] Epoch   2/100 | LR: 1.22e-05 | train loss 1.2672 acc 0.609 | val loss 1.1460 acc 0.688 *
[convnext_tiny trial8] Epoch   3/100 | LR: 1.22e-05 | train loss 1.1626 acc 0.642 | val loss 1.0160 acc 0.715 *
[convnext_tiny trial8] Epoch   4/100 | LR: 1.22e-05 | train loss 1.0026 acc 0.675 | val loss 0.8774 acc 0.729 *
[convnext_tiny trial8] Epoch   5/100 | LR: 1.22e-05 | train loss 0.8432 acc 0.707 | val loss 0.7147 acc 0.756 *
[convnext_tiny trial8] Epoch   6/100 | LR: 1.22e-05 | train loss 0.6962 acc 0.735 | val loss 0.5779 acc 0.817 *
[convnext_tiny trial8] Epoch   7/100 | LR: 1.22e-05 | train loss 0.5864 acc 0.785 | val loss 0.5248 acc 0.817 *
[convnext_tiny trial8] Epoch   8/100 | LR: 1.22e-05 | train loss 0.5307 acc 0.793 | val loss 0.4744 acc 0.824 *
[convnext_tiny trial8] Epoch   9/100 | LR: 1.22e-05 | train loss 0.4578 acc 0.824 | val loss 0.4279 acc 0.844 *
[convnext_tiny trial8] Epoch  10/100 | LR: 1.22e-05 | train loss 0.4191 acc 0.831 | val loss 0.3888 acc 0.861 *
[convnext_tiny trial8] Epoch  11/100 | LR: 1.22e-05 | train loss 0.3909 acc 0.828 | val loss 0.3773 acc 0.863 *
[convnext_tiny trial8] Epoch  12/100 | LR: 1.22e-05 | train loss 0.3541 acc 0.858 | val loss 0.3606 acc 0.854 *
[convnext_tiny trial8] Epoch  13/100 | LR: 1.22e-05 | train loss 0.3332 acc 0.861 | val loss 0.3275 acc 0.868 *
[convnext_tiny trial8] Epoch  14/100 | LR: 1.22e-05 | train loss 0.2956 acc 0.883 | val loss 0.2902 acc 0.878 *
[convnext_tiny trial8] Epoch  15/100 | LR: 1.22e-05 | train loss 0.2848 acc 0.890 | val loss 0.2863 acc 0.878 *
[convnext_tiny trial8] Epoch  16/100 | LR: 1.22e-05 | train loss 0.2662 acc 0.891 | val loss 0.2973 acc 0.890
[convnext_tiny trial8] Epoch  17/100 | LR: 1.22e-06 | train loss 0.2397 acc 0.890 | val loss 0.3146 acc 0.876
[convnext_tiny trial8] Epoch  18/100 | LR: 1.22e-06 | train loss 0.2214 acc 0.897 | val loss 0.2859 acc 0.878 *
[convnext_tiny trial8] Epoch  19/100 | LR: 1.22e-06 | train loss 0.2342 acc 0.899 | val loss 0.2868 acc 0.883
[convnext_tiny trial8] Epoch  20/100 | LR: 1.22e-06 | train loss 0.2280 acc 0.899 | val loss 0.2857 acc 0.883 *
[convnext_tiny trial8] Epoch  21/100 | LR: 1.22e-06 | train loss 0.2110 acc 0.912 | val loss 0.2825 acc 0.883 *
[convnext_tiny trial8] Epoch  22/100 | LR: 1.22e-06 | train loss 0.2325 acc 0.907 | val loss 0.2843 acc 0.885
[convnext_tiny trial8] Epoch  23/100 | LR: 1.22e-06 | train loss 0.2218 acc 0.904 | val loss 0.2823 acc 0.885 *
[convnext_tiny trial8] Epoch  24/100 | LR: 1.22e-06 | train loss 0.2095 acc 0.908 | val loss 0.2834 acc 0.885
[convnext_tiny trial8] Epoch  25/100 | LR: 1.22e-06 | train loss 0.2157 acc 0.900 | val loss 0.2760 acc 0.885 *
[convnext_tiny trial8] Epoch  26/100 | LR: 1.22e-06 | train loss 0.2125 acc 0.910 | val loss 0.2786 acc 0.885
[convnext_tiny trial8] Epoch  27/100 | LR: 1.22e-06 | train loss 0.2060 acc 0.915 | val loss 0.2777 acc 0.888
[convnext_tiny trial8] Epoch  28/100 | LR: 1.22e-06 | train loss 0.2098 acc 0.909 | val loss 0.2752 acc 0.885 *
[convnext_tiny trial8] Epoch  29/100 | LR: 1.22e-06 | train loss 0.2125 acc 0.905 | val loss 0.2736 acc 0.888 *
[convnext_tiny trial8] Epoch  30/100 | LR: 1.22e-06 | train loss 0.2088 acc 0.911 | val loss 0.2781 acc 0.888
[convnext_tiny trial8] Epoch  31/100 | LR: 1.22e-06 | train loss 0.2098 acc 0.912 | val loss 0.2723 acc 0.888 *
[convnext_tiny trial8] Epoch  32/100 | LR: 1.22e-06 | train loss 0.2014 acc 0.911 | val loss 0.2727 acc 0.890
[convnext_tiny trial8] Epoch  33/100 | LR: 1.22e-06 | train loss 0.2028 acc 0.908 | val loss 0.2708 acc 0.890 *
[convnext_tiny trial8] Epoch  34/100 | LR: 1.22e-07 | train loss 0.2045 acc 0.913 | val loss 0.2700 acc 0.890 *
[convnext_tiny trial8] Epoch  35/100 | LR: 1.22e-07 | train loss 0.1959 acc 0.917 | val loss 0.2697 acc 0.890 *
[convnext_tiny trial8] Epoch  36/100 | LR: 1.22e-07 | train loss 0.1949 acc 0.914 | val loss 0.2693 acc 0.890 *
[convnext_tiny trial8] Epoch  37/100 | LR: 1.22e-07 | train loss 0.2069 acc 0.907 | val loss 0.2696 acc 0.890
[convnext_tiny trial8] Epoch  38/100 | LR: 1.22e-07 | train loss 0.1887 acc 0.914 | val loss 0.2701 acc 0.890
[convnext_tiny trial8] Epoch  39/100 | LR: 1.22e-07 | train loss 0.2010 acc 0.910 | val loss 0.2703 acc 0.890
[convnext_tiny trial8] Epoch  40/100 | LR: 1.22e-07 | train loss 0.2057 acc 0.910 | val loss 0.2704 acc 0.890
[convnext_tiny trial8] Epoch  41/100 | LR: 1.22e-07 | train loss 0.2031 acc 0.908 | val loss 0.2712 acc 0.890
[convnext_tiny trial8] Epoch  42/100 | LR: 1.22e-07 | train loss 0.1962 acc 0.913 | val loss 0.2712 acc 0.890
[convnext_tiny trial8] Epoch  43/100 | LR: 1.22e-07 | train loss 0.2046 acc 0.911 | val loss 0.2709 acc 0.890
[convnext_tiny trial8] Epoch  44/100 | LR: 1.22e-07 | train loss 0.2019 acc 0.902 | val loss 0.2707 acc 0.890
[convnext_tiny trial8] Epoch  45/100 | LR: 1.22e-07 | train loss 0.1928 acc 0.916 | val loss 0.2707 acc 0.890
[convnext_tiny trial8] Epoch  46/100 | LR: 1.22e-07 | train loss 0.1959 acc 0.915 | val loss 0.2706 acc 0.890

[convnext_tiny trial8] No val loss improvement for 10 epochs — stopping early at epoch 46.

[convnext_tiny trial8] Restored best checkpoint (val loss = 0.2693)
[15:23:21] [convnext_tiny] trial 8 finished: best val_acc=0.8902 (at val_loss=0.2693)
[I 2026-09-22 15:23:21,375] Trial 8 finished with value: 0.8902439024390244 and parameters: {'hidden_layers': 1, 'neurons': 2048, 'lr': 1.2172958098369984e-05, 'beta1': 0.9135400170668128, 'step_size': 17, 'batch_size': 64}. Best is trial 3 with value: 0.8975609756097561.
[15:23:21] [convnext_tiny] trial 9: H=1 N=512 lr=2.91e-06 beta1=0.931 step_size=27 batch_size=96 (micro_batch=16, accum_steps=6)
[convnext_tiny trial9] Using gradient accumulation: 6 micro-batches per optimizer step (effective batch size ≈ micro_batch x 6).
[convnext_tiny trial9] Epoch   1/100 | LR: 2.91e-06 | train loss 1.3923 acc 0.145 | val loss 1.3987 acc 0.149 *
[convnext_tiny trial9] Epoch   2/100 | LR: 2.91e-06 | train loss 1.3742 acc 0.210 | val loss 1.3752 acc 0.239 *
[convnext_tiny trial9] Epoch   3/100 | LR: 2.91e-06 | train loss 1.3609 acc 0.296 | val loss 1.3555 acc 0.359 *
[convnext_tiny trial9] Epoch   4/100 | LR: 2.91e-06 | train loss 1.3504 acc 0.387 | val loss 1.3360 acc 0.466 *
[convnext_tiny trial9] Epoch   5/100 | LR: 2.91e-06 | train loss 1.3384 acc 0.455 | val loss 1.3159 acc 0.517 *
[convnext_tiny trial9] Epoch   6/100 | LR: 2.91e-06 | train loss 1.3288 acc 0.503 | val loss 1.2977 acc 0.554 *
[convnext_tiny trial9] Epoch   7/100 | LR: 2.91e-06 | train loss 1.3154 acc 0.553 | val loss 1.2798 acc 0.585 *
[convnext_tiny trial9] Epoch   8/100 | LR: 2.91e-06 | train loss 1.3028 acc 0.566 | val loss 1.2610 acc 0.600 *
[convnext_tiny trial9] Epoch   9/100 | LR: 2.91e-06 | train loss 1.2868 acc 0.589 | val loss 1.2457 acc 0.629 *
[convnext_tiny trial9] Epoch  10/100 | LR: 2.91e-06 | train loss 1.2778 acc 0.585 | val loss 1.2293 acc 0.646 *
[convnext_tiny trial9] Epoch  11/100 | LR: 2.91e-06 | train loss 1.2612 acc 0.602 | val loss 1.2115 acc 0.651 *
[convnext_tiny trial9] Epoch  12/100 | LR: 2.91e-06 | train loss 1.2431 acc 0.612 | val loss 1.1905 acc 0.668 *
[convnext_tiny trial9] Epoch  13/100 | LR: 2.91e-06 | train loss 1.2235 acc 0.624 | val loss 1.1729 acc 0.676 *
[convnext_tiny trial9] Epoch  14/100 | LR: 2.91e-06 | train loss 1.2112 acc 0.622 | val loss 1.1517 acc 0.693 *
[convnext_tiny trial9] Epoch  15/100 | LR: 2.91e-06 | train loss 1.1894 acc 0.648 | val loss 1.1286 acc 0.698 *
[convnext_tiny trial9] Epoch  16/100 | LR: 2.91e-06 | train loss 1.1662 acc 0.652 | val loss 1.1056 acc 0.705 *
[convnext_tiny trial9] Epoch  17/100 | LR: 2.91e-06 | train loss 1.1460 acc 0.657 | val loss 1.0813 acc 0.705 *
[convnext_tiny trial9] Epoch  18/100 | LR: 2.91e-06 | train loss 1.1219 acc 0.664 | val loss 1.0574 acc 0.700 *
[convnext_tiny trial9] Epoch  19/100 | LR: 2.91e-06 | train loss 1.0924 acc 0.658 | val loss 1.0272 acc 0.702 *
[convnext_tiny trial9] Epoch  20/100 | LR: 2.91e-06 | train loss 1.0639 acc 0.680 | val loss 0.9975 acc 0.722 *
[convnext_tiny trial9] Epoch  21/100 | LR: 2.91e-06 | train loss 1.0356 acc 0.687 | val loss 0.9685 acc 0.722 *
[convnext_tiny trial9] Epoch  22/100 | LR: 2.91e-06 | train loss 1.0003 acc 0.697 | val loss 0.9408 acc 0.727 *
[convnext_tiny trial9] Epoch  23/100 | LR: 2.91e-06 | train loss 0.9791 acc 0.683 | val loss 0.9160 acc 0.732 *
[convnext_tiny trial9] Epoch  24/100 | LR: 2.91e-06 | train loss 0.9492 acc 0.705 | val loss 0.8815 acc 0.737 *
[I 2026-09-22 15:26:05,154] Trial 9 pruned. 
[15:26:05] [convnext_tiny] trial 10: H=2 N=512 lr=5.13e-05 beta1=0.513 step_size=8 batch_size=48 (micro_batch=16, accum_steps=3)
[convnext_tiny trial10] Using gradient accumulation: 3 micro-batches per optimizer step (effective batch size ≈ micro_batch x 3).
[convnext_tiny trial10] Epoch   1/100 | LR: 5.13e-05 | train loss 1.3013 acc 0.506 | val loss 0.9493 acc 0.715 *
[convnext_tiny trial10] Epoch   2/100 | LR: 5.13e-05 | train loss 0.7990 acc 0.701 | val loss 0.6116 acc 0.768 *
[convnext_tiny trial10] Epoch   3/100 | LR: 5.13e-05 | train loss 0.4908 acc 0.817 | val loss 0.4677 acc 0.834 *
[convnext_tiny trial10] Epoch   4/100 | LR: 5.13e-05 | train loss 0.3992 acc 0.839 | val loss 0.4286 acc 0.856 *
[convnext_tiny trial10] Epoch   5/100 | LR: 5.13e-05 | train loss 0.3269 acc 0.862 | val loss 0.3074 acc 0.871 *
[convnext_tiny trial10] Epoch   6/100 | LR: 5.13e-05 | train loss 0.2772 acc 0.889 | val loss 0.3839 acc 0.856
[convnext_tiny trial10] Epoch   7/100 | LR: 5.13e-05 | train loss 0.2464 acc 0.898 | val loss 0.3232 acc 0.880
[convnext_tiny trial10] Epoch   8/100 | LR: 5.13e-06 | train loss 0.2078 acc 0.911 | val loss 0.2808 acc 0.898 *
[convnext_tiny trial10] Epoch   9/100 | LR: 5.13e-06 | train loss 0.1850 acc 0.923 | val loss 0.2809 acc 0.890
[convnext_tiny trial10] Epoch  10/100 | LR: 5.13e-06 | train loss 0.1472 acc 0.939 | val loss 0.2795 acc 0.893 *
[convnext_tiny trial10] Epoch  11/100 | LR: 5.13e-06 | train loss 0.1356 acc 0.943 | val loss 0.2935 acc 0.893
[convnext_tiny trial10] Epoch  12/100 | LR: 5.13e-06 | train loss 0.1333 acc 0.944 | val loss 0.2847 acc 0.898
[convnext_tiny trial10] Epoch  13/100 | LR: 5.13e-06 | train loss 0.1188 acc 0.947 | val loss 0.2800 acc 0.893
[convnext_tiny trial10] Epoch  14/100 | LR: 5.13e-06 | train loss 0.1266 acc 0.943 | val loss 0.2767 acc 0.893 *
[convnext_tiny trial10] Epoch  15/100 | LR: 5.13e-06 | train loss 0.1117 acc 0.951 | val loss 0.2943 acc 0.893
[convnext_tiny trial10] Epoch  16/100 | LR: 5.13e-07 | train loss 0.1130 acc 0.949 | val loss 0.2848 acc 0.893
[convnext_tiny trial10] Epoch  17/100 | LR: 5.13e-07 | train loss 0.1140 acc 0.952 | val loss 0.2836 acc 0.895
[convnext_tiny trial10] Epoch  18/100 | LR: 5.13e-07 | train loss 0.1280 acc 0.946 | val loss 0.2845 acc 0.895
[convnext_tiny trial10] Epoch  19/100 | LR: 5.13e-07 | train loss 0.1068 acc 0.950 | val loss 0.2833 acc 0.893
[convnext_tiny trial10] Epoch  20/100 | LR: 5.13e-07 | train loss 0.1075 acc 0.952 | val loss 0.2822 acc 0.893
[convnext_tiny trial10] Epoch  21/100 | LR: 5.13e-07 | train loss 0.1094 acc 0.949 | val loss 0.2806 acc 0.895
[convnext_tiny trial10] Epoch  22/100 | LR: 5.13e-07 | train loss 0.1118 acc 0.953 | val loss 0.2817 acc 0.893
[convnext_tiny trial10] Epoch  23/100 | LR: 5.13e-07 | train loss 0.1183 acc 0.950 | val loss 0.2820 acc 0.893
[convnext_tiny trial10] Epoch  24/100 | LR: 5.13e-08 | train loss 0.1220 acc 0.947 | val loss 0.2839 acc 0.895

[convnext_tiny trial10] No val loss improvement for 10 epochs — stopping early at epoch 24.

[convnext_tiny trial10] Restored best checkpoint (val loss = 0.2767)
[15:28:51] [convnext_tiny] trial 10 finished: best val_acc=0.8927 (at val_loss=0.2767)
[I 2026-09-22 15:28:51,942] Trial 10 finished with value: 0.8926829268292683 and parameters: {'hidden_layers': 2, 'neurons': 512, 'lr': 5.1305517605898387e-05, 'beta1': 0.5126841442453035, 'step_size': 8, 'batch_size': 48}. Best is trial 3 with value: 0.8975609756097561.
[15:28:52] [convnext_tiny] trial 11: H=3 N=2048 lr=8.31e-06 beta1=0.618 step_size=33 batch_size=64 (micro_batch=16, accum_steps=4)
[convnext_tiny trial11] Using gradient accumulation: 4 micro-batches per optimizer step (effective batch size ≈ micro_batch x 4).
[convnext_tiny trial11] Epoch   1/100 | LR: 8.31e-06 | train loss 1.3777 acc 0.410 | val loss 1.3337 acc 0.590 *
[convnext_tiny trial11] Epoch   2/100 | LR: 8.31e-06 | train loss 1.3449 acc 0.512 | val loss 1.2508 acc 0.671 *
[convnext_tiny trial11] Epoch   3/100 | LR: 8.31e-06 | train loss 1.2288 acc 0.596 | val loss 0.9955 acc 0.676 *
[convnext_tiny trial11] Epoch   4/100 | LR: 8.31e-06 | train loss 1.0002 acc 0.656 | val loss 0.8055 acc 0.705 *
[convnext_tiny trial11] Epoch   5/100 | LR: 8.31e-06 | train loss 0.7679 acc 0.717 | val loss 0.6301 acc 0.778 *
[convnext_tiny trial11] Epoch   6/100 | LR: 8.31e-06 | train loss 0.6145 acc 0.772 | val loss 0.5201 acc 0.798 *
[convnext_tiny trial11] Epoch   7/100 | LR: 8.31e-06 | train loss 0.5296 acc 0.780 | val loss 0.4389 acc 0.820 *
[convnext_tiny trial11] Epoch   8/100 | LR: 8.31e-06 | train loss 0.4576 acc 0.809 | val loss 0.4098 acc 0.822 *
[convnext_tiny trial11] Epoch   9/100 | LR: 8.31e-06 | train loss 0.4157 acc 0.820 | val loss 0.3860 acc 0.829 *
[convnext_tiny trial11] Epoch  10/100 | LR: 8.31e-06 | train loss 0.4031 acc 0.837 | val loss 0.3466 acc 0.851 *
[convnext_tiny trial11] Epoch  11/100 | LR: 8.31e-06 | train loss 0.3530 acc 0.849 | val loss 0.3337 acc 0.866 *
[convnext_tiny trial11] Epoch  12/100 | LR: 8.31e-06 | train loss 0.3285 acc 0.855 | val loss 0.3236 acc 0.868 *
[convnext_tiny trial11] Epoch  13/100 | LR: 8.31e-06 | train loss 0.2937 acc 0.871 | val loss 0.3202 acc 0.863 *
[convnext_tiny trial11] Epoch  14/100 | LR: 8.31e-06 | train loss 0.3017 acc 0.874 | val loss 0.3384 acc 0.871
[convnext_tiny trial11] Epoch  15/100 | LR: 8.31e-06 | train loss 0.2732 acc 0.884 | val loss 0.3304 acc 0.878
[convnext_tiny trial11] Epoch  16/100 | LR: 8.31e-06 | train loss 0.2538 acc 0.887 | val loss 0.2964 acc 0.880 *
[I 2026-09-22 15:30:43,984] Trial 11 pruned. 
[15:30:44] [convnext_tiny] trial 12: H=2 N=512 lr=4.27e-04 beta1=0.647 step_size=11 batch_size=48 (micro_batch=16, accum_steps=3)
[convnext_tiny trial12] Using gradient accumulation: 3 micro-batches per optimizer step (effective batch size ≈ micro_batch x 3).
[convnext_tiny trial12] Epoch   1/100 | LR: 4.27e-04 | train loss 1.2534 acc 0.462 | val loss 0.9874 acc 0.622 *
[convnext_tiny trial12] Epoch   2/100 | LR: 4.27e-04 | train loss 0.7889 acc 0.678 | val loss 0.5371 acc 0.812 *
[convnext_tiny trial12] Epoch   3/100 | LR: 4.27e-04 | train loss 0.6555 acc 0.738 | val loss 0.5346 acc 0.778 *
[convnext_tiny trial12] Epoch   4/100 | LR: 4.27e-04 | train loss 0.5146 acc 0.811 | val loss 0.3943 acc 0.856 *
[convnext_tiny trial12] Epoch   5/100 | LR: 4.27e-04 | train loss 0.4861 acc 0.810 | val loss 0.4061 acc 0.837
[convnext_tiny trial12] Epoch   6/100 | LR: 4.27e-04 | train loss 0.4284 acc 0.817 | val loss 0.3783 acc 0.849 *
[convnext_tiny trial12] Epoch   7/100 | LR: 4.27e-04 | train loss 0.4104 acc 0.833 | val loss 0.3068 acc 0.888 *
[convnext_tiny trial12] Epoch   8/100 | LR: 4.27e-04 | train loss 0.3909 acc 0.835 | val loss 0.3401 acc 0.849
[convnext_tiny trial12] Epoch   9/100 | LR: 4.27e-04 | train loss 0.3595 acc 0.838 | val loss 1.2247 acc 0.537
[convnext_tiny trial12] Epoch  10/100 | LR: 4.27e-04 | train loss 0.3560 acc 0.840 | val loss 0.3847 acc 0.859
[convnext_tiny trial12] Epoch  11/100 | LR: 4.27e-05 | train loss 0.2953 acc 0.869 | val loss 0.5549 acc 0.793
[convnext_tiny trial12] Epoch  12/100 | LR: 4.27e-05 | train loss 0.2129 acc 0.902 | val loss 0.3326 acc 0.876
[convnext_tiny trial12] Epoch  13/100 | LR: 4.27e-05 | train loss 0.1516 acc 0.929 | val loss 0.3261 acc 0.876
[convnext_tiny trial12] Epoch  14/100 | LR: 4.27e-05 | train loss 0.1513 acc 0.931 | val loss 0.3186 acc 0.883
[convnext_tiny trial12] Epoch  15/100 | LR: 4.27e-05 | train loss 0.1244 acc 0.947 | val loss 0.3159 acc 0.890
[convnext_tiny trial12] Epoch  16/100 | LR: 4.27e-05 | train loss 0.1306 acc 0.939 | val loss 0.3268 acc 0.880
[convnext_tiny trial12] Epoch  17/100 | LR: 4.27e-05 | train loss 0.1080 acc 0.951 | val loss 0.3201 acc 0.900

[convnext_tiny trial12] No val loss improvement for 10 epochs — stopping early at epoch 17.

[convnext_tiny trial12] Restored best checkpoint (val loss = 0.3068)
[15:32:41] [convnext_tiny] trial 12 finished: best val_acc=0.8878 (at val_loss=0.3068)
[I 2026-09-22 15:32:41,809] Trial 12 finished with value: 0.8878048780487805 and parameters: {'hidden_layers': 2, 'neurons': 512, 'lr': 0.00042697930769082797, 'beta1': 0.646993362820901, 'step_size': 11, 'batch_size': 48}. Best is trial 3 with value: 0.8975609756097561.
[15:32:41] [convnext_tiny] trial 13: H=2 N=2048 lr=4.94e-06 beta1=0.529 step_size=13 batch_size=128 (micro_batch=16, accum_steps=8)
[convnext_tiny trial13] Using gradient accumulation: 8 micro-batches per optimizer step (effective batch size ≈ micro_batch x 8).
[convnext_tiny trial13] Epoch   1/100 | LR: 4.94e-06 | train loss 1.3808 acc 0.415 | val loss 1.3431 acc 0.444 *
[convnext_tiny trial13] Epoch   2/100 | LR: 4.94e-06 | train loss 1.3660 acc 0.443 | val loss 1.3112 acc 0.476 *
[convnext_tiny trial13] Epoch   3/100 | LR: 4.94e-06 | train loss 1.3509 acc 0.483 | val loss 1.2879 acc 0.537 *
[convnext_tiny trial13] Epoch   4/100 | LR: 4.94e-06 | train loss 1.3324 acc 0.502 | val loss 1.2577 acc 0.566 *
[convnext_tiny trial13] Epoch   5/100 | LR: 4.94e-06 | train loss 1.3121 acc 0.552 | val loss 1.2283 acc 0.637 *
[convnext_tiny trial13] Epoch   6/100 | LR: 4.94e-06 | train loss 1.2810 acc 0.583 | val loss 1.1875 acc 0.678 *
[convnext_tiny trial13] Epoch   7/100 | LR: 4.94e-06 | train loss 1.2384 acc 0.626 | val loss 1.1410 acc 0.710 *
[convnext_tiny trial13] Epoch   8/100 | LR: 4.94e-06 | train loss 1.1867 acc 0.645 | val loss 1.0821 acc 0.722 *
[convnext_tiny trial13] Epoch   9/100 | LR: 4.94e-06 | train loss 1.1118 acc 0.658 | val loss 1.0063 acc 0.695 *
[convnext_tiny trial13] Epoch  10/100 | LR: 4.94e-06 | train loss 1.0283 acc 0.666 | val loss 0.9220 acc 0.702 *
[convnext_tiny trial13] Epoch  11/100 | LR: 4.94e-06 | train loss 0.9561 acc 0.681 | val loss 0.8529 acc 0.702 *
[convnext_tiny trial13] Epoch  12/100 | LR: 4.94e-06 | train loss 0.8735 acc 0.701 | val loss 0.7820 acc 0.741 *
[I 2026-09-22 15:34:03,858] Trial 13 pruned. 
[15:34:03] [convnext_tiny] trial 14: H=0 N=512 lr=2.24e-06 beta1=0.528 step_size=21 batch_size=48 (micro_batch=16, accum_steps=3)
[convnext_tiny trial14] Using gradient accumulation: 3 micro-batches per optimizer step (effective batch size ≈ micro_batch x 3).
[convnext_tiny trial14] Epoch   1/100 | LR: 2.24e-06 | train loss 1.3976 acc 0.301 | val loss 1.3187 acc 0.359 *
[convnext_tiny trial14] Epoch   2/100 | LR: 2.24e-06 | train loss 1.3628 acc 0.355 | val loss 1.2834 acc 0.429 *
[convnext_tiny trial14] Epoch   3/100 | LR: 2.24e-06 | train loss 1.3324 acc 0.398 | val loss 1.2501 acc 0.502 *
[convnext_tiny trial14] Epoch   4/100 | LR: 2.24e-06 | train loss 1.2994 acc 0.485 | val loss 1.2211 acc 0.534 *
[convnext_tiny trial14] Epoch   5/100 | LR: 2.24e-06 | train loss 1.2788 acc 0.498 | val loss 1.1972 acc 0.556 *
[convnext_tiny trial14] Epoch   6/100 | LR: 2.24e-06 | train loss 1.2567 acc 0.513 | val loss 1.1752 acc 0.563 *
[convnext_tiny trial14] Epoch   7/100 | LR: 2.24e-06 | train loss 1.2273 acc 0.538 | val loss 1.1490 acc 0.585 *
[convnext_tiny trial14] Epoch   8/100 | LR: 2.24e-06 | train loss 1.2040 acc 0.560 | val loss 1.1254 acc 0.593 *
[convnext_tiny trial14] Epoch   9/100 | LR: 2.24e-06 | train loss 1.1685 acc 0.573 | val loss 1.1016 acc 0.605 *
[convnext_tiny trial14] Epoch  10/100 | LR: 2.24e-06 | train loss 1.1483 acc 0.583 | val loss 1.0742 acc 0.622 *
[convnext_tiny trial14] Epoch  11/100 | LR: 2.24e-06 | train loss 1.1049 acc 0.606 | val loss 1.0439 acc 0.637 *
[convnext_tiny trial14] Epoch  12/100 | LR: 2.24e-06 | train loss 1.0766 acc 0.615 | val loss 1.0184 acc 0.671 *
[I 2026-09-22 15:35:26,634] Trial 14 pruned. 
[15:35:26] [convnext_tiny] trial 15: H=2 N=512 lr=8.07e-05 beta1=0.663 step_size=5 batch_size=8 (micro_batch=8, accum_steps=1)
[convnext_tiny trial15] Epoch   1/100 | LR: 8.07e-05 | train loss 0.9223 acc 0.648 | val loss 0.5059 acc 0.798 *
[convnext_tiny trial15] Epoch   2/100 | LR: 8.07e-05 | train loss 0.5434 acc 0.809 | val loss 0.4091 acc 0.844 *
[convnext_tiny trial15] Epoch   3/100 | LR: 8.07e-05 | train loss 0.4255 acc 0.836 | val loss 0.3570 acc 0.859 *
[convnext_tiny trial15] Epoch   4/100 | LR: 8.07e-05 | train loss 0.3669 acc 0.857 | val loss 0.4061 acc 0.841
[convnext_tiny trial15] Epoch   5/100 | LR: 8.07e-06 | train loss 0.3401 acc 0.859 | val loss 0.3621 acc 0.851
[convnext_tiny trial15] Epoch   6/100 | LR: 8.07e-06 | train loss 0.2029 acc 0.926 | val loss 0.3176 acc 0.873 *
[convnext_tiny trial15] Epoch   7/100 | LR: 8.07e-06 | train loss 0.1766 acc 0.931 | val loss 0.2982 acc 0.885 *
[convnext_tiny trial15] Epoch   8/100 | LR: 8.07e-06 | train loss 0.1615 acc 0.936 | val loss 0.3087 acc 0.883
[convnext_tiny trial15] Epoch   9/100 | LR: 8.07e-06 | train loss 0.1380 acc 0.945 | val loss 0.2965 acc 0.888 *
[convnext_tiny trial15] Epoch  10/100 | LR: 8.07e-07 | train loss 0.1363 acc 0.947 | val loss 0.2946 acc 0.893 *
[convnext_tiny trial15] Epoch  11/100 | LR: 8.07e-07 | train loss 0.1298 acc 0.950 | val loss 0.2911 acc 0.890 *
[convnext_tiny trial15] Epoch  12/100 | LR: 8.07e-07 | train loss 0.1203 acc 0.956 | val loss 0.2903 acc 0.888 *
[convnext_tiny trial15] Epoch  13/100 | LR: 8.07e-07 | train loss 0.1049 acc 0.960 | val loss 0.2886 acc 0.893 *
[convnext_tiny trial15] Epoch  14/100 | LR: 8.07e-07 | train loss 0.1123 acc 0.954 | val loss 0.2903 acc 0.885
[convnext_tiny trial15] Epoch  15/100 | LR: 8.07e-08 | train loss 0.1170 acc 0.958 | val loss 0.2896 acc 0.888
[convnext_tiny trial15] Epoch  16/100 | LR: 8.07e-08 | train loss 0.1210 acc 0.962 | val loss 0.2894 acc 0.888
[convnext_tiny trial15] Epoch  17/100 | LR: 8.07e-08 | train loss 0.1141 acc 0.948 | val loss 0.2890 acc 0.888
[convnext_tiny trial15] Epoch  18/100 | LR: 8.07e-08 | train loss 0.1046 acc 0.959 | val loss 0.2888 acc 0.890
[convnext_tiny trial15] Epoch  19/100 | LR: 8.07e-08 | train loss 0.1045 acc 0.960 | val loss 0.2886 acc 0.888
[convnext_tiny trial15] Epoch  20/100 | LR: 8.07e-09 | train loss 0.1215 acc 0.956 | val loss 0.2887 acc 0.888
[convnext_tiny trial15] Epoch  21/100 | LR: 8.07e-09 | train loss 0.1077 acc 0.960 | val loss 0.2887 acc 0.888
[convnext_tiny trial15] Epoch  22/100 | LR: 8.07e-09 | train loss 0.1133 acc 0.957 | val loss 0.2887 acc 0.888
[convnext_tiny trial15] Epoch  23/100 | LR: 8.07e-09 | train loss 0.1007 acc 0.964 | val loss 0.2887 acc 0.888

[convnext_tiny trial15] No val loss improvement for 10 epochs — stopping early at epoch 23.

[convnext_tiny trial15] Restored best checkpoint (val loss = 0.2886)
[15:39:10] [convnext_tiny] trial 15 finished: best val_acc=0.8927 (at val_loss=0.2886)
[I 2026-09-22 15:39:10,259] Trial 15 finished with value: 0.8926829268292683 and parameters: {'hidden_layers': 2, 'neurons': 512, 'lr': 8.065413156315646e-05, 'beta1': 0.663178511647708, 'step_size': 5, 'batch_size': 8}. Best is trial 3 with value: 0.8975609756097561.
[15:39:10] [convnext_tiny] trial 16: H=3 N=512 lr=4.95e-05 beta1=0.504 step_size=14 batch_size=48 (micro_batch=16, accum_steps=3)
[convnext_tiny trial16] Using gradient accumulation: 3 micro-batches per optimizer step (effective batch size ≈ micro_batch x 3).
[convnext_tiny trial16] Epoch   1/100 | LR: 4.95e-05 | train loss 1.3370 acc 0.512 | val loss 1.0546 acc 0.624 *
[convnext_tiny trial16] Epoch   2/100 | LR: 4.95e-05 | train loss 0.8464 acc 0.674 | val loss 0.7177 acc 0.693 *
[convnext_tiny trial16] Epoch   3/100 | LR: 4.95e-05 | train loss 0.5233 acc 0.809 | val loss 0.3571 acc 0.866 *
[convnext_tiny trial16] Epoch   4/100 | LR: 4.95e-05 | train loss 0.4274 acc 0.831 | val loss 0.3830 acc 0.880
[convnext_tiny trial16] Epoch   5/100 | LR: 4.95e-05 | train loss 0.3298 acc 0.867 | val loss 0.3701 acc 0.873
[convnext_tiny trial16] Epoch   6/100 | LR: 4.95e-05 | train loss 0.2598 acc 0.888 | val loss 0.4674 acc 0.820
[convnext_tiny trial16] Epoch   7/100 | LR: 4.95e-05 | train loss 0.2647 acc 0.890 | val loss 0.3677 acc 0.863
[convnext_tiny trial16] Epoch   8/100 | LR: 4.95e-05 | train loss 0.2258 acc 0.908 | val loss 0.3523 acc 0.880 *
[convnext_tiny trial16] Epoch   9/100 | LR: 4.95e-05 | train loss 0.2257 acc 0.901 | val loss 0.2854 acc 0.890 *
[convnext_tiny trial16] Epoch  10/100 | LR: 4.95e-05 | train loss 0.1851 acc 0.926 | val loss 0.3042 acc 0.883
[convnext_tiny trial16] Epoch  11/100 | LR: 4.95e-05 | train loss 0.1553 acc 0.927 | val loss 0.2999 acc 0.885
[convnext_tiny trial16] Epoch  12/100 | LR: 4.95e-05 | train loss 0.1471 acc 0.940 | val loss 0.3261 acc 0.893
[convnext_tiny trial16] Epoch  13/100 | LR: 4.95e-05 | train loss 0.1104 acc 0.949 | val loss 0.3740 acc 0.878
[convnext_tiny trial16] Epoch  14/100 | LR: 4.95e-06 | train loss 0.1196 acc 0.949 | val loss 0.3229 acc 0.888
[convnext_tiny trial16] Epoch  15/100 | LR: 4.95e-06 | train loss 0.0787 acc 0.972 | val loss 0.3242 acc 0.885
[convnext_tiny trial16] Epoch  16/100 | LR: 4.95e-06 | train loss 0.0675 acc 0.973 | val loss 0.3261 acc 0.893
[convnext_tiny trial16] Epoch  17/100 | LR: 4.95e-06 | train loss 0.0709 acc 0.973 | val loss 0.3244 acc 0.893
[convnext_tiny trial16] Epoch  18/100 | LR: 4.95e-06 | train loss 0.0657 acc 0.976 | val loss 0.3350 acc 0.895
[convnext_tiny trial16] Epoch  19/100 | LR: 4.95e-06 | train loss 0.0481 acc 0.980 | val loss 0.3209 acc 0.895

[convnext_tiny trial16] No val loss improvement for 10 epochs — stopping early at epoch 19.

[convnext_tiny trial16] Restored best checkpoint (val loss = 0.2854)
[15:41:22] [convnext_tiny] trial 16 finished: best val_acc=0.8902 (at val_loss=0.2854)
[I 2026-09-22 15:41:22,087] Trial 16 finished with value: 0.8902439024390244 and parameters: {'hidden_layers': 3, 'neurons': 512, 'lr': 4.9461972985295015e-05, 'beta1': 0.504421994538681, 'step_size': 14, 'batch_size': 48}. Best is trial 3 with value: 0.8975609756097561.
[15:41:22] [convnext_tiny] trial 17: H=1 N=2048 lr=5.65e-05 beta1=0.560 step_size=21 batch_size=128 (micro_batch=16, accum_steps=8)
[convnext_tiny trial17] Using gradient accumulation: 8 micro-batches per optimizer step (effective batch size ≈ micro_batch x 8).
[convnext_tiny trial17] Epoch   1/100 | LR: 5.65e-05 | train loss 1.2943 acc 0.493 | val loss 1.1513 acc 0.607 *
[convnext_tiny trial17] Epoch   2/100 | LR: 5.65e-05 | train loss 0.9358 acc 0.694 | val loss 0.7283 acc 0.724 *
[convnext_tiny trial17] Epoch   3/100 | LR: 5.65e-05 | train loss 0.6011 acc 0.758 | val loss 0.4984 acc 0.790 *
[convnext_tiny trial17] Epoch   4/100 | LR: 5.65e-05 | train loss 0.4533 acc 0.822 | val loss 0.3589 acc 0.859 *
[convnext_tiny trial17] Epoch   5/100 | LR: 5.65e-05 | train loss 0.3880 acc 0.856 | val loss 0.3897 acc 0.837
[convnext_tiny trial17] Epoch   6/100 | LR: 5.65e-05 | train loss 0.3254 acc 0.865 | val loss 0.3761 acc 0.856
[convnext_tiny trial17] Epoch   7/100 | LR: 5.65e-05 | train loss 0.2924 acc 0.878 | val loss 0.2611 acc 0.912 *
[convnext_tiny trial17] Epoch   8/100 | LR: 5.65e-05 | train loss 0.2613 acc 0.904 | val loss 0.3177 acc 0.883
[convnext_tiny trial17] Epoch   9/100 | LR: 5.65e-05 | train loss 0.2157 acc 0.907 | val loss 0.3101 acc 0.890
[convnext_tiny trial17] Epoch  10/100 | LR: 5.65e-05 | train loss 0.2077 acc 0.916 | val loss 0.2646 acc 0.898
[convnext_tiny trial17] Epoch  11/100 | LR: 5.65e-05 | train loss 0.1822 acc 0.927 | val loss 0.3587 acc 0.880
[convnext_tiny trial17] Epoch  12/100 | LR: 5.65e-05 | train loss 0.1771 acc 0.915 | val loss 0.2813 acc 0.898
[convnext_tiny trial17] Epoch  13/100 | LR: 5.65e-05 | train loss 0.1380 acc 0.942 | val loss 0.3597 acc 0.880
[convnext_tiny trial17] Epoch  14/100 | LR: 5.65e-05 | train loss 0.1468 acc 0.928 | val loss 0.2570 acc 0.907 *
[convnext_tiny trial17] Epoch  15/100 | LR: 5.65e-05 | train loss 0.1176 acc 0.947 | val loss 0.2634 acc 0.915
[convnext_tiny trial17] Epoch  16/100 | LR: 5.65e-05 | train loss 0.1108 acc 0.949 | val loss 0.2934 acc 0.895
[convnext_tiny trial17] Epoch  17/100 | LR: 5.65e-05 | train loss 0.0878 acc 0.966 | val loss 0.2747 acc 0.905
[convnext_tiny trial17] Epoch  18/100 | LR: 5.65e-05 | train loss 0.0991 acc 0.957 | val loss 0.2730 acc 0.910
[convnext_tiny trial17] Epoch  19/100 | LR: 5.65e-05 | train loss 0.0551 acc 0.973 | val loss 0.2951 acc 0.907
[convnext_tiny trial17] Epoch  20/100 | LR: 5.65e-05 | train loss 0.0501 acc 0.978 | val loss 0.2891 acc 0.902
[convnext_tiny trial17] Epoch  21/100 | LR: 5.65e-06 | train loss 0.0442 acc 0.982 | val loss 0.2856 acc 0.907
[convnext_tiny trial17] Epoch  22/100 | LR: 5.65e-06 | train loss 0.0541 acc 0.979 | val loss 0.2894 acc 0.910
[convnext_tiny trial17] Epoch  23/100 | LR: 5.65e-06 | train loss 0.0398 acc 0.983 | val loss 0.2931 acc 0.910
[convnext_tiny trial17] Epoch  24/100 | LR: 5.65e-06 | train loss 0.0381 acc 0.986 | val loss 0.2904 acc 0.910

[convnext_tiny trial17] No val loss improvement for 10 epochs — stopping early at epoch 24.

[convnext_tiny trial17] Restored best checkpoint (val loss = 0.2570)
[15:44:04] [convnext_tiny] trial 17 finished: best val_acc=0.9073 (at val_loss=0.2570)
[I 2026-09-22 15:44:04,059] Trial 17 finished with value: 0.9073170731707317 and parameters: {'hidden_layers': 1, 'neurons': 2048, 'lr': 5.654044156118665e-05, 'beta1': 0.5598695840061737, 'step_size': 21, 'batch_size': 128}. Best is trial 17 with value: 0.9073170731707317.
[15:44:04] [convnext_tiny] trial 18: H=1 N=2048 lr=1.07e-04 beta1=0.508 step_size=23 batch_size=48 (micro_batch=16, accum_steps=3)
[convnext_tiny trial18] Using gradient accumulation: 3 micro-batches per optimizer step (effective batch size ≈ micro_batch x 3).
[convnext_tiny trial18] Epoch   1/100 | LR: 1.07e-04 | train loss 1.0040 acc 0.593 | val loss 0.5597 acc 0.776 *
[convnext_tiny trial18] Epoch   2/100 | LR: 1.07e-04 | train loss 0.5016 acc 0.807 | val loss 0.3390 acc 0.888 *
[convnext_tiny trial18] Epoch   3/100 | LR: 1.07e-04 | train loss 0.4184 acc 0.830 | val loss 0.3213 acc 0.863 *
[convnext_tiny trial18] Epoch   4/100 | LR: 1.07e-04 | train loss 0.3145 acc 0.872 | val loss 0.4793 acc 0.815
[convnext_tiny trial18] Epoch   5/100 | LR: 1.07e-04 | train loss 0.2693 acc 0.884 | val loss 0.2998 acc 0.893 *
[convnext_tiny trial18] Epoch   6/100 | LR: 1.07e-04 | train loss 0.2349 acc 0.904 | val loss 0.3446 acc 0.871
[convnext_tiny trial18] Epoch   7/100 | LR: 1.07e-04 | train loss 0.2130 acc 0.915 | val loss 0.2498 acc 0.898 *
[convnext_tiny trial18] Epoch   8/100 | LR: 1.07e-04 | train loss 0.1832 acc 0.921 | val loss 0.3582 acc 0.861
[convnext_tiny trial18] Epoch   9/100 | LR: 1.07e-04 | train loss 0.1775 acc 0.925 | val loss 0.3317 acc 0.868
[convnext_tiny trial18] Epoch  10/100 | LR: 1.07e-04 | train loss 0.1363 acc 0.943 | val loss 0.3346 acc 0.883
[convnext_tiny trial18] Epoch  11/100 | LR: 1.07e-04 | train loss 0.0907 acc 0.960 | val loss 0.2824 acc 0.895
[convnext_tiny trial18] Epoch  12/100 | LR: 1.07e-04 | train loss 0.1064 acc 0.952 | val loss 0.3277 acc 0.893
[convnext_tiny trial18] Epoch  13/100 | LR: 1.07e-04 | train loss 0.1204 acc 0.956 | val loss 0.5103 acc 0.849
[convnext_tiny trial18] Epoch  14/100 | LR: 1.07e-04 | train loss 0.0957 acc 0.957 | val loss 0.3611 acc 0.893
[convnext_tiny trial18] Epoch  15/100 | LR: 1.07e-04 | train loss 0.0559 acc 0.979 | val loss 0.4966 acc 0.863
[convnext_tiny trial18] Epoch  16/100 | LR: 1.07e-04 | train loss 0.0928 acc 0.963 | val loss 0.3603 acc 0.905
[convnext_tiny trial18] Epoch  17/100 | LR: 1.07e-04 | train loss 0.0707 acc 0.972 | val loss 0.5526 acc 0.849

[convnext_tiny trial18] No val loss improvement for 10 epochs — stopping early at epoch 17.

[convnext_tiny trial18] Restored best checkpoint (val loss = 0.2498)
[15:46:02] [convnext_tiny] trial 18 finished: best val_acc=0.8976 (at val_loss=0.2498)
[I 2026-09-22 15:46:02,400] Trial 18 finished with value: 0.8975609756097561 and parameters: {'hidden_layers': 1, 'neurons': 2048, 'lr': 0.00010740904160281893, 'beta1': 0.5080323364859913, 'step_size': 23, 'batch_size': 48}. Best is trial 17 with value: 0.9073170731707317.
[15:46:02] [convnext_tiny] trial 19: H=1 N=512 lr=2.11e-05 beta1=0.699 step_size=26 batch_size=128 (micro_batch=16, accum_steps=8)
[convnext_tiny trial19] Using gradient accumulation: 8 micro-batches per optimizer step (effective batch size ≈ micro_batch x 8).
[convnext_tiny trial19] Epoch   1/100 | LR: 2.11e-05 | train loss 1.3721 acc 0.371 | val loss 1.2980 acc 0.534 *
[convnext_tiny trial19] Epoch   2/100 | LR: 2.11e-05 | train loss 1.3068 acc 0.525 | val loss 1.2020 acc 0.668 *
[convnext_tiny trial19] Epoch   3/100 | LR: 2.11e-05 | train loss 1.2108 acc 0.611 | val loss 1.0782 acc 0.683 *
[convnext_tiny trial19] Epoch   4/100 | LR: 2.11e-05 | train loss 1.0614 acc 0.635 | val loss 0.9149 acc 0.685 *
[convnext_tiny trial19] Epoch   5/100 | LR: 2.11e-05 | train loss 0.9093 acc 0.655 | val loss 0.8061 acc 0.712 *
[I 2026-09-22 15:46:36,794] Trial 19 pruned. 
[15:46:36] === convnext_tiny done: 13 completed, 6 pruned. Best trial #17: val_acc=0.9073 params={'hidden_layers': 1, 'neurons': 2048, 'lr': 5.654044156118665e-05, 'beta1': 0.5598695840061737, 'step_size': 21, 'batch_size': 128} ===
[15:46:36] Saved tuned hyperparameters for convnext_tiny to tuned_hyperparams.json
[15:46:36] [convnext_tiny] finished in 33.3 min
[I 2026-09-22 15:46:36,823] A new study created in RDB with name: inception_v3_tune
[15:46:36] === inception_v3: 0/20 trials already recorded, 20 remaining, img_size=(299, 299) ===
[15:46:36] [inception_v3] trial 0: H=1 N=512 lr=2.92e-03 beta1=0.800 step_size=30 batch_size=16 (micro_batch=16, accum_steps=1)
[inception_v3 trial0] Epoch   1/100 | LR: 2.92e-03 | train loss 2.2060 acc 0.276 | val loss 1.3612 acc 0.400 *
[inception_v3 trial0] Epoch   2/100 | LR: 2.92e-03 | train loss 1.9984 acc 0.360 | val loss 1.3448 acc 0.405 *
[inception_v3 trial0] Epoch   3/100 | LR: 2.92e-03 | train loss 1.9207 acc 0.349 | val loss 1.4043 acc 0.129
[inception_v3 trial0] Epoch   4/100 | LR: 2.92e-03 | train loss 1.9737 acc 0.351 | val loss 1.8837 acc 0.432
[inception_v3 trial0] Epoch   5/100 | LR: 2.92e-03 | train loss 1.9278 acc 0.382 | val loss 1.2151 acc 0.437 *
[inception_v3 trial0] Epoch   6/100 | LR: 2.92e-03 | train loss 1.8185 acc 0.399 | val loss 1.2891 acc 0.410
[inception_v3 trial0] Epoch   7/100 | LR: 2.92e-03 | train loss 1.8173 acc 0.401 | val loss 1.1518 acc 0.429 *
[inception_v3 trial0] Epoch   8/100 | LR: 2.92e-03 | train loss 1.7972 acc 0.374 | val loss 1.1368 acc 0.373 *
[inception_v3 trial0] Epoch   9/100 | LR: 2.92e-03 | train loss 1.7688 acc 0.387 | val loss 1.2710 acc 0.378
[inception_v3 trial0] Epoch  10/100 | LR: 2.92e-03 | train loss 1.7345 acc 0.405 | val loss 1.0806 acc 0.473 *
[inception_v3 trial0] Epoch  11/100 | LR: 2.92e-03 | train loss 1.6706 acc 0.420 | val loss 2.1308 acc 0.144
[inception_v3 trial0] Epoch  12/100 | LR: 2.92e-03 | train loss 1.6750 acc 0.442 | val loss 1.4462 acc 0.205
[inception_v3 trial0] Epoch  13/100 | LR: 2.92e-03 | train loss 1.6237 acc 0.464 | val loss 1.1517 acc 0.454
[inception_v3 trial0] Epoch  14/100 | LR: 2.92e-03 | train loss 1.6375 acc 0.438 | val loss 1.3479 acc 0.124
[inception_v3 trial0] Epoch  15/100 | LR: 2.92e-03 | train loss 1.6792 acc 0.407 | val loss 0.9800 acc 0.512 *
[inception_v3 trial0] Epoch  16/100 | LR: 2.92e-03 | train loss 1.6749 acc 0.407 | val loss 1.6345 acc 0.117
[inception_v3 trial0] Epoch  17/100 | LR: 2.92e-03 | train loss 1.5763 acc 0.432 | val loss 2.1092 acc 0.463
[inception_v3 trial0] Epoch  18/100 | LR: 2.92e-03 | train loss 1.5566 acc 0.421 | val loss 0.9524 acc 0.493 *
[inception_v3 trial0] Epoch  19/100 | LR: 2.92e-03 | train loss 1.5063 acc 0.466 | val loss 0.9790 acc 0.498
[inception_v3 trial0] Epoch  20/100 | LR: 2.92e-03 | train loss 1.4809 acc 0.442 | val loss 1.1857 acc 0.349
[inception_v3 trial0] Epoch  21/100 | LR: 2.92e-03 | train loss 1.5242 acc 0.446 | val loss 0.9640 acc 0.546
[inception_v3 trial0] Epoch  22/100 | LR: 2.92e-03 | train loss 1.4838 acc 0.468 | val loss 0.9070 acc 0.556 *
[inception_v3 trial0] Epoch  23/100 | LR: 2.92e-03 | train loss 1.5158 acc 0.482 | val loss 1.0001 acc 0.522
[inception_v3 trial0] Epoch  24/100 | LR: 2.92e-03 | train loss 1.4444 acc 0.490 | val loss 0.9674 acc 0.537
[inception_v3 trial0] Epoch  25/100 | LR: 2.92e-03 | train loss 1.4199 acc 0.494 | val loss 3.1358 acc 0.195
[inception_v3 trial0] Epoch  26/100 | LR: 2.92e-03 | train loss 1.4341 acc 0.480 | val loss 1.1658 acc 0.473
[inception_v3 trial0] Epoch  27/100 | LR: 2.92e-03 | train loss 1.4763 acc 0.499 | val loss 0.8598 acc 0.576 *
[inception_v3 trial0] Epoch  28/100 | LR: 2.92e-03 | train loss 1.3882 acc 0.524 | val loss 0.8492 acc 0.639 *
[inception_v3 trial0] Epoch  29/100 | LR: 2.92e-03 | train loss 1.4382 acc 0.518 | val loss 0.9598 acc 0.534
[inception_v3 trial0] Epoch  30/100 | LR: 2.92e-04 | train loss 1.3194 acc 0.537 | val loss 0.8127 acc 0.615 *
[inception_v3 trial0] Epoch  31/100 | LR: 2.92e-04 | train loss 1.1692 acc 0.600 | val loss 0.7790 acc 0.659 *
[inception_v3 trial0] Epoch  32/100 | LR: 2.92e-04 | train loss 1.1599 acc 0.596 | val loss 0.7552 acc 0.646 *
[inception_v3 trial0] Epoch  33/100 | LR: 2.92e-04 | train loss 1.1511 acc 0.596 | val loss 0.7600 acc 0.646
[inception_v3 trial0] Epoch  34/100 | LR: 2.92e-04 | train loss 1.1854 acc 0.608 | val loss 0.7529 acc 0.661 *
[inception_v3 trial0] Epoch  35/100 | LR: 2.92e-04 | train loss 1.1194 acc 0.621 | val loss 0.7285 acc 0.659 *
[inception_v3 trial0] Epoch  36/100 | LR: 2.92e-04 | train loss 1.1138 acc 0.635 | val loss 0.6839 acc 0.690 *
[inception_v3 trial0] Epoch  37/100 | LR: 2.92e-04 | train loss 1.0810 acc 0.648 | val loss 0.6682 acc 0.712 *
[inception_v3 trial0] Epoch  38/100 | LR: 2.92e-04 | train loss 1.0136 acc 0.646 | val loss 0.6273 acc 0.739 *
[inception_v3 trial0] Epoch  39/100 | LR: 2.92e-04 | train loss 1.0277 acc 0.650 | val loss 0.6368 acc 0.732
[inception_v3 trial0] Epoch  40/100 | LR: 2.92e-04 | train loss 1.0693 acc 0.660 | val loss 0.7185 acc 0.702
[inception_v3 trial0] Epoch  41/100 | LR: 2.92e-04 | train loss 0.9856 acc 0.668 | val loss 0.6806 acc 0.729
[inception_v3 trial0] Epoch  42/100 | LR: 2.92e-04 | train loss 0.9927 acc 0.661 | val loss 0.7351 acc 0.690
[inception_v3 trial0] Epoch  43/100 | LR: 2.92e-04 | train loss 1.0096 acc 0.664 | val loss 0.6279 acc 0.746
[inception_v3 trial0] Epoch  44/100 | LR: 2.92e-04 | train loss 0.9758 acc 0.689 | val loss 0.7090 acc 0.705
[inception_v3 trial0] Epoch  45/100 | LR: 2.92e-04 | train loss 1.0023 acc 0.687 | val loss 0.5942 acc 0.761 *
[inception_v3 trial0] Epoch  46/100 | LR: 2.92e-04 | train loss 0.9758 acc 0.689 | val loss 0.6375 acc 0.729
[inception_v3 trial0] Epoch  47/100 | LR: 2.92e-04 | train loss 0.9313 acc 0.680 | val loss 0.6379 acc 0.739
[inception_v3 trial0] Epoch  48/100 | LR: 2.92e-04 | train loss 0.9333 acc 0.684 | val loss 0.6268 acc 0.749
[inception_v3 trial0] Epoch  49/100 | LR: 2.92e-04 | train loss 0.8903 acc 0.700 | val loss 0.6139 acc 0.741
[inception_v3 trial0] Epoch  50/100 | LR: 2.92e-04 | train loss 0.9138 acc 0.686 | val loss 0.6198 acc 0.741
[inception_v3 trial0] Epoch  51/100 | LR: 2.92e-04 | train loss 0.8841 acc 0.715 | val loss 0.5796 acc 0.746 *
[inception_v3 trial0] Epoch  52/100 | LR: 2.92e-04 | train loss 0.9374 acc 0.706 | val loss 0.6507 acc 0.737
[inception_v3 trial0] Epoch  53/100 | LR: 2.92e-04 | train loss 0.8493 acc 0.725 | val loss 0.5608 acc 0.756 *
[inception_v3 trial0] Epoch  54/100 | LR: 2.92e-04 | train loss 0.8990 acc 0.726 | val loss 0.5513 acc 0.780 *
[inception_v3 trial0] Epoch  55/100 | LR: 2.92e-04 | train loss 0.8244 acc 0.734 | val loss 0.5601 acc 0.746
[inception_v3 trial0] Epoch  56/100 | LR: 2.92e-04 | train loss 0.8309 acc 0.730 | val loss 0.5461 acc 0.763 *
[inception_v3 trial0] Epoch  57/100 | LR: 2.92e-04 | train loss 0.7848 acc 0.734 | val loss 0.5161 acc 0.783 *
[inception_v3 trial0] Epoch  58/100 | LR: 2.92e-04 | train loss 0.8065 acc 0.733 | val loss 0.5151 acc 0.785 *
[inception_v3 trial0] Epoch  59/100 | LR: 2.92e-04 | train loss 0.8406 acc 0.723 | val loss 0.5640 acc 0.763
[inception_v3 trial0] Epoch  60/100 | LR: 2.92e-05 | train loss 0.7920 acc 0.735 | val loss 0.5520 acc 0.793
[inception_v3 trial0] Epoch  61/100 | LR: 2.92e-05 | train loss 0.7639 acc 0.739 | val loss 0.5450 acc 0.766
[inception_v3 trial0] Epoch  62/100 | LR: 2.92e-05 | train loss 0.7054 acc 0.744 | val loss 0.5239 acc 0.790
[inception_v3 trial0] Epoch  63/100 | LR: 2.92e-05 | train loss 0.7395 acc 0.755 | val loss 0.5181 acc 0.790
[inception_v3 trial0] Epoch  64/100 | LR: 2.92e-05 | train loss 0.7418 acc 0.764 | val loss 0.5044 acc 0.795 *
[inception_v3 trial0] Epoch  65/100 | LR: 2.92e-05 | train loss 0.7235 acc 0.759 | val loss 0.5128 acc 0.795
[inception_v3 trial0] Epoch  66/100 | LR: 2.92e-05 | train loss 0.6925 acc 0.765 | val loss 0.4986 acc 0.793 *
[inception_v3 trial0] Epoch  67/100 | LR: 2.92e-05 | train loss 0.6704 acc 0.769 | val loss 0.4963 acc 0.790 *
[inception_v3 trial0] Epoch  68/100 | LR: 2.92e-05 | train loss 0.6941 acc 0.778 | val loss 0.4855 acc 0.795 *
[inception_v3 trial0] Epoch  69/100 | LR: 2.92e-05 | train loss 0.6945 acc 0.767 | val loss 0.4788 acc 0.807 *
[inception_v3 trial0] Epoch  70/100 | LR: 2.92e-05 | train loss 0.6619 acc 0.776 | val loss 0.4974 acc 0.807
[inception_v3 trial0] Epoch  71/100 | LR: 2.92e-05 | train loss 0.6496 acc 0.771 | val loss 0.4971 acc 0.800
[inception_v3 trial0] Epoch  72/100 | LR: 2.92e-05 | train loss 0.7018 acc 0.768 | val loss 0.4968 acc 0.802
[inception_v3 trial0] Epoch  73/100 | LR: 2.92e-05 | train loss 0.7095 acc 0.772 | val loss 0.4755 acc 0.807 *
[inception_v3 trial0] Epoch  74/100 | LR: 2.92e-05 | train loss 0.6604 acc 0.773 | val loss 0.4804 acc 0.800
[inception_v3 trial0] Epoch  75/100 | LR: 2.92e-05 | train loss 0.6631 acc 0.782 | val loss 0.5005 acc 0.802
[inception_v3 trial0] Epoch  76/100 | LR: 2.92e-05 | train loss 0.6900 acc 0.786 | val loss 0.4715 acc 0.800 *
[inception_v3 trial0] Epoch  77/100 | LR: 2.92e-05 | train loss 0.6994 acc 0.774 | val loss 0.4874 acc 0.807
[inception_v3 trial0] Epoch  78/100 | LR: 2.92e-05 | train loss 0.6919 acc 0.784 | val loss 0.4749 acc 0.807
[inception_v3 trial0] Epoch  79/100 | LR: 2.92e-05 | train loss 0.6521 acc 0.776 | val loss 0.4731 acc 0.812
[inception_v3 trial0] Epoch  80/100 | LR: 2.92e-05 | train loss 0.6457 acc 0.779 | val loss 0.4918 acc 0.802
[inception_v3 trial0] Epoch  81/100 | LR: 2.92e-05 | train loss 0.6410 acc 0.787 | val loss 0.4766 acc 0.807
[inception_v3 trial0] Epoch  82/100 | LR: 2.92e-05 | train loss 0.6290 acc 0.790 | val loss 0.4743 acc 0.807
[inception_v3 trial0] Epoch  83/100 | LR: 2.92e-05 | train loss 0.6545 acc 0.787 | val loss 0.4632 acc 0.802 *
[inception_v3 trial0] Epoch  84/100 | LR: 2.92e-05 | train loss 0.6410 acc 0.787 | val loss 0.4759 acc 0.812
[inception_v3 trial0] Epoch  85/100 | LR: 2.92e-05 | train loss 0.6152 acc 0.788 | val loss 0.4897 acc 0.800
[inception_v3 trial0] Epoch  86/100 | LR: 2.92e-05 | train loss 0.6103 acc 0.790 | val loss 0.4666 acc 0.807
[inception_v3 trial0] Epoch  87/100 | LR: 2.92e-05 | train loss 0.6629 acc 0.787 | val loss 0.4830 acc 0.815
[inception_v3 trial0] Epoch  88/100 | LR: 2.92e-05 | train loss 0.6071 acc 0.793 | val loss 0.4575 acc 0.805 *
[inception_v3 trial0] Epoch  89/100 | LR: 2.92e-05 | train loss 0.6345 acc 0.784 | val loss 0.4708 acc 0.805
[inception_v3 trial0] Epoch  90/100 | LR: 2.92e-06 | train loss 0.5954 acc 0.796 | val loss 0.4599 acc 0.802
[inception_v3 trial0] Epoch  91/100 | LR: 2.92e-06 | train loss 0.6452 acc 0.787 | val loss 0.4757 acc 0.802
[inception_v3 trial0] Epoch  92/100 | LR: 2.92e-06 | train loss 0.6326 acc 0.797 | val loss 0.4586 acc 0.817
[inception_v3 trial0] Epoch  93/100 | LR: 2.92e-06 | train loss 0.6098 acc 0.801 | val loss 0.4700 acc 0.820
[inception_v3 trial0] Epoch  94/100 | LR: 2.92e-06 | train loss 0.6358 acc 0.801 | val loss 0.4632 acc 0.807
[inception_v3 trial0] Epoch  95/100 | LR: 2.92e-06 | train loss 0.6271 acc 0.791 | val loss 0.4807 acc 0.802
[inception_v3 trial0] Epoch  96/100 | LR: 2.92e-06 | train loss 0.6219 acc 0.794 | val loss 0.4708 acc 0.805
[inception_v3 trial0] Epoch  97/100 | LR: 2.92e-06 | train loss 0.6217 acc 0.806 | val loss 0.4675 acc 0.810
[inception_v3 trial0] Epoch  98/100 | LR: 2.92e-06 | train loss 0.6053 acc 0.801 | val loss 0.4604 acc 0.812

[inception_v3 trial0] No val loss improvement for 10 epochs — stopping early at epoch 98.

[inception_v3 trial0] Restored best checkpoint (val loss = 0.4575)
[16:04:40] [inception_v3] trial 0 finished: best val_acc=0.8049 (at val_loss=0.4575)
[I 2026-09-22 16:04:40,917] Trial 0 finished with value: 0.8048780487804879 and parameters: {'hidden_layers': 1, 'neurons': 512, 'lr': 0.0029154431891537554, 'beta1': 0.7999563908598613, 'step_size': 30, 'batch_size': 16}. Best is trial 0 with value: 0.8048780487804879.
[16:04:41] [inception_v3] trial 1: H=2 N=2048 lr=1.38e-03 beta1=0.600 step_size=23 batch_size=96 (micro_batch=16, accum_steps=6)
[inception_v3 trial1] Using gradient accumulation: 6 micro-batches per optimizer step (effective batch size ≈ micro_batch x 6).
[inception_v3 trial1] Epoch   1/100 | LR: 1.38e-03 | train loss 1.8993 acc 0.411 | val loss 1.4323 acc 0.537 *
[inception_v3 trial1] Epoch   2/100 | LR: 1.38e-03 | train loss 1.5374 acc 0.509 | val loss 0.9663 acc 0.568 *
[inception_v3 trial1] Epoch   3/100 | LR: 1.38e-03 | train loss 1.2844 acc 0.590 | val loss 1.0535 acc 0.627
[inception_v3 trial1] Epoch   4/100 | LR: 1.38e-03 | train loss 1.2142 acc 0.641 | val loss 0.7478 acc 0.695 *
[inception_v3 trial1] Epoch   5/100 | LR: 1.38e-03 | train loss 1.0588 acc 0.689 | val loss 0.9327 acc 0.634
[inception_v3 trial1] Epoch   6/100 | LR: 1.38e-03 | train loss 1.0762 acc 0.676 | val loss 0.7075 acc 0.715 *
[inception_v3 trial1] Epoch   7/100 | LR: 1.38e-03 | train loss 1.0239 acc 0.712 | val loss 0.6309 acc 0.754 *
[inception_v3 trial1] Epoch   8/100 | LR: 1.38e-03 | train loss 0.9694 acc 0.720 | val loss 0.5794 acc 0.807 *
[inception_v3 trial1] Epoch   9/100 | LR: 1.38e-03 | train loss 0.8618 acc 0.729 | val loss 1.1912 acc 0.583
[inception_v3 trial1] Epoch  10/100 | LR: 1.38e-03 | train loss 0.8806 acc 0.754 | val loss 0.5938 acc 0.759
[inception_v3 trial1] Epoch  11/100 | LR: 1.38e-03 | train loss 0.8588 acc 0.764 | val loss 0.4862 acc 0.822 *
[inception_v3 trial1] Epoch  12/100 | LR: 1.38e-03 | train loss 0.8070 acc 0.771 | val loss 0.5150 acc 0.802
[inception_v3 trial1] Epoch  13/100 | LR: 1.38e-03 | train loss 0.7282 acc 0.798 | val loss 0.5572 acc 0.771
[inception_v3 trial1] Epoch  14/100 | LR: 1.38e-03 | train loss 0.7806 acc 0.793 | val loss 0.7011 acc 0.751
[inception_v3 trial1] Epoch  15/100 | LR: 1.38e-03 | train loss 0.7741 acc 0.787 | val loss 0.5669 acc 0.780
[inception_v3 trial1] Epoch  16/100 | LR: 1.38e-03 | train loss 0.6984 acc 0.796 | val loss 0.4849 acc 0.829 *
[inception_v3 trial1] Epoch  17/100 | LR: 1.38e-03 | train loss 0.6739 acc 0.806 | val loss 0.7041 acc 0.734
[inception_v3 trial1] Epoch  18/100 | LR: 1.38e-03 | train loss 0.6530 acc 0.821 | val loss 0.6566 acc 0.788
[inception_v3 trial1] Epoch  19/100 | LR: 1.38e-03 | train loss 0.6792 acc 0.817 | val loss 0.5556 acc 0.783
[inception_v3 trial1] Epoch  20/100 | LR: 1.38e-03 | train loss 0.7497 acc 0.785 | val loss 0.4735 acc 0.824 *
[inception_v3 trial1] Epoch  21/100 | LR: 1.38e-03 | train loss 0.6482 acc 0.824 | val loss 0.7459 acc 0.710
[inception_v3 trial1] Epoch  22/100 | LR: 1.38e-03 | train loss 0.6536 acc 0.808 | val loss 0.4861 acc 0.802
[inception_v3 trial1] Epoch  23/100 | LR: 1.38e-04 | train loss 0.6301 acc 0.808 | val loss 0.4852 acc 0.820
[inception_v3 trial1] Epoch  24/100 | LR: 1.38e-04 | train loss 0.4968 acc 0.861 | val loss 0.4182 acc 0.854 *
[inception_v3 trial1] Epoch  25/100 | LR: 1.38e-04 | train loss 0.3942 acc 0.879 | val loss 0.3667 acc 0.876 *
[inception_v3 trial1] Epoch  26/100 | LR: 1.38e-04 | train loss 0.3410 acc 0.883 | val loss 0.3600 acc 0.878 *
[inception_v3 trial1] Epoch  27/100 | LR: 1.38e-04 | train loss 0.3220 acc 0.907 | val loss 0.3716 acc 0.898
[inception_v3 trial1] Epoch  28/100 | LR: 1.38e-04 | train loss 0.3350 acc 0.890 | val loss 0.3755 acc 0.883
[inception_v3 trial1] Epoch  29/100 | LR: 1.38e-04 | train loss 0.2973 acc 0.910 | val loss 0.3472 acc 0.890 *
[inception_v3 trial1] Epoch  30/100 | LR: 1.38e-04 | train loss 0.3024 acc 0.914 | val loss 0.3401 acc 0.895 *
[inception_v3 trial1] Epoch  31/100 | LR: 1.38e-04 | train loss 0.3014 acc 0.911 | val loss 0.3510 acc 0.898
[inception_v3 trial1] Epoch  32/100 | LR: 1.38e-04 | train loss 0.2703 acc 0.911 | val loss 0.3208 acc 0.895 *
[inception_v3 trial1] Epoch  33/100 | LR: 1.38e-04 | train loss 0.2467 acc 0.914 | val loss 0.3717 acc 0.885
[inception_v3 trial1] Epoch  34/100 | LR: 1.38e-04 | train loss 0.2220 acc 0.930 | val loss 0.3358 acc 0.895
[inception_v3 trial1] Epoch  35/100 | LR: 1.38e-04 | train loss 0.2238 acc 0.928 | val loss 0.3691 acc 0.883
[inception_v3 trial1] Epoch  36/100 | LR: 1.38e-04 | train loss 0.2180 acc 0.930 | val loss 0.3747 acc 0.893
[inception_v3 trial1] Epoch  37/100 | LR: 1.38e-04 | train loss 0.2334 acc 0.927 | val loss 0.4749 acc 0.849
[inception_v3 trial1] Epoch  38/100 | LR: 1.38e-04 | train loss 0.1852 acc 0.936 | val loss 0.4114 acc 0.873
[inception_v3 trial1] Epoch  39/100 | LR: 1.38e-04 | train loss 0.2128 acc 0.928 | val loss 0.3743 acc 0.878
[inception_v3 trial1] Epoch  40/100 | LR: 1.38e-04 | train loss 0.1858 acc 0.941 | val loss 0.3945 acc 0.880
[inception_v3 trial1] Epoch  41/100 | LR: 1.38e-04 | train loss 0.1803 acc 0.941 | val loss 0.3848 acc 0.876
[inception_v3 trial1] Epoch  42/100 | LR: 1.38e-04 | train loss 0.1905 acc 0.934 | val loss 0.3873 acc 0.873

[inception_v3 trial1] No val loss improvement for 10 epochs — stopping early at epoch 42.

[inception_v3 trial1] Restored best checkpoint (val loss = 0.3208)
[16:12:15] [inception_v3] trial 1 finished: best val_acc=0.8951 (at val_loss=0.3208)
[I 2026-09-22 16:12:15,151] Trial 1 finished with value: 0.8951219512195122 and parameters: {'hidden_layers': 2, 'neurons': 2048, 'lr': 0.0013826232179369874, 'beta1': 0.5996372172970215, 'step_size': 23, 'batch_size': 96}. Best is trial 1 with value: 0.8951219512195122.
[16:12:15] [inception_v3] trial 2: H=2 N=1024 lr=4.34e-03 beta1=0.629 step_size=28 batch_size=48 (micro_batch=16, accum_steps=3)
[inception_v3 trial2] Using gradient accumulation: 3 micro-batches per optimizer step (effective batch size ≈ micro_batch x 3).
[inception_v3 trial2] Epoch   1/100 | LR: 4.34e-03 | train loss 2.7103 acc 0.353 | val loss 30.8893 acc 0.107 *
[inception_v3 trial2] Epoch   2/100 | LR: 4.34e-03 | train loss 1.8681 acc 0.347 | val loss 1.2727 acc 0.454 *
[inception_v3 trial2] Epoch   3/100 | LR: 4.34e-03 | train loss 1.7833 acc 0.389 | val loss 4.3796 acc 0.356
[inception_v3 trial2] Epoch   4/100 | LR: 4.34e-03 | train loss 1.7268 acc 0.434 | val loss 1.1818 acc 0.456 *
[inception_v3 trial2] Epoch   5/100 | LR: 4.34e-03 | train loss 1.7868 acc 0.415 | val loss 1.2183 acc 0.468
[inception_v3 trial2] Epoch   6/100 | LR: 4.34e-03 | train loss 1.8103 acc 0.414 | val loss 1.3343 acc 0.339
[inception_v3 trial2] Epoch   7/100 | LR: 4.34e-03 | train loss 1.6839 acc 0.413 | val loss 1.2546 acc 0.385
[inception_v3 trial2] Epoch   8/100 | LR: 4.34e-03 | train loss 1.6342 acc 0.438 | val loss 1.0198 acc 0.488 *
[inception_v3 trial2] Epoch   9/100 | LR: 4.34e-03 | train loss 1.7313 acc 0.445 | val loss 1.3111 acc 0.434
[inception_v3 trial2] Epoch  10/100 | LR: 4.34e-03 | train loss 1.6494 acc 0.428 | val loss 1.3075 acc 0.320
[inception_v3 trial2] Epoch  11/100 | LR: 4.34e-03 | train loss 1.6233 acc 0.453 | val loss 1.0622 acc 0.468
[inception_v3 trial2] Epoch  12/100 | LR: 4.34e-03 | train loss 1.5992 acc 0.430 | val loss 1.7986 acc 0.459
[inception_v3 trial2] Epoch  13/100 | LR: 4.34e-03 | train loss 1.6158 acc 0.429 | val loss 1.1741 acc 0.429
[inception_v3 trial2] Epoch  14/100 | LR: 4.34e-03 | train loss 1.6216 acc 0.440 | val loss 1.2840 acc 0.385
[inception_v3 trial2] Epoch  15/100 | LR: 4.34e-03 | train loss 1.6110 acc 0.453 | val loss 1.0499 acc 0.449
[inception_v3 trial2] Epoch  16/100 | LR: 4.34e-03 | train loss 1.5825 acc 0.450 | val loss 1.6284 acc 0.463
[inception_v3 trial2] Epoch  17/100 | LR: 4.34e-03 | train loss 1.6341 acc 0.405 | val loss 1.2652 acc 0.378
[inception_v3 trial2] Epoch  18/100 | LR: 4.34e-03 | train loss 1.7188 acc 0.398 | val loss 1.1686 acc 0.488

[inception_v3 trial2] No val loss improvement for 10 epochs — stopping early at epoch 18.

[inception_v3 trial2] Restored best checkpoint (val loss = 1.0198)
[16:15:31] [inception_v3] trial 2 finished: best val_acc=0.4878 (at val_loss=1.0198)
[I 2026-09-22 16:15:31,482] Trial 2 finished with value: 0.4878048780487805 and parameters: {'hidden_layers': 2, 'neurons': 1024, 'lr': 0.004337920697490943, 'beta1': 0.6291312108184084, 'step_size': 28, 'batch_size': 48}. Best is trial 1 with value: 0.8951219512195122.
[16:15:31] [inception_v3] trial 3: H=1 N=2048 lr=1.22e-05 beta1=0.914 step_size=17 batch_size=64 (micro_batch=16, accum_steps=4)
[inception_v3 trial3] Using gradient accumulation: 4 micro-batches per optimizer step (effective batch size ≈ micro_batch x 4).
[inception_v3 trial3] Epoch   1/100 | LR: 1.22e-05 | train loss 1.8997 acc 0.358 | val loss 1.2754 acc 0.556 *
[inception_v3 trial3] Epoch   2/100 | LR: 1.22e-05 | train loss 1.7386 acc 0.548 | val loss 1.2193 acc 0.610 *
[inception_v3 trial3] Epoch   3/100 | LR: 1.22e-05 | train loss 1.5780 acc 0.600 | val loss 1.0876 acc 0.624 *
[inception_v3 trial3] Epoch   4/100 | LR: 1.22e-05 | train loss 1.4051 acc 0.647 | val loss 0.9897 acc 0.649 *
[inception_v3 trial3] Epoch   5/100 | LR: 1.22e-05 | train loss 1.2172 acc 0.650 | val loss 0.8607 acc 0.668 *
[inception_v3 trial3] Epoch   6/100 | LR: 1.22e-05 | train loss 1.0512 acc 0.678 | val loss 0.7641 acc 0.700 *
[inception_v3 trial3] Epoch   7/100 | LR: 1.22e-05 | train loss 0.9005 acc 0.717 | val loss 0.6755 acc 0.744 *
[inception_v3 trial3] Epoch   8/100 | LR: 1.22e-05 | train loss 0.8151 acc 0.716 | val loss 0.6437 acc 0.744 *
[inception_v3 trial3] Epoch   9/100 | LR: 1.22e-05 | train loss 0.7539 acc 0.762 | val loss 0.5985 acc 0.785 *
[inception_v3 trial3] Epoch  10/100 | LR: 1.22e-05 | train loss 0.6339 acc 0.802 | val loss 0.5468 acc 0.766 *
[inception_v3 trial3] Epoch  11/100 | LR: 1.22e-05 | train loss 0.5999 acc 0.813 | val loss 0.5513 acc 0.778
[inception_v3 trial3] Epoch  12/100 | LR: 1.22e-05 | train loss 0.5499 acc 0.813 | val loss 0.5522 acc 0.768
[inception_v3 trial3] Epoch  13/100 | LR: 1.22e-05 | train loss 0.5349 acc 0.833 | val loss 0.5050 acc 0.795 *
[inception_v3 trial3] Epoch  14/100 | LR: 1.22e-05 | train loss 0.5253 acc 0.835 | val loss 0.5076 acc 0.790
[inception_v3 trial3] Epoch  15/100 | LR: 1.22e-05 | train loss 0.4677 acc 0.853 | val loss 0.4840 acc 0.802 *
[inception_v3 trial3] Epoch  16/100 | LR: 1.22e-05 | train loss 0.5116 acc 0.832 | val loss 0.4897 acc 0.802
[inception_v3 trial3] Epoch  17/100 | LR: 1.22e-06 | train loss 0.4345 acc 0.858 | val loss 0.4443 acc 0.834 *
[inception_v3 trial3] Epoch  18/100 | LR: 1.22e-06 | train loss 0.4309 acc 0.857 | val loss 0.4564 acc 0.829
[inception_v3 trial3] Epoch  19/100 | LR: 1.22e-06 | train loss 0.4013 acc 0.869 | val loss 0.4474 acc 0.817
[inception_v3 trial3] Epoch  20/100 | LR: 1.22e-06 | train loss 0.4162 acc 0.872 | val loss 0.4993 acc 0.802
[inception_v3 trial3] Epoch  21/100 | LR: 1.22e-06 | train loss 0.4137 acc 0.849 | val loss 0.4805 acc 0.800
[inception_v3 trial3] Epoch  22/100 | LR: 1.22e-06 | train loss 0.3905 acc 0.881 | val loss 0.4686 acc 0.815
[inception_v3 trial3] Epoch  23/100 | LR: 1.22e-06 | train loss 0.4117 acc 0.867 | val loss 0.4910 acc 0.815
[inception_v3 trial3] Epoch  24/100 | LR: 1.22e-06 | train loss 0.3917 acc 0.862 | val loss 0.4485 acc 0.827
[inception_v3 trial3] Epoch  25/100 | LR: 1.22e-06 | train loss 0.4427 acc 0.863 | val loss 0.4897 acc 0.795
[inception_v3 trial3] Epoch  26/100 | LR: 1.22e-06 | train loss 0.3681 acc 0.873 | val loss 0.4694 acc 0.812
[inception_v3 trial3] Epoch  27/100 | LR: 1.22e-06 | train loss 0.3987 acc 0.863 | val loss 0.4811 acc 0.812

[inception_v3 trial3] No val loss improvement for 10 epochs — stopping early at epoch 27.

[inception_v3 trial3] Restored best checkpoint (val loss = 0.4443)
[16:20:24] [inception_v3] trial 3 finished: best val_acc=0.8341 (at val_loss=0.4443)
[I 2026-09-22 16:20:25,003] Trial 3 finished with value: 0.8341463414634146 and parameters: {'hidden_layers': 1, 'neurons': 2048, 'lr': 1.2172958098369984e-05, 'beta1': 0.9135400170668128, 'step_size': 17, 'batch_size': 64}. Best is trial 1 with value: 0.8951219512195122.
[16:20:25] [inception_v3] trial 4: H=1 N=512 lr=2.91e-06 beta1=0.931 step_size=27 batch_size=96 (micro_batch=16, accum_steps=6)
[inception_v3 trial4] Using gradient accumulation: 6 micro-batches per optimizer step (effective batch size ≈ micro_batch x 6).
[inception_v3 trial4] Epoch   1/100 | LR: 2.91e-06 | train loss 1.9684 acc 0.408 | val loss 1.3419 acc 0.432 *
[inception_v3 trial4] Epoch   2/100 | LR: 2.91e-06 | train loss 1.9263 acc 0.413 | val loss 1.3325 acc 0.432 *
[inception_v3 trial4] Epoch   3/100 | LR: 2.91e-06 | train loss 1.9039 acc 0.420 | val loss 1.3206 acc 0.459 *
[inception_v3 trial4] Epoch   4/100 | LR: 2.91e-06 | train loss 1.8669 acc 0.449 | val loss 1.3112 acc 0.488 *
[inception_v3 trial4] Epoch   5/100 | LR: 2.91e-06 | train loss 1.8463 acc 0.458 | val loss 1.3060 acc 0.532 *
[inception_v3 trial4] Epoch   6/100 | LR: 2.91e-06 | train loss 1.8180 acc 0.480 | val loss 1.2965 acc 0.556 *
[inception_v3 trial4] Epoch   7/100 | LR: 2.91e-06 | train loss 1.7892 acc 0.509 | val loss 1.2856 acc 0.561 *
[inception_v3 trial4] Epoch   8/100 | LR: 2.91e-06 | train loss 1.7619 acc 0.515 | val loss 1.2761 acc 0.585 *
[inception_v3 trial4] Epoch   9/100 | LR: 2.91e-06 | train loss 1.7417 acc 0.526 | val loss 1.2643 acc 0.576 *
[inception_v3 trial4] Epoch  10/100 | LR: 2.91e-06 | train loss 1.7151 acc 0.551 | val loss 1.2521 acc 0.576 *
[inception_v3 trial4] Epoch  11/100 | LR: 2.91e-06 | train loss 1.6811 acc 0.558 | val loss 1.2342 acc 0.595 *
[inception_v3 trial4] Epoch  12/100 | LR: 2.91e-06 | train loss 1.6607 acc 0.569 | val loss 1.2261 acc 0.605 *
[inception_v3 trial4] Epoch  13/100 | LR: 2.91e-06 | train loss 1.6358 acc 0.599 | val loss 1.2072 acc 0.605 *
[inception_v3 trial4] Epoch  14/100 | LR: 2.91e-06 | train loss 1.6103 acc 0.598 | val loss 1.1943 acc 0.620 *
[inception_v3 trial4] Epoch  15/100 | LR: 2.91e-06 | train loss 1.5721 acc 0.620 | val loss 1.1662 acc 0.629 *
[inception_v3 trial4] Epoch  16/100 | LR: 2.91e-06 | train loss 1.5399 acc 0.619 | val loss 1.1476 acc 0.627 *
[inception_v3 trial4] Epoch  17/100 | LR: 2.91e-06 | train loss 1.5135 acc 0.614 | val loss 1.1231 acc 0.624 *
[inception_v3 trial4] Epoch  18/100 | LR: 2.91e-06 | train loss 1.4723 acc 0.619 | val loss 1.1001 acc 0.622 *
[inception_v3 trial4] Epoch  19/100 | LR: 2.91e-06 | train loss 1.4429 acc 0.626 | val loss 1.0893 acc 0.607 *
[inception_v3 trial4] Epoch  20/100 | LR: 2.91e-06 | train loss 1.4128 acc 0.636 | val loss 1.0516 acc 0.644 *
[inception_v3 trial4] Epoch  21/100 | LR: 2.91e-06 | train loss 1.3729 acc 0.626 | val loss 1.0484 acc 0.627 *
[inception_v3 trial4] Epoch  22/100 | LR: 2.91e-06 | train loss 1.3461 acc 0.622 | val loss 0.9967 acc 0.649 *
[inception_v3 trial4] Epoch  23/100 | LR: 2.91e-06 | train loss 1.3089 acc 0.627 | val loss 1.0009 acc 0.634
[inception_v3 trial4] Epoch  24/100 | LR: 2.91e-06 | train loss 1.2729 acc 0.646 | val loss 0.9831 acc 0.646 *
[inception_v3 trial4] Epoch  25/100 | LR: 2.91e-06 | train loss 1.2342 acc 0.631 | val loss 0.9427 acc 0.651 *
[inception_v3 trial4] Epoch  26/100 | LR: 2.91e-06 | train loss 1.2149 acc 0.658 | val loss 0.9355 acc 0.671 *
[inception_v3 trial4] Epoch  27/100 | LR: 2.91e-07 | train loss 1.1519 acc 0.650 | val loss 0.9174 acc 0.656 *
[inception_v3 trial4] Epoch  28/100 | LR: 2.91e-07 | train loss 1.1603 acc 0.654 | val loss 0.9298 acc 0.666
[inception_v3 trial4] Epoch  29/100 | LR: 2.91e-07 | train loss 1.1483 acc 0.675 | val loss 0.9321 acc 0.654
[inception_v3 trial4] Epoch  30/100 | LR: 2.91e-07 | train loss 1.1459 acc 0.650 | val loss 0.8950 acc 0.671 *
[inception_v3 trial4] Epoch  31/100 | LR: 2.91e-07 | train loss 1.1432 acc 0.664 | val loss 0.9073 acc 0.661
[inception_v3 trial4] Epoch  32/100 | LR: 2.91e-07 | train loss 1.1444 acc 0.651 | val loss 0.8887 acc 0.666 *
[inception_v3 trial4] Epoch  33/100 | LR: 2.91e-07 | train loss 1.1306 acc 0.671 | val loss 0.8841 acc 0.676 *
[inception_v3 trial4] Epoch  34/100 | LR: 2.91e-07 | train loss 1.1193 acc 0.663 | val loss 0.8971 acc 0.671
[inception_v3 trial4] Epoch  35/100 | LR: 2.91e-07 | train loss 1.1416 acc 0.663 | val loss 0.8963 acc 0.668
[inception_v3 trial4] Epoch  36/100 | LR: 2.91e-07 | train loss 1.1423 acc 0.651 | val loss 0.8856 acc 0.671
[inception_v3 trial4] Epoch  37/100 | LR: 2.91e-07 | train loss 1.1255 acc 0.664 | val loss 0.9084 acc 0.666
[inception_v3 trial4] Epoch  38/100 | LR: 2.91e-07 | train loss 1.1216 acc 0.664 | val loss 0.9057 acc 0.676
[inception_v3 trial4] Epoch  39/100 | LR: 2.91e-07 | train loss 1.1306 acc 0.665 | val loss 0.8782 acc 0.668 *
[inception_v3 trial4] Epoch  40/100 | LR: 2.91e-07 | train loss 1.1313 acc 0.674 | val loss 0.8763 acc 0.676 *
[inception_v3 trial4] Epoch  41/100 | LR: 2.91e-07 | train loss 1.1095 acc 0.667 | val loss 0.8841 acc 0.685
[inception_v3 trial4] Epoch  42/100 | LR: 2.91e-07 | train loss 1.1037 acc 0.671 | val loss 0.8997 acc 0.685
[inception_v3 trial4] Epoch  43/100 | LR: 2.91e-07 | train loss 1.1308 acc 0.657 | val loss 0.9013 acc 0.668
[inception_v3 trial4] Epoch  44/100 | LR: 2.91e-07 | train loss 1.1322 acc 0.666 | val loss 0.8848 acc 0.666
[inception_v3 trial4] Epoch  45/100 | LR: 2.91e-07 | train loss 1.1110 acc 0.678 | val loss 0.8865 acc 0.678
[inception_v3 trial4] Epoch  46/100 | LR: 2.91e-07 | train loss 1.1102 acc 0.671 | val loss 0.8633 acc 0.663 *
[inception_v3 trial4] Epoch  47/100 | LR: 2.91e-07 | train loss 1.1113 acc 0.683 | val loss 0.8748 acc 0.678
[inception_v3 trial4] Epoch  48/100 | LR: 2.91e-07 | train loss 1.1016 acc 0.680 | val loss 0.8862 acc 0.659
[inception_v3 trial4] Epoch  49/100 | LR: 2.91e-07 | train loss 1.0820 acc 0.667 | val loss 0.8753 acc 0.671
[inception_v3 trial4] Epoch  50/100 | LR: 2.91e-07 | train loss 1.0986 acc 0.671 | val loss 0.8720 acc 0.680
[inception_v3 trial4] Epoch  51/100 | LR: 2.91e-07 | train loss 1.0832 acc 0.682 | val loss 0.8645 acc 0.690
[inception_v3 trial4] Epoch  52/100 | LR: 2.91e-07 | train loss 1.0947 acc 0.676 | val loss 0.8826 acc 0.685
[inception_v3 trial4] Epoch  53/100 | LR: 2.91e-07 | train loss 1.0517 acc 0.683 | val loss 0.8832 acc 0.666
[inception_v3 trial4] Epoch  54/100 | LR: 2.91e-08 | train loss 1.0795 acc 0.687 | val loss 0.8671 acc 0.688
[inception_v3 trial4] Epoch  55/100 | LR: 2.91e-08 | train loss 1.0681 acc 0.687 | val loss 0.8756 acc 0.678
[inception_v3 trial4] Epoch  56/100 | LR: 2.91e-08 | train loss 1.0845 acc 0.683 | val loss 0.8624 acc 0.683 *
[inception_v3 trial4] Epoch  57/100 | LR: 2.91e-08 | train loss 1.0891 acc 0.668 | val loss 0.8591 acc 0.695 *
[inception_v3 trial4] Epoch  58/100 | LR: 2.91e-08 | train loss 1.0659 acc 0.674 | val loss 0.8819 acc 0.671
[inception_v3 trial4] Epoch  59/100 | LR: 2.91e-08 | train loss 1.0850 acc 0.677 | val loss 0.8559 acc 0.702 *
[inception_v3 trial4] Epoch  60/100 | LR: 2.91e-08 | train loss 1.0726 acc 0.675 | val loss 0.8703 acc 0.676
[inception_v3 trial4] Epoch  61/100 | LR: 2.91e-08 | train loss 1.0645 acc 0.690 | val loss 0.8554 acc 0.695 *
[inception_v3 trial4] Epoch  62/100 | LR: 2.91e-08 | train loss 1.0799 acc 0.674 | val loss 0.8877 acc 0.663
[inception_v3 trial4] Epoch  63/100 | LR: 2.91e-08 | train loss 1.0565 acc 0.685 | val loss 0.8676 acc 0.683
[inception_v3 trial4] Epoch  64/100 | LR: 2.91e-08 | train loss 1.0646 acc 0.680 | val loss 0.8824 acc 0.680
[inception_v3 trial4] Epoch  65/100 | LR: 2.91e-08 | train loss 1.0685 acc 0.671 | val loss 0.8562 acc 0.690
[inception_v3 trial4] Epoch  66/100 | LR: 2.91e-08 | train loss 1.0742 acc 0.676 | val loss 0.8573 acc 0.698
[inception_v3 trial4] Epoch  67/100 | LR: 2.91e-08 | train loss 1.1088 acc 0.664 | val loss 0.8667 acc 0.683
[inception_v3 trial4] Epoch  68/100 | LR: 2.91e-08 | train loss 1.0961 acc 0.677 | val loss 0.8499 acc 0.702 *
[inception_v3 trial4] Epoch  69/100 | LR: 2.91e-08 | train loss 1.0748 acc 0.681 | val loss 0.8566 acc 0.698
[inception_v3 trial4] Epoch  70/100 | LR: 2.91e-08 | train loss 1.0778 acc 0.682 | val loss 0.8810 acc 0.676
[inception_v3 trial4] Epoch  71/100 | LR: 2.91e-08 | train loss 1.0819 acc 0.674 | val loss 0.8553 acc 0.676
[inception_v3 trial4] Epoch  72/100 | LR: 2.91e-08 | train loss 1.0693 acc 0.665 | val loss 0.8547 acc 0.688
[inception_v3 trial4] Epoch  73/100 | LR: 2.91e-08 | train loss 1.1122 acc 0.652 | val loss 0.8480 acc 0.695 *
[inception_v3 trial4] Epoch  74/100 | LR: 2.91e-08 | train loss 1.0762 acc 0.674 | val loss 0.8628 acc 0.683
[inception_v3 trial4] Epoch  75/100 | LR: 2.91e-08 | train loss 1.0864 acc 0.669 | val loss 0.8774 acc 0.683
[inception_v3 trial4] Epoch  76/100 | LR: 2.91e-08 | train loss 1.1076 acc 0.678 | val loss 0.8634 acc 0.685
[inception_v3 trial4] Epoch  77/100 | LR: 2.91e-08 | train loss 1.0877 acc 0.678 | val loss 0.8650 acc 0.683
[inception_v3 trial4] Epoch  78/100 | LR: 2.91e-08 | train loss 1.0921 acc 0.677 | val loss 0.8851 acc 0.673
[inception_v3 trial4] Epoch  79/100 | LR: 2.91e-08 | train loss 1.0683 acc 0.683 | val loss 0.8857 acc 0.678
[inception_v3 trial4] Epoch  80/100 | LR: 2.91e-08 | train loss 1.0971 acc 0.668 | val loss 0.8666 acc 0.693
[inception_v3 trial4] Epoch  81/100 | LR: 2.91e-09 | train loss 1.0751 acc 0.673 | val loss 0.8637 acc 0.688
[inception_v3 trial4] Epoch  82/100 | LR: 2.91e-09 | train loss 1.0869 acc 0.679 | val loss 0.8462 acc 0.688 *
[inception_v3 trial4] Epoch  83/100 | LR: 2.91e-09 | train loss 1.0836 acc 0.683 | val loss 0.8711 acc 0.683
[inception_v3 trial4] Epoch  84/100 | LR: 2.91e-09 | train loss 1.0894 acc 0.688 | val loss 0.8683 acc 0.688
[inception_v3 trial4] Epoch  85/100 | LR: 2.91e-09 | train loss 1.1019 acc 0.671 | val loss 0.8586 acc 0.678
[inception_v3 trial4] Epoch  86/100 | LR: 2.91e-09 | train loss 1.0953 acc 0.674 | val loss 0.8773 acc 0.676
[inception_v3 trial4] Epoch  87/100 | LR: 2.91e-09 | train loss 1.0581 acc 0.678 | val loss 0.8634 acc 0.678
[inception_v3 trial4] Epoch  88/100 | LR: 2.91e-09 | train loss 1.0938 acc 0.667 | val loss 0.8722 acc 0.676
[inception_v3 trial4] Epoch  89/100 | LR: 2.91e-09 | train loss 1.0765 acc 0.674 | val loss 0.8676 acc 0.685
[inception_v3 trial4] Epoch  90/100 | LR: 2.91e-09 | train loss 1.0928 acc 0.674 | val loss 0.8637 acc 0.688
[inception_v3 trial4] Epoch  91/100 | LR: 2.91e-09 | train loss 1.0968 acc 0.680 | val loss 0.8630 acc 0.695
[inception_v3 trial4] Epoch  92/100 | LR: 2.91e-09 | train loss 1.0698 acc 0.668 | val loss 0.8637 acc 0.693

[inception_v3 trial4] No val loss improvement for 10 epochs — stopping early at epoch 92.

[inception_v3 trial4] Restored best checkpoint (val loss = 0.8462)
[16:36:55] [inception_v3] trial 4 finished: best val_acc=0.6878 (at val_loss=0.8462)
[I 2026-09-22 16:36:56,005] Trial 4 finished with value: 0.6878048780487804 and parameters: {'hidden_layers': 1, 'neurons': 512, 'lr': 2.907208890659845e-06, 'beta1': 0.9306886095119211, 'step_size': 27, 'batch_size': 96}. Best is trial 1 with value: 0.8951219512195122.
[16:36:56] [inception_v3] trial 5: H=2 N=512 lr=5.13e-05 beta1=0.513 step_size=8 batch_size=48 (micro_batch=16, accum_steps=3)
[inception_v3 trial5] Using gradient accumulation: 3 micro-batches per optimizer step (effective batch size ≈ micro_batch x 3).
[inception_v3 trial5] Epoch   1/100 | LR: 5.13e-05 | train loss 1.7160 acc 0.489 | val loss 1.0149 acc 0.627 *
[inception_v3 trial5] Epoch   2/100 | LR: 5.13e-05 | train loss 1.2033 acc 0.680 | val loss 0.6293 acc 0.754 *
[inception_v3 trial5] Epoch   3/100 | LR: 5.13e-05 | train loss 0.7969 acc 0.756 | val loss 0.5170 acc 0.802 *
[inception_v3 trial5] Epoch   4/100 | LR: 5.13e-05 | train loss 0.6186 acc 0.801 | val loss 0.4970 acc 0.807 *
[inception_v3 trial5] Epoch   5/100 | LR: 5.13e-05 | train loss 0.5336 acc 0.836 | val loss 0.4254 acc 0.834 *
[inception_v3 trial5] Epoch   6/100 | LR: 5.13e-05 | train loss 0.4614 acc 0.855 | val loss 0.5055 acc 0.805
[inception_v3 trial5] Epoch   7/100 | LR: 5.13e-05 | train loss 0.4119 acc 0.862 | val loss 0.3925 acc 0.851 *
[inception_v3 trial5] Epoch   8/100 | LR: 5.13e-06 | train loss 0.3538 acc 0.897 | val loss 0.4393 acc 0.822
[inception_v3 trial5] Epoch   9/100 | LR: 5.13e-06 | train loss 0.2920 acc 0.908 | val loss 0.3672 acc 0.859 *
[inception_v3 trial5] Epoch  10/100 | LR: 5.13e-06 | train loss 0.2322 acc 0.932 | val loss 0.3841 acc 0.854
[inception_v3 trial5] Epoch  11/100 | LR: 5.13e-06 | train loss 0.2397 acc 0.915 | val loss 0.3615 acc 0.856 *
[inception_v3 trial5] Epoch  12/100 | LR: 5.13e-06 | train loss 0.2392 acc 0.927 | val loss 0.3753 acc 0.859
[inception_v3 trial5] Epoch  13/100 | LR: 5.13e-06 | train loss 0.2412 acc 0.931 | val loss 0.3624 acc 0.859
[inception_v3 trial5] Epoch  14/100 | LR: 5.13e-06 | train loss 0.2241 acc 0.930 | val loss 0.3700 acc 0.861
[inception_v3 trial5] Epoch  15/100 | LR: 5.13e-06 | train loss 0.2013 acc 0.933 | val loss 0.3838 acc 0.856
[inception_v3 trial5] Epoch  16/100 | LR: 5.13e-07 | train loss 0.2117 acc 0.931 | val loss 0.3913 acc 0.859
[inception_v3 trial5] Epoch  17/100 | LR: 5.13e-07 | train loss 0.2031 acc 0.937 | val loss 0.3810 acc 0.856
[inception_v3 trial5] Epoch  18/100 | LR: 5.13e-07 | train loss 0.2014 acc 0.942 | val loss 0.3898 acc 0.849
[inception_v3 trial5] Epoch  19/100 | LR: 5.13e-07 | train loss 0.2184 acc 0.941 | val loss 0.3767 acc 0.863
[inception_v3 trial5] Epoch  20/100 | LR: 5.13e-07 | train loss 0.2190 acc 0.930 | val loss 0.3697 acc 0.859
[inception_v3 trial5] Epoch  21/100 | LR: 5.13e-07 | train loss 0.2077 acc 0.936 | val loss 0.3923 acc 0.856

[inception_v3 trial5] No val loss improvement for 10 epochs — stopping early at epoch 21.

[inception_v3 trial5] Restored best checkpoint (val loss = 0.3615)
[16:40:43] [inception_v3] trial 5 finished: best val_acc=0.8561 (at val_loss=0.3615)
[I 2026-09-22 16:40:43,772] Trial 5 finished with value: 0.8560975609756097 and parameters: {'hidden_layers': 2, 'neurons': 512, 'lr': 5.1305517605898387e-05, 'beta1': 0.5126841442453035, 'step_size': 8, 'batch_size': 48}. Best is trial 1 with value: 0.8951219512195122.
[16:40:43] [inception_v3] trial 6: H=2 N=512 lr=3.06e-03 beta1=0.901 step_size=11 batch_size=32 (micro_batch=16, accum_steps=2)
[inception_v3 trial6] Using gradient accumulation: 2 micro-batches per optimizer step (effective batch size ≈ micro_batch x 2).
[inception_v3 trial6] Epoch   1/100 | LR: 3.06e-03 | train loss 2.2221 acc 0.254 | val loss 1.3249 acc 0.424 *
[inception_v3 trial6] Epoch   2/100 | LR: 3.06e-03 | train loss 1.9745 acc 0.420 | val loss 1.3502 acc 0.429
[inception_v3 trial6] Epoch   3/100 | LR: 3.06e-03 | train loss 1.9658 acc 0.417 | val loss 1.2351 acc 0.429 *
[inception_v3 trial6] Epoch   4/100 | LR: 3.06e-03 | train loss 1.9111 acc 0.379 | val loss 1.2136 acc 0.402 *
[inception_v3 trial6] Epoch   5/100 | LR: 3.06e-03 | train loss 1.8216 acc 0.416 | val loss 1.0987 acc 0.463 *
[I 2026-09-22 16:41:39,220] Trial 6 pruned. 
[16:41:39] [inception_v3] trial 7: H=1 N=512 lr=2.24e-05 beta1=0.971 step_size=16 batch_size=32 (micro_batch=16, accum_steps=2)
[inception_v3 trial7] Using gradient accumulation: 2 micro-batches per optimizer step (effective batch size ≈ micro_batch x 2).
[inception_v3 trial7] Epoch   1/100 | LR: 2.24e-05 | train loss 1.8289 acc 0.444 | val loss 1.2448 acc 0.607 *
[inception_v3 trial7] Epoch   2/100 | LR: 2.24e-05 | train loss 1.4933 acc 0.634 | val loss 1.0173 acc 0.683 *
[inception_v3 trial7] Epoch   3/100 | LR: 2.24e-05 | train loss 1.1775 acc 0.652 | val loss 0.7742 acc 0.729 *
[inception_v3 trial7] Epoch   4/100 | LR: 2.24e-05 | train loss 0.8899 acc 0.719 | val loss 0.5987 acc 0.776 *
[inception_v3 trial7] Epoch   5/100 | LR: 2.24e-05 | train loss 0.7137 acc 0.759 | val loss 0.5377 acc 0.800 *
[inception_v3 trial7] Epoch   6/100 | LR: 2.24e-05 | train loss 0.6519 acc 0.808 | val loss 0.5380 acc 0.788
[inception_v3 trial7] Epoch   7/100 | LR: 2.24e-05 | train loss 0.5945 acc 0.815 | val loss 0.4533 acc 0.815 *
[inception_v3 trial7] Epoch   8/100 | LR: 2.24e-05 | train loss 0.4701 acc 0.848 | val loss 0.4948 acc 0.824
[inception_v3 trial7] Epoch   9/100 | LR: 2.24e-05 | train loss 0.4555 acc 0.855 | val loss 0.4893 acc 0.812
[inception_v3 trial7] Epoch  10/100 | LR: 2.24e-05 | train loss 0.4042 acc 0.858 | val loss 0.3951 acc 0.844 *
[inception_v3 trial7] Epoch  11/100 | LR: 2.24e-05 | train loss 0.3310 acc 0.887 | val loss 0.4273 acc 0.856
[inception_v3 trial7] Epoch  12/100 | LR: 2.24e-05 | train loss 0.3418 acc 0.887 | val loss 0.3894 acc 0.856 *
[inception_v3 trial7] Epoch  13/100 | LR: 2.24e-05 | train loss 0.3021 acc 0.911 | val loss 0.4316 acc 0.832
[inception_v3 trial7] Epoch  14/100 | LR: 2.24e-05 | train loss 0.2628 acc 0.911 | val loss 0.3960 acc 0.861
[inception_v3 trial7] Epoch  15/100 | LR: 2.24e-05 | train loss 0.2478 acc 0.918 | val loss 0.4392 acc 0.861
[inception_v3 trial7] Epoch  16/100 | LR: 2.24e-06 | train loss 0.2480 acc 0.923 | val loss 0.4241 acc 0.854
[inception_v3 trial7] Epoch  17/100 | LR: 2.24e-06 | train loss 0.2143 acc 0.931 | val loss 0.3939 acc 0.871
[inception_v3 trial7] Epoch  18/100 | LR: 2.24e-06 | train loss 0.2141 acc 0.936 | val loss 0.4059 acc 0.859
[inception_v3 trial7] Epoch  19/100 | LR: 2.24e-06 | train loss 0.2118 acc 0.937 | val loss 0.4046 acc 0.861
[inception_v3 trial7] Epoch  20/100 | LR: 2.24e-06 | train loss 0.1921 acc 0.941 | val loss 0.3964 acc 0.871
[inception_v3 trial7] Epoch  21/100 | LR: 2.24e-06 | train loss 0.1827 acc 0.949 | val loss 0.4170 acc 0.854
[inception_v3 trial7] Epoch  22/100 | LR: 2.24e-06 | train loss 0.1918 acc 0.940 | val loss 0.4186 acc 0.854

[inception_v3 trial7] No val loss improvement for 10 epochs — stopping early at epoch 22.

[inception_v3 trial7] Restored best checkpoint (val loss = 0.3894)
[16:45:38] [inception_v3] trial 7 finished: best val_acc=0.8561 (at val_loss=0.3894)
[I 2026-09-22 16:45:39,001] Trial 7 finished with value: 0.8560975609756097 and parameters: {'hidden_layers': 1, 'neurons': 512, 'lr': 2.2410971619109514e-05, 'beta1': 0.970511942252347, 'step_size': 16, 'batch_size': 32}. Best is trial 1 with value: 0.8951219512195122.
[16:45:39] [inception_v3] trial 8: H=2 N=2048 lr=9.08e-06 beta1=0.572 step_size=22 batch_size=8 (micro_batch=8, accum_steps=1)
[inception_v3 trial8] Epoch   1/100 | LR: 9.08e-06 | train loss 1.8405 acc 0.438 | val loss 1.1347 acc 0.517 *
[inception_v3 trial8] Epoch   2/100 | LR: 9.08e-06 | train loss 1.5436 acc 0.580 | val loss 0.9560 acc 0.627 *
[inception_v3 trial8] Epoch   3/100 | LR: 9.08e-06 | train loss 1.2865 acc 0.622 | val loss 0.7920 acc 0.663 *
[inception_v3 trial8] Epoch   4/100 | LR: 9.08e-06 | train loss 1.0063 acc 0.716 | val loss 0.6535 acc 0.729 *
[inception_v3 trial8] Epoch   5/100 | LR: 9.08e-06 | train loss 0.8329 acc 0.741 | val loss 0.5989 acc 0.741 *
[inception_v3 trial8] Epoch   6/100 | LR: 9.08e-06 | train loss 0.7936 acc 0.758 | val loss 0.6202 acc 0.761
[inception_v3 trial8] Epoch   7/100 | LR: 9.08e-06 | train loss 0.7067 acc 0.770 | val loss 0.5597 acc 0.778 *
[inception_v3 trial8] Epoch   8/100 | LR: 9.08e-06 | train loss 0.6393 acc 0.797 | val loss 0.4955 acc 0.798 *
[inception_v3 trial8] Epoch   9/100 | LR: 9.08e-06 | train loss 0.6047 acc 0.809 | val loss 0.4543 acc 0.800 *
[inception_v3 trial8] Epoch  10/100 | LR: 9.08e-06 | train loss 0.5516 acc 0.832 | val loss 0.5228 acc 0.780
[inception_v3 trial8] Epoch  11/100 | LR: 9.08e-06 | train loss 0.4916 acc 0.849 | val loss 0.4841 acc 0.822
[inception_v3 trial8] Epoch  12/100 | LR: 9.08e-06 | train loss 0.5223 acc 0.852 | val loss 0.4841 acc 0.822
[inception_v3 trial8] Epoch  13/100 | LR: 9.08e-06 | train loss 0.4359 acc 0.854 | val loss 0.4428 acc 0.839 *
[inception_v3 trial8] Epoch  14/100 | LR: 9.08e-06 | train loss 0.4525 acc 0.858 | val loss 0.4262 acc 0.834 *
[inception_v3 trial8] Epoch  15/100 | LR: 9.08e-06 | train loss 0.4113 acc 0.878 | val loss 0.4173 acc 0.851 *
[inception_v3 trial8] Epoch  16/100 | LR: 9.08e-06 | train loss 0.4026 acc 0.866 | val loss 0.4334 acc 0.846
[inception_v3 trial8] Epoch  17/100 | LR: 9.08e-06 | train loss 0.4013 acc 0.879 | val loss 0.4355 acc 0.841
[inception_v3 trial8] Epoch  18/100 | LR: 9.08e-06 | train loss 0.3734 acc 0.875 | val loss 0.4054 acc 0.859 *
[inception_v3 trial8] Epoch  19/100 | LR: 9.08e-06 | train loss 0.4021 acc 0.884 | val loss 0.5303 acc 0.820
[inception_v3 trial8] Epoch  20/100 | LR: 9.08e-06 | train loss 0.2977 acc 0.911 | val loss 0.4431 acc 0.834
[inception_v3 trial8] Epoch  21/100 | LR: 9.08e-06 | train loss 0.2777 acc 0.913 | val loss 0.4913 acc 0.846
[inception_v3 trial8] Epoch  22/100 | LR: 9.08e-07 | train loss 0.2680 acc 0.914 | val loss 0.4694 acc 0.859
[inception_v3 trial8] Epoch  23/100 | LR: 9.08e-07 | train loss 0.2566 acc 0.919 | val loss 0.4552 acc 0.841
[inception_v3 trial8] Epoch  24/100 | LR: 9.08e-07 | train loss 0.2580 acc 0.918 | val loss 0.4575 acc 0.844
[inception_v3 trial8] Epoch  25/100 | LR: 9.08e-07 | train loss 0.2556 acc 0.921 | val loss 0.4707 acc 0.846
[inception_v3 trial8] Epoch  26/100 | LR: 9.08e-07 | train loss 0.2715 acc 0.915 | val loss 0.4613 acc 0.851
[inception_v3 trial8] Epoch  27/100 | LR: 9.08e-07 | train loss 0.2594 acc 0.917 | val loss 0.4499 acc 0.837
[inception_v3 trial8] Epoch  28/100 | LR: 9.08e-07 | train loss 0.2281 acc 0.930 | val loss 0.4749 acc 0.839

[inception_v3 trial8] No val loss improvement for 10 epochs — stopping early at epoch 28.

[inception_v3 trial8] Restored best checkpoint (val loss = 0.4054)
[16:52:43] [inception_v3] trial 8 finished: best val_acc=0.8585 (at val_loss=0.4054)
[I 2026-09-22 16:52:43,599] Trial 8 finished with value: 0.8585365853658536 and parameters: {'hidden_layers': 2, 'neurons': 2048, 'lr': 9.083381663660597e-06, 'beta1': 0.5723025411735203, 'step_size': 22, 'batch_size': 8}. Best is trial 1 with value: 0.8951219512195122.
[16:52:43] [inception_v3] trial 9: H=3 N=512 lr=2.31e-04 beta1=0.838 step_size=5 batch_size=96 (micro_batch=16, accum_steps=6)
[inception_v3 trial9] Using gradient accumulation: 6 micro-batches per optimizer step (effective batch size ≈ micro_batch x 6).
[inception_v3 trial9] Epoch   1/100 | LR: 2.31e-04 | train loss 1.6233 acc 0.418 | val loss 0.6764 acc 0.749 *
[inception_v3 trial9] Epoch   2/100 | LR: 2.31e-04 | train loss 1.0228 acc 0.697 | val loss 0.6347 acc 0.729 *
[inception_v3 trial9] Epoch   3/100 | LR: 2.31e-04 | train loss 0.7826 acc 0.761 | val loss 0.5251 acc 0.761 *
[inception_v3 trial9] Epoch   4/100 | LR: 2.31e-04 | train loss 0.6596 acc 0.801 | val loss 0.4633 acc 0.824 *
[inception_v3 trial9] Epoch   5/100 | LR: 2.31e-05 | train loss 0.6036 acc 0.823 | val loss 0.4580 acc 0.844 *
[inception_v3 trial9] Epoch   6/100 | LR: 2.31e-05 | train loss 0.4562 acc 0.850 | val loss 0.3984 acc 0.861 *
[inception_v3 trial9] Epoch   7/100 | LR: 2.31e-05 | train loss 0.3671 acc 0.882 | val loss 0.3790 acc 0.861 *
[inception_v3 trial9] Epoch   8/100 | LR: 2.31e-05 | train loss 0.3196 acc 0.892 | val loss 0.3760 acc 0.863 *
[inception_v3 trial9] Epoch   9/100 | LR: 2.31e-05 | train loss 0.2880 acc 0.905 | val loss 0.3444 acc 0.883 *
[inception_v3 trial9] Epoch  10/100 | LR: 2.31e-06 | train loss 0.3062 acc 0.906 | val loss 0.3866 acc 0.868
[inception_v3 trial9] Epoch  11/100 | LR: 2.31e-06 | train loss 0.2704 acc 0.906 | val loss 0.3593 acc 0.880
[inception_v3 trial9] Epoch  12/100 | LR: 2.31e-06 | train loss 0.2623 acc 0.923 | val loss 0.3832 acc 0.876
[inception_v3 trial9] Epoch  13/100 | LR: 2.31e-06 | train loss 0.2597 acc 0.921 | val loss 0.3625 acc 0.885
[inception_v3 trial9] Epoch  14/100 | LR: 2.31e-06 | train loss 0.2683 acc 0.917 | val loss 0.3657 acc 0.885
[inception_v3 trial9] Epoch  15/100 | LR: 2.31e-07 | train loss 0.2791 acc 0.904 | val loss 0.3728 acc 0.873
[inception_v3 trial9] Epoch  16/100 | LR: 2.31e-07 | train loss 0.2388 acc 0.927 | val loss 0.3651 acc 0.876
[inception_v3 trial9] Epoch  17/100 | LR: 2.31e-07 | train loss 0.2882 acc 0.911 | val loss 0.3663 acc 0.876
[inception_v3 trial9] Epoch  18/100 | LR: 2.31e-07 | train loss 0.2454 acc 0.928 | val loss 0.3692 acc 0.888
[inception_v3 trial9] Epoch  19/100 | LR: 2.31e-07 | train loss 0.2600 acc 0.916 | val loss 0.3724 acc 0.871

[inception_v3 trial9] No val loss improvement for 10 epochs — stopping early at epoch 19.

[inception_v3 trial9] Restored best checkpoint (val loss = 0.3444)
[16:56:08] [inception_v3] trial 9 finished: best val_acc=0.8829 (at val_loss=0.3444)
[I 2026-09-22 16:56:08,581] Trial 9 finished with value: 0.8829268292682927 and parameters: {'hidden_layers': 3, 'neurons': 512, 'lr': 0.00023097861492693574, 'beta1': 0.8381046165592989, 'step_size': 5, 'batch_size': 96}. Best is trial 1 with value: 0.8951219512195122.
[16:56:08] [inception_v3] trial 10: H=2 N=2048 lr=6.20e-03 beta1=0.629 step_size=14 batch_size=96 (micro_batch=16, accum_steps=6)
[inception_v3 trial10] Using gradient accumulation: 6 micro-batches per optimizer step (effective batch size ≈ micro_batch x 6).
[inception_v3 trial10] Epoch   1/100 | LR: 6.20e-03 | train loss 22.5977 acc 0.296 | val loss 1.4196 acc 0.349 *
[inception_v3 trial10] Epoch   2/100 | LR: 6.20e-03 | train loss 1.9525 acc 0.403 | val loss 1.3745 acc 0.429 *
[inception_v3 trial10] Epoch   3/100 | LR: 6.20e-03 | train loss 1.8744 acc 0.426 | val loss 1.3954 acc 0.415
[inception_v3 trial10] Epoch   4/100 | LR: 6.20e-03 | train loss 1.8849 acc 0.325 | val loss 1.3721 acc 0.405 *
[inception_v3 trial10] Epoch   5/100 | LR: 6.20e-03 | train loss 1.9086 acc 0.359 | val loss 1.3656 acc 0.180 *
[I 2026-09-22 16:57:02,424] Trial 10 pruned. 
[16:57:02] [inception_v3] trial 11: H=2 N=2048 lr=2.55e-04 beta1=0.877 step_size=6 batch_size=96 (micro_batch=16, accum_steps=6)
[inception_v3 trial11] Using gradient accumulation: 6 micro-batches per optimizer step (effective batch size ≈ micro_batch x 6).
[inception_v3 trial11] Epoch   1/100 | LR: 2.55e-04 | train loss 1.5073 acc 0.542 | val loss 0.7365 acc 0.680 *
[inception_v3 trial11] Epoch   2/100 | LR: 2.55e-04 | train loss 0.9348 acc 0.703 | val loss 0.6563 acc 0.727 *
[inception_v3 trial11] Epoch   3/100 | LR: 2.55e-04 | train loss 0.7329 acc 0.771 | val loss 0.4655 acc 0.832 *
[inception_v3 trial11] Epoch   4/100 | LR: 2.55e-04 | train loss 0.6130 acc 0.820 | val loss 0.4298 acc 0.834 *
[inception_v3 trial11] Epoch   5/100 | LR: 2.55e-04 | train loss 0.4849 acc 0.852 | val loss 0.3842 acc 0.851 *
[inception_v3 trial11] Epoch   6/100 | LR: 2.55e-05 | train loss 0.5317 acc 0.840 | val loss 0.3890 acc 0.861
[inception_v3 trial11] Epoch   7/100 | LR: 2.55e-05 | train loss 0.3948 acc 0.885 | val loss 0.3787 acc 0.859 *
[inception_v3 trial11] Epoch   8/100 | LR: 2.55e-05 | train loss 0.2935 acc 0.907 | val loss 0.3492 acc 0.866 *
[inception_v3 trial11] Epoch   9/100 | LR: 2.55e-05 | train loss 0.2670 acc 0.918 | val loss 0.4114 acc 0.851
[inception_v3 trial11] Epoch  10/100 | LR: 2.55e-05 | train loss 0.2406 acc 0.913 | val loss 0.3732 acc 0.866
[inception_v3 trial11] Epoch  11/100 | LR: 2.55e-05 | train loss 0.2298 acc 0.924 | val loss 0.3555 acc 0.871
[inception_v3 trial11] Epoch  12/100 | LR: 2.55e-06 | train loss 0.2384 acc 0.932 | val loss 0.3931 acc 0.868
[inception_v3 trial11] Epoch  13/100 | LR: 2.55e-06 | train loss 0.1878 acc 0.939 | val loss 0.3734 acc 0.866
[inception_v3 trial11] Epoch  14/100 | LR: 2.55e-06 | train loss 0.1655 acc 0.940 | val loss 0.3857 acc 0.866
[inception_v3 trial11] Epoch  15/100 | LR: 2.55e-06 | train loss 0.1916 acc 0.943 | val loss 0.3863 acc 0.866
[inception_v3 trial11] Epoch  16/100 | LR: 2.55e-06 | train loss 0.1798 acc 0.943 | val loss 0.3846 acc 0.871
[inception_v3 trial11] Epoch  17/100 | LR: 2.55e-06 | train loss 0.1633 acc 0.949 | val loss 0.3758 acc 0.863
[inception_v3 trial11] Epoch  18/100 | LR: 2.55e-07 | train loss 0.1768 acc 0.953 | val loss 0.3801 acc 0.866

[inception_v3 trial11] No val loss improvement for 10 epochs — stopping early at epoch 18.

[inception_v3 trial11] Restored best checkpoint (val loss = 0.3492)
[17:00:14] [inception_v3] trial 11 finished: best val_acc=0.8659 (at val_loss=0.3492)
[I 2026-09-22 17:00:14,607] Trial 11 finished with value: 0.8658536585365854 and parameters: {'hidden_layers': 2, 'neurons': 2048, 'lr': 0.00025464765649380305, 'beta1': 0.876983516570074, 'step_size': 6, 'batch_size': 96}. Best is trial 1 with value: 0.8951219512195122.
[17:00:14] [inception_v3] trial 12: H=3 N=512 lr=2.74e-04 beta1=0.954 step_size=17 batch_size=96 (micro_batch=16, accum_steps=6)
[inception_v3 trial12] Using gradient accumulation: 6 micro-batches per optimizer step (effective batch size ≈ micro_batch x 6).
[inception_v3 trial12] Epoch   1/100 | LR: 2.74e-04 | train loss 1.6251 acc 0.483 | val loss 0.8311 acc 0.680 *
[inception_v3 trial12] Epoch   2/100 | LR: 2.74e-04 | train loss 1.0216 acc 0.689 | val loss 0.5495 acc 0.810 *
[inception_v3 trial12] Epoch   3/100 | LR: 2.74e-04 | train loss 0.8726 acc 0.751 | val loss 0.5112 acc 0.790 *
[inception_v3 trial12] Epoch   4/100 | LR: 2.74e-04 | train loss 0.7281 acc 0.759 | val loss 0.5094 acc 0.780 *
[inception_v3 trial12] Epoch   5/100 | LR: 2.74e-04 | train loss 0.5648 acc 0.831 | val loss 0.4775 acc 0.834 *
[inception_v3 trial12] Epoch   6/100 | LR: 2.74e-04 | train loss 0.5301 acc 0.842 | val loss 0.5022 acc 0.807
[inception_v3 trial12] Epoch   7/100 | LR: 2.74e-04 | train loss 0.4085 acc 0.873 | val loss 0.3716 acc 0.851 *
[inception_v3 trial12] Epoch   8/100 | LR: 2.74e-04 | train loss 0.3259 acc 0.898 | val loss 0.4743 acc 0.863
[inception_v3 trial12] Epoch   9/100 | LR: 2.74e-04 | train loss 0.3343 acc 0.897 | val loss 0.4488 acc 0.863
[inception_v3 trial12] Epoch  10/100 | LR: 2.74e-04 | train loss 0.3047 acc 0.910 | val loss 0.4846 acc 0.851
[inception_v3 trial12] Epoch  11/100 | LR: 2.74e-04 | train loss 0.3297 acc 0.897 | val loss 0.3836 acc 0.859
[inception_v3 trial12] Epoch  12/100 | LR: 2.74e-04 | train loss 0.2894 acc 0.918 | val loss 0.4857 acc 0.868
[inception_v3 trial12] Epoch  13/100 | LR: 2.74e-04 | train loss 0.2930 acc 0.920 | val loss 0.5498 acc 0.854
[inception_v3 trial12] Epoch  14/100 | LR: 2.74e-04 | train loss 0.2989 acc 0.915 | val loss 0.4879 acc 0.834
[inception_v3 trial12] Epoch  15/100 | LR: 2.74e-04 | train loss 0.2296 acc 0.921 | val loss 0.3971 acc 0.854
[inception_v3 trial12] Epoch  16/100 | LR: 2.74e-04 | train loss 0.2100 acc 0.939 | val loss 0.5171 acc 0.844
[inception_v3 trial12] Epoch  17/100 | LR: 2.74e-05 | train loss 0.2201 acc 0.935 | val loss 0.4651 acc 0.863

[inception_v3 trial12] No val loss improvement for 10 epochs — stopping early at epoch 17.

[inception_v3 trial12] Restored best checkpoint (val loss = 0.3716)
[17:03:15] [inception_v3] trial 12 finished: best val_acc=0.8512 (at val_loss=0.3716)
[I 2026-09-22 17:03:15,521] Trial 12 finished with value: 0.8512195121951219 and parameters: {'hidden_layers': 3, 'neurons': 512, 'lr': 0.0002742357027232081, 'beta1': 0.9544219640704642, 'step_size': 17, 'batch_size': 96}. Best is trial 1 with value: 0.8951219512195122.
[17:03:15] [inception_v3] trial 13: H=2 N=2048 lr=4.06e-04 beta1=0.605 step_size=23 batch_size=96 (micro_batch=16, accum_steps=6)
[inception_v3 trial13] Using gradient accumulation: 6 micro-batches per optimizer step (effective batch size ≈ micro_batch x 6).
[inception_v3 trial13] Epoch   1/100 | LR: 4.06e-04 | train loss 1.4787 acc 0.511 | val loss 0.6594 acc 0.727 *
[inception_v3 trial13] Epoch   2/100 | LR: 4.06e-04 | train loss 0.9561 acc 0.705 | val loss 0.8111 acc 0.707
[inception_v3 trial13] Epoch   3/100 | LR: 4.06e-04 | train loss 0.8776 acc 0.735 | val loss 0.7271 acc 0.768
[inception_v3 trial13] Epoch   4/100 | LR: 4.06e-04 | train loss 0.6902 acc 0.788 | val loss 0.5455 acc 0.778 *
[inception_v3 trial13] Epoch   5/100 | LR: 4.06e-04 | train loss 0.6667 acc 0.807 | val loss 0.4554 acc 0.846 *
[inception_v3 trial13] Epoch   6/100 | LR: 4.06e-04 | train loss 0.5143 acc 0.841 | val loss 0.5181 acc 0.802
[inception_v3 trial13] Epoch   7/100 | LR: 4.06e-04 | train loss 0.5964 acc 0.820 | val loss 0.4011 acc 0.854 *
[inception_v3 trial13] Epoch   8/100 | LR: 4.06e-04 | train loss 0.4510 acc 0.861 | val loss 0.6351 acc 0.798
[inception_v3 trial13] Epoch   9/100 | LR: 4.06e-04 | train loss 0.4222 acc 0.872 | val loss 0.6238 acc 0.802
[inception_v3 trial13] Epoch  10/100 | LR: 4.06e-04 | train loss 0.5303 acc 0.848 | val loss 0.6270 acc 0.810
[inception_v3 trial13] Epoch  11/100 | LR: 4.06e-04 | train loss 0.5248 acc 0.862 | val loss 0.4084 acc 0.854
[inception_v3 trial13] Epoch  12/100 | LR: 4.06e-04 | train loss 0.4202 acc 0.882 | val loss 0.6716 acc 0.780
[inception_v3 trial13] Epoch  13/100 | LR: 4.06e-04 | train loss 0.4257 acc 0.872 | val loss 0.4635 acc 0.854
[inception_v3 trial13] Epoch  14/100 | LR: 4.06e-04 | train loss 0.3083 acc 0.913 | val loss 0.5122 acc 0.851
[inception_v3 trial13] Epoch  15/100 | LR: 4.06e-04 | train loss 0.2775 acc 0.898 | val loss 0.4806 acc 0.846
[inception_v3 trial13] Epoch  16/100 | LR: 4.06e-04 | train loss 0.4258 acc 0.881 | val loss 0.4544 acc 0.837
[inception_v3 trial13] Epoch  17/100 | LR: 4.06e-04 | train loss 0.3353 acc 0.904 | val loss 0.5415 acc 0.834

[inception_v3 trial13] No val loss improvement for 10 epochs — stopping early at epoch 17.

[inception_v3 trial13] Restored best checkpoint (val loss = 0.4011)
[17:06:17] [inception_v3] trial 13 finished: best val_acc=0.8537 (at val_loss=0.4011)
[I 2026-09-22 17:06:17,090] Trial 13 finished with value: 0.8536585365853658 and parameters: {'hidden_layers': 2, 'neurons': 2048, 'lr': 0.00040646782152631836, 'beta1': 0.6052336967139187, 'step_size': 23, 'batch_size': 96}. Best is trial 1 with value: 0.8951219512195122.
[17:06:17] [inception_v3] trial 14: H=3 N=512 lr=7.80e-04 beta1=0.804 step_size=15 batch_size=96 (micro_batch=16, accum_steps=6)
[inception_v3 trial14] Using gradient accumulation: 6 micro-batches per optimizer step (effective batch size ≈ micro_batch x 6).
[inception_v3 trial14] Epoch   1/100 | LR: 7.80e-04 | train loss 1.5627 acc 0.511 | val loss 0.9571 acc 0.651 *
[inception_v3 trial14] Epoch   2/100 | LR: 7.80e-04 | train loss 1.1952 acc 0.632 | val loss 0.8140 acc 0.683 *
[inception_v3 trial14] Epoch   3/100 | LR: 7.80e-04 | train loss 1.0702 acc 0.694 | val loss 0.7152 acc 0.768 *
[inception_v3 trial14] Epoch   4/100 | LR: 7.80e-04 | train loss 0.9672 acc 0.725 | val loss 0.6755 acc 0.739 *
[inception_v3 trial14] Epoch   5/100 | LR: 7.80e-04 | train loss 0.8986 acc 0.748 | val loss 0.5648 acc 0.768 *
[I 2026-09-22 17:07:10,616] Trial 14 pruned. 
[17:07:10] [inception_v3] trial 15: H=3 N=512 lr=1.36e-05 beta1=0.629 step_size=22 batch_size=96 (micro_batch=16, accum_steps=6)
[inception_v3 trial15] Using gradient accumulation: 6 micro-batches per optimizer step (effective batch size ≈ micro_batch x 6).
[inception_v3 trial15] Epoch   1/100 | LR: 1.36e-05 | train loss 1.9322 acc 0.405 | val loss 1.3694 acc 0.405 *
[inception_v3 trial15] Epoch   2/100 | LR: 1.36e-05 | train loss 1.8392 acc 0.410 | val loss 1.3568 acc 0.420 *
[inception_v3 trial15] Epoch   3/100 | LR: 1.36e-05 | train loss 1.7635 acc 0.488 | val loss 1.3324 acc 0.566 *
[inception_v3 trial15] Epoch   4/100 | LR: 1.36e-05 | train loss 1.6875 acc 0.566 | val loss 1.2732 acc 0.561 *
[inception_v3 trial15] Epoch   5/100 | LR: 1.36e-05 | train loss 1.5902 acc 0.549 | val loss 1.1524 acc 0.549 *
[I 2026-09-22 17:08:04,111] Trial 15 pruned. 
[17:08:04] [inception_v3] trial 16: H=2 N=2048 lr=3.63e-04 beta1=0.877 step_size=33 batch_size=96 (micro_batch=16, accum_steps=6)
[inception_v3 trial16] Using gradient accumulation: 6 micro-batches per optimizer step (effective batch size ≈ micro_batch x 6).
[inception_v3 trial16] Epoch   1/100 | LR: 3.63e-04 | train loss 1.5532 acc 0.496 | val loss 0.8194 acc 0.659 *
[inception_v3 trial16] Epoch   2/100 | LR: 3.63e-04 | train loss 0.9639 acc 0.696 | val loss 0.5630 acc 0.788 *
[inception_v3 trial16] Epoch   3/100 | LR: 3.63e-04 | train loss 0.7713 acc 0.783 | val loss 0.6651 acc 0.751
[inception_v3 trial16] Epoch   4/100 | LR: 3.63e-04 | train loss 0.6733 acc 0.803 | val loss 0.4195 acc 0.863 *
[inception_v3 trial16] Epoch   5/100 | LR: 3.63e-04 | train loss 0.6392 acc 0.817 | val loss 0.3864 acc 0.851 *
[inception_v3 trial16] Epoch   6/100 | LR: 3.63e-04 | train loss 0.5974 acc 0.843 | val loss 0.4395 acc 0.863
[inception_v3 trial16] Epoch   7/100 | LR: 3.63e-04 | train loss 0.4767 acc 0.841 | val loss 0.4267 acc 0.856
[inception_v3 trial16] Epoch   8/100 | LR: 3.63e-04 | train loss 0.4161 acc 0.865 | val loss 0.4352 acc 0.844
[inception_v3 trial16] Epoch   9/100 | LR: 3.63e-04 | train loss 0.4556 acc 0.872 | val loss 0.4446 acc 0.834
[inception_v3 trial16] Epoch  10/100 | LR: 3.63e-04 | train loss 0.3447 acc 0.892 | val loss 0.4901 acc 0.829
[inception_v3 trial16] Epoch  11/100 | LR: 3.63e-04 | train loss 0.3232 acc 0.901 | val loss 0.5058 acc 0.832
[inception_v3 trial16] Epoch  12/100 | LR: 3.63e-04 | train loss 0.3651 acc 0.887 | val loss 0.4777 acc 0.841
[inception_v3 trial16] Epoch  13/100 | LR: 3.63e-04 | train loss 0.4259 acc 0.901 | val loss 0.6705 acc 0.800
[inception_v3 trial16] Epoch  14/100 | LR: 3.63e-04 | train loss 0.4058 acc 0.874 | val loss 0.4834 acc 0.824
[inception_v3 trial16] Epoch  15/100 | LR: 3.63e-04 | train loss 0.3592 acc 0.900 | val loss 0.4816 acc 0.829

[inception_v3 trial16] No val loss improvement for 10 epochs — stopping early at epoch 15.

[inception_v3 trial16] Restored best checkpoint (val loss = 0.3864)
[17:10:44] [inception_v3] trial 16 finished: best val_acc=0.8512 (at val_loss=0.3864)
[I 2026-09-22 17:10:44,762] Trial 16 finished with value: 0.8512195121951219 and parameters: {'hidden_layers': 2, 'neurons': 2048, 'lr': 0.0003625454960799526, 'beta1': 0.8770469927501832, 'step_size': 33, 'batch_size': 96}. Best is trial 1 with value: 0.8951219512195122.
[17:10:44] [inception_v3] trial 17: H=1 N=2048 lr=1.69e-03 beta1=0.758 step_size=40 batch_size=96 (micro_batch=16, accum_steps=6)
[inception_v3 trial17] Using gradient accumulation: 6 micro-batches per optimizer step (effective batch size ≈ micro_batch x 6).
[inception_v3 trial17] Epoch   1/100 | LR: 1.69e-03 | train loss 1.9980 acc 0.415 | val loss 1.3162 acc 0.507 *
[inception_v3 trial17] Epoch   2/100 | LR: 1.69e-03 | train loss 1.5162 acc 0.489 | val loss 0.8751 acc 0.605 *
[inception_v3 trial17] Epoch   3/100 | LR: 1.69e-03 | train loss 1.3993 acc 0.560 | val loss 0.9344 acc 0.605
[inception_v3 trial17] Epoch   4/100 | LR: 1.69e-03 | train loss 1.2704 acc 0.600 | val loss 0.7265 acc 0.693 *
[inception_v3 trial17] Epoch   5/100 | LR: 1.69e-03 | train loss 1.1321 acc 0.668 | val loss 0.5938 acc 0.780 *
[I 2026-09-22 17:11:38,276] Trial 17 pruned. 
[17:11:38] [inception_v3] trial 18: H=2 N=2048 lr=3.20e-03 beta1=0.512 step_size=6 batch_size=128 (micro_batch=16, accum_steps=8)
[inception_v3 trial18] Using gradient accumulation: 8 micro-batches per optimizer step (effective batch size ≈ micro_batch x 8).
[inception_v3 trial18] Epoch   1/100 | LR: 3.20e-03 | train loss 3.1493 acc 0.368 | val loss 213.6135 acc 0.293 *
[inception_v3 trial18] Epoch   2/100 | LR: 3.20e-03 | train loss 1.7394 acc 0.368 | val loss 3.3722 acc 0.300 *
[inception_v3 trial18] Epoch   3/100 | LR: 3.20e-03 | train loss 1.6406 acc 0.415 | val loss 1.0821 acc 0.471 *
[inception_v3 trial18] Epoch   4/100 | LR: 3.20e-03 | train loss 1.6863 acc 0.411 | val loss 1.3540 acc 0.378
[inception_v3 trial18] Epoch   5/100 | LR: 3.20e-03 | train loss 1.6506 acc 0.435 | val loss 5.0848 acc 0.156
[I 2026-09-22 17:12:31,858] Trial 18 pruned. 
[17:12:31] [inception_v3] trial 19: H=3 N=512 lr=1.08e-05 beta1=0.890 step_size=8 batch_size=96 (micro_batch=16, accum_steps=6)
[inception_v3 trial19] Using gradient accumulation: 6 micro-batches per optimizer step (effective batch size ≈ micro_batch x 6).
[inception_v3 trial19] Epoch   1/100 | LR: 1.08e-05 | train loss 1.9441 acc 0.194 | val loss 1.3876 acc 0.271 *
[inception_v3 trial19] Epoch   2/100 | LR: 1.08e-05 | train loss 1.8683 acc 0.332 | val loss 1.3788 acc 0.405 *
[inception_v3 trial19] Epoch   3/100 | LR: 1.08e-05 | train loss 1.8094 acc 0.407 | val loss 1.3698 acc 0.420 *
[inception_v3 trial19] Epoch   4/100 | LR: 1.08e-05 | train loss 1.7630 acc 0.476 | val loss 1.3505 acc 0.507 *
[inception_v3 trial19] Epoch   5/100 | LR: 1.08e-05 | train loss 1.7071 acc 0.575 | val loss 1.3269 acc 0.661 *
[I 2026-09-22 17:13:24,819] Trial 19 pruned. 
[17:13:24] === inception_v3 done: 13 completed, 7 pruned. Best trial #1: val_acc=0.8951 params={'hidden_layers': 2, 'neurons': 2048, 'lr': 0.0013826232179369874, 'beta1': 0.5996372172970215, 'step_size': 23, 'batch_size': 96} ===
[17:13:24] Saved tuned hyperparameters for inception_v3 to tuned_hyperparams.json
[17:13:24] [inception_v3] finished in 86.8 min
[17:13:24] All requested architectures tuned in 120.1 min total.
[17:13:25] === run_tuning_with_retries: tune.py exited cleanly, done ===
