Using device: cuda
Test set ID (derived from DATASET_ROOT): NoordelikeWerke
Train-time augmentation: on
[warn] ../cnn_dataset_split_facility_test-NoordelikeWerke/aerobic_zone/test does not exist -- using an empty split.
Classes found (3): ['Dysfunctional', 'Functional', 'Suboptimal']
Train: 1402 | Val: 341 | Test: 0
[warn] tuned_hyperparams_aerobic_zone.json not found -- no tuned hyperparameters for aerobic_zone yet.
[22:01:42] Dataset root: ../cnn_dataset_split_facility_test-NoordelikeWerke  Component: aerobic_zone
[22:01:42] Architectures to tune (1): ['resnet18']
[22:01:42] Trials per architecture: 20
[I 2026-09-28 22:01:42,634] A new study created in RDB with name: aerobic_zone_resnet18_tune
[22:01:42] === resnet18: 0/20 trials already recorded, 20 remaining, img_size=(112, 224) ===
[22:01:42] [resnet18] trial 0: H=1 N=512 lr=2.92e-03 beta1=0.800 step_size=30 batch_size=16 (micro_batch=16, accum_steps=1)
[warn] ../cnn_dataset_split_facility_test-NoordelikeWerke/aerobic_zone/test does not exist -- using an empty split.
Using device: cuda
Test set ID (derived from DATASET_ROOT): NoordelikeWerke
Train-time augmentation: on
[warn] ../cnn_dataset_split_facility_test-NoordelikeWerke/aerobic_zone/test does not exist -- using an empty split.
Classes found (3): ['Dysfunctional', 'Functional', 'Suboptimal']
Train: 1402 | Val: 341 | Test: 0
[warn] tuned_hyperparams_aerobic_zone.json not found -- no tuned hyperparameters for aerobic_zone yet.
[resnet18 trial0] Epoch   1/100 | LR: 2.92e-03 | train loss 1.3667 acc 0.369 | val loss 1.0933 acc 0.364 *
[resnet18 trial0] Epoch   2/100 | LR: 2.92e-03 | train loss 1.0987 acc 0.422 | val loss 1.0900 acc 0.431 *
[resnet18 trial0] Epoch   3/100 | LR: 2.92e-03 | train loss 1.0979 acc 0.445 | val loss 1.0789 acc 0.422 *
[resnet18 trial0] Epoch   4/100 | LR: 2.92e-03 | train loss 1.0966 acc 0.442 | val loss 1.0755 acc 0.440 *
[resnet18 trial0] Epoch   5/100 | LR: 2.92e-03 | train loss 1.1175 acc 0.480 | val loss 1.0742 acc 0.504 *
[resnet18 trial0] Epoch   6/100 | LR: 2.92e-03 | train loss 1.0443 acc 0.584 | val loss 0.9484 acc 0.639 *
[resnet18 trial0] Epoch   7/100 | LR: 2.92e-03 | train loss 1.0166 acc 0.610 | val loss 0.9867 acc 0.619
[resnet18 trial0] Epoch   8/100 | LR: 2.92e-03 | train loss 0.9712 acc 0.661 | val loss 0.8802 acc 0.695 *
[resnet18 trial0] Epoch   9/100 | LR: 2.92e-03 | train loss 0.9262 acc 0.683 | val loss 0.8369 acc 0.701 *
[resnet18 trial0] Epoch  10/100 | LR: 2.92e-03 | train loss 0.9201 acc 0.672 | val loss 0.9046 acc 0.628
[resnet18 trial0] Epoch  11/100 | LR: 2.92e-03 | train loss 0.8997 acc 0.683 | val loss 0.7779 acc 0.701 *
[resnet18 trial0] Epoch  12/100 | LR: 2.92e-03 | train loss 0.8977 acc 0.680 | val loss 0.7624 acc 0.724 *
[resnet18 trial0] Epoch  13/100 | LR: 2.92e-03 | train loss 0.9029 acc 0.684 | val loss 0.7979 acc 0.707
[resnet18 trial0] Epoch  14/100 | LR: 2.92e-03 | train loss 0.8893 acc 0.664 | val loss 0.7285 acc 0.716 *
[resnet18 trial0] Epoch  15/100 | LR: 2.92e-03 | train loss 0.8562 acc 0.704 | val loss 0.9910 acc 0.645
[resnet18 trial0] Epoch  16/100 | LR: 2.92e-03 | train loss 0.8895 acc 0.653 | val loss 0.7501 acc 0.701
[resnet18 trial0] Epoch  17/100 | LR: 2.92e-03 | train loss 0.8666 acc 0.698 | val loss 1.0330 acc 0.657
[resnet18 trial0] Epoch  18/100 | LR: 2.92e-03 | train loss 0.8639 acc 0.694 | val loss 0.9511 acc 0.645
[resnet18 trial0] Epoch  19/100 | LR: 2.92e-03 | train loss 0.8435 acc 0.712 | val loss 0.7349 acc 0.718
[resnet18 trial0] Epoch  20/100 | LR: 2.92e-03 | train loss 0.8737 acc 0.670 | val loss 0.9745 acc 0.575
[resnet18 trial0] Epoch  21/100 | LR: 2.92e-03 | train loss 0.8764 acc 0.668 | val loss 0.7088 acc 0.718 *
[resnet18 trial0] Epoch  22/100 | LR: 2.92e-03 | train loss 0.8167 acc 0.700 | val loss 0.8346 acc 0.657
[resnet18 trial0] Epoch  23/100 | LR: 2.92e-03 | train loss 0.8364 acc 0.678 | val loss 0.7943 acc 0.660
[resnet18 trial0] Epoch  24/100 | LR: 2.92e-03 | train loss 0.8510 acc 0.666 | val loss 1.7100 acc 0.575
[resnet18 trial0] Epoch  25/100 | LR: 2.92e-03 | train loss 0.8622 acc 0.638 | val loss 0.8754 acc 0.589
[resnet18 trial0] Epoch  26/100 | LR: 2.92e-03 | train loss 0.8347 acc 0.671 | val loss 0.7731 acc 0.683
[resnet18 trial0] Epoch  27/100 | LR: 2.92e-03 | train loss 0.8405 acc 0.669 | val loss 1.9850 acc 0.648
[resnet18 trial0] Epoch  28/100 | LR: 2.92e-03 | train loss 0.8931 acc 0.638 | val loss 0.7200 acc 0.701
[resnet18 trial0] Epoch  29/100 | LR: 2.92e-03 | train loss 0.8368 acc 0.666 | val loss 0.7910 acc 0.642
[resnet18 trial0] Epoch  30/100 | LR: 2.92e-04 | train loss 0.7989 acc 0.697 | val loss 0.7946 acc 0.630
[resnet18 trial0] Epoch  31/100 | LR: 2.92e-04 | train loss 0.7502 acc 0.700 | val loss 0.6426 acc 0.718 *
[resnet18 trial0] Epoch  32/100 | LR: 2.92e-04 | train loss 0.7411 acc 0.722 | val loss 0.6017 acc 0.733 *
[resnet18 trial0] Epoch  33/100 | LR: 2.92e-04 | train loss 0.7365 acc 0.727 | val loss 0.6429 acc 0.710
[resnet18 trial0] Epoch  34/100 | LR: 2.92e-04 | train loss 0.7141 acc 0.726 | val loss 0.6058 acc 0.739
[resnet18 trial0] Epoch  35/100 | LR: 2.92e-04 | train loss 0.7470 acc 0.705 | val loss 0.6062 acc 0.724
[resnet18 trial0] Epoch  36/100 | LR: 2.92e-04 | train loss 0.7323 acc 0.700 | val loss 0.6595 acc 0.701
[resnet18 trial0] Epoch  37/100 | LR: 2.92e-04 | train loss 0.7315 acc 0.712 | val loss 0.6261 acc 0.721
[resnet18 trial0] Epoch  38/100 | LR: 2.92e-04 | train loss 0.7199 acc 0.704 | val loss 0.6297 acc 0.704
[resnet18 trial0] Epoch  39/100 | LR: 2.92e-04 | train loss 0.7101 acc 0.719 | val loss 0.6697 acc 0.680
[resnet18 trial0] Epoch  40/100 | LR: 2.92e-04 | train loss 0.6948 acc 0.735 | val loss 0.5877 acc 0.724 *
[resnet18 trial0] Epoch  41/100 | LR: 2.92e-04 | train loss 0.6974 acc 0.719 | val loss 0.6091 acc 0.718
[resnet18 trial0] Epoch  42/100 | LR: 2.92e-04 | train loss 0.7108 acc 0.715 | val loss 0.6326 acc 0.698
[resnet18 trial0] Epoch  43/100 | LR: 2.92e-04 | train loss 0.6917 acc 0.720 | val loss 0.6036 acc 0.736
[resnet18 trial0] Epoch  44/100 | LR: 2.92e-04 | train loss 0.7047 acc 0.710 | val loss 0.6082 acc 0.716
[resnet18 trial0] Epoch  45/100 | LR: 2.92e-04 | train loss 0.6871 acc 0.701 | val loss 0.6164 acc 0.695
[resnet18 trial0] Epoch  46/100 | LR: 2.92e-04 | train loss 0.6864 acc 0.730 | val loss 0.5985 acc 0.730
[resnet18 trial0] Epoch  47/100 | LR: 2.92e-04 | train loss 0.6850 acc 0.725 | val loss 0.5733 acc 0.730 *
[resnet18 trial0] Epoch  48/100 | LR: 2.92e-04 | train loss 0.6895 acc 0.720 | val loss 0.6203 acc 0.701
[resnet18 trial0] Epoch  49/100 | LR: 2.92e-04 | train loss 0.6812 acc 0.721 | val loss 0.6198 acc 0.721
[resnet18 trial0] Epoch  50/100 | LR: 2.92e-04 | train loss 0.7207 acc 0.719 | val loss 0.6475 acc 0.692
[resnet18 trial0] Epoch  51/100 | LR: 2.92e-04 | train loss 0.6726 acc 0.727 | val loss 0.6308 acc 0.724
[resnet18 trial0] Epoch  52/100 | LR: 2.92e-04 | train loss 0.6632 acc 0.740 | val loss 0.6201 acc 0.686
[resnet18 trial0] Epoch  53/100 | LR: 2.92e-04 | train loss 0.6972 acc 0.696 | val loss 0.5884 acc 0.739
[resnet18 trial0] Epoch  54/100 | LR: 2.92e-04 | train loss 0.6767 acc 0.725 | val loss 0.6988 acc 0.666
[resnet18 trial0] Epoch  55/100 | LR: 2.92e-04 | train loss 0.6515 acc 0.730 | val loss 0.6055 acc 0.721
[resnet18 trial0] Epoch  56/100 | LR: 2.92e-04 | train loss 0.6681 acc 0.724 | val loss 0.6397 acc 0.724
[resnet18 trial0] Epoch  57/100 | LR: 2.92e-04 | train loss 0.6866 acc 0.705 | val loss 0.6094 acc 0.727

[resnet18 trial0] No val loss improvement for 10 epochs — stopping early at epoch 57.

[resnet18 trial0] Restored best checkpoint (val loss = 0.5733)
[22:09:31] [resnet18] trial 0 finished: best val_acc=0.7302 (at val_loss=0.5733)
[I 2026-09-28 22:09:31,240] Trial 0 finished with value: 0.7302052785923754 and parameters: {'hidden_layers': 1, 'neurons': 512, 'lr': 0.0029154431891537554, 'beta1': 0.7999563908598613, 'step_size': 30, 'batch_size': 16}. Best is trial 0 with value: 0.7302052785923754.
[22:09:31] [resnet18] trial 1: H=2 N=2048 lr=1.38e-03 beta1=0.600 step_size=23 batch_size=96 (micro_batch=16, accum_steps=6)
[warn] ../cnn_dataset_split_facility_test-NoordelikeWerke/aerobic_zone/test does not exist -- using an empty split.
[resnet18 trial1] Using gradient accumulation: 6 micro-batches per optimizer step (effective batch size ≈ micro_batch x 6).
[resnet18 trial1] Epoch   1/100 | LR: 1.38e-03 | train loss 1.3553 acc 0.576 | val loss 1.0620 acc 0.493 *
[resnet18 trial1] Epoch   2/100 | LR: 1.38e-03 | train loss 0.9042 acc 0.653 | val loss 0.8294 acc 0.674 *
[resnet18 trial1] Epoch   3/100 | LR: 1.38e-03 | train loss 0.8352 acc 0.683 | val loss 0.6184 acc 0.780 *
[resnet18 trial1] Epoch   4/100 | LR: 1.38e-03 | train loss 0.8058 acc 0.691 | val loss 0.6222 acc 0.754
[resnet18 trial1] Epoch   5/100 | LR: 1.38e-03 | train loss 0.7902 acc 0.698 | val loss 0.7413 acc 0.683
[resnet18 trial1] Epoch   6/100 | LR: 1.38e-03 | train loss 0.7637 acc 0.707 | val loss 0.7383 acc 0.666
[resnet18 trial1] Epoch   7/100 | LR: 1.38e-03 | train loss 0.7509 acc 0.727 | val loss 0.8966 acc 0.616
[resnet18 trial1] Epoch   8/100 | LR: 1.38e-03 | train loss 0.7177 acc 0.734 | val loss 0.6210 acc 0.762
[resnet18 trial1] Epoch   9/100 | LR: 1.38e-03 | train loss 0.7452 acc 0.715 | val loss 0.5796 acc 0.727 *
[resnet18 trial1] Epoch  10/100 | LR: 1.38e-03 | train loss 0.7221 acc 0.730 | val loss 0.6240 acc 0.716
[resnet18 trial1] Epoch  11/100 | LR: 1.38e-03 | train loss 0.7433 acc 0.716 | val loss 0.6867 acc 0.718
[resnet18 trial1] Epoch  12/100 | LR: 1.38e-03 | train loss 0.6752 acc 0.727 | val loss 0.5191 acc 0.751 *
[resnet18 trial1] Epoch  13/100 | LR: 1.38e-03 | train loss 0.6957 acc 0.710 | val loss 0.6312 acc 0.707
[resnet18 trial1] Epoch  14/100 | LR: 1.38e-03 | train loss 0.7048 acc 0.743 | val loss 0.7629 acc 0.674
[resnet18 trial1] Epoch  15/100 | LR: 1.38e-03 | train loss 0.6359 acc 0.753 | val loss 0.5461 acc 0.751
[resnet18 trial1] Epoch  16/100 | LR: 1.38e-03 | train loss 0.6685 acc 0.755 | val loss 0.6212 acc 0.710
[resnet18 trial1] Epoch  17/100 | LR: 1.38e-03 | train loss 0.6381 acc 0.745 | val loss 0.7302 acc 0.704
[resnet18 trial1] Epoch  18/100 | LR: 1.38e-03 | train loss 0.6251 acc 0.748 | val loss 0.5239 acc 0.745
[resnet18 trial1] Epoch  19/100 | LR: 1.38e-03 | train loss 0.6160 acc 0.760 | val loss 0.5492 acc 0.804
[resnet18 trial1] Epoch  20/100 | LR: 1.38e-03 | train loss 0.6121 acc 0.769 | val loss 0.6014 acc 0.754
[resnet18 trial1] Epoch  21/100 | LR: 1.38e-03 | train loss 0.6207 acc 0.767 | val loss 0.5274 acc 0.730
[resnet18 trial1] Epoch  22/100 | LR: 1.38e-03 | train loss 0.5759 acc 0.795 | val loss 0.6397 acc 0.745

[resnet18 trial1] No val loss improvement for 10 epochs — stopping early at epoch 22.

[resnet18 trial1] Restored best checkpoint (val loss = 0.5191)
[22:12:31] [resnet18] trial 1 finished: best val_acc=0.7507 (at val_loss=0.5191)
[I 2026-09-28 22:12:31,913] Trial 1 finished with value: 0.750733137829912 and parameters: {'hidden_layers': 2, 'neurons': 2048, 'lr': 0.0013826232179369874, 'beta1': 0.5996372172970215, 'step_size': 23, 'batch_size': 96}. Best is trial 1 with value: 0.750733137829912.
[22:12:32] [resnet18] trial 2: H=2 N=1024 lr=4.34e-03 beta1=0.629 step_size=28 batch_size=48 (micro_batch=16, accum_steps=3)
[warn] ../cnn_dataset_split_facility_test-NoordelikeWerke/aerobic_zone/test does not exist -- using an empty split.
[resnet18 trial2] Using gradient accumulation: 3 micro-batches per optimizer step (effective batch size ≈ micro_batch x 3).
[resnet18 trial2] Epoch   1/100 | LR: 4.34e-03 | train loss 1.8660 acc 0.396 | val loss 1.0444 acc 0.560 *
[resnet18 trial2] Epoch   2/100 | LR: 4.34e-03 | train loss 1.0987 acc 0.354 | val loss 1.0725 acc 0.469
[resnet18 trial2] Epoch   3/100 | LR: 4.34e-03 | train loss 1.0986 acc 0.444 | val loss 1.0799 acc 0.466
[resnet18 trial2] Epoch   4/100 | LR: 4.34e-03 | train loss 1.1076 acc 0.439 | val loss 1.0819 acc 0.481
[resnet18 trial2] Epoch   5/100 | LR: 4.34e-03 | train loss 1.1065 acc 0.414 | val loss 1.0387 acc 0.428 *
[resnet18 trial2] Epoch   6/100 | LR: 4.34e-03 | train loss 1.0851 acc 0.474 | val loss 1.2266 acc 0.158
[resnet18 trial2] Epoch   7/100 | LR: 4.34e-03 | train loss 1.1061 acc 0.454 | val loss 1.0718 acc 0.557
[resnet18 trial2] Epoch   8/100 | LR: 4.34e-03 | train loss 1.1025 acc 0.456 | val loss 1.0814 acc 0.408
[resnet18 trial2] Epoch   9/100 | LR: 4.34e-03 | train loss 1.0965 acc 0.459 | val loss 1.0842 acc 0.469
[resnet18 trial2] Epoch  10/100 | LR: 4.34e-03 | train loss 1.0961 acc 0.467 | val loss 1.0189 acc 0.469 *
[resnet18 trial2] Epoch  11/100 | LR: 4.34e-03 | train loss 1.1047 acc 0.451 | val loss 1.1055 acc 0.452
[resnet18 trial2] Epoch  12/100 | LR: 4.34e-03 | train loss 1.1057 acc 0.424 | val loss 1.0839 acc 0.469
[resnet18 trial2] Epoch  13/100 | LR: 4.34e-03 | train loss 1.0988 acc 0.450 | val loss 1.0855 acc 0.469
[resnet18 trial2] Epoch  14/100 | LR: 4.34e-03 | train loss 1.1055 acc 0.444 | val loss 1.0808 acc 0.469
[resnet18 trial2] Epoch  15/100 | LR: 4.34e-03 | train loss 1.0983 acc 0.425 | val loss 1.0843 acc 0.469
[resnet18 trial2] Epoch  16/100 | LR: 4.34e-03 | train loss 1.1000 acc 0.417 | val loss 1.0788 acc 0.469
[resnet18 trial2] Epoch  17/100 | LR: 4.34e-03 | train loss 1.0984 acc 0.413 | val loss 1.0815 acc 0.469
[resnet18 trial2] Epoch  18/100 | LR: 4.34e-03 | train loss 1.1019 acc 0.404 | val loss 1.0740 acc 0.408
[resnet18 trial2] Epoch  19/100 | LR: 4.34e-03 | train loss 1.0983 acc 0.389 | val loss 1.0698 acc 0.408
[resnet18 trial2] Epoch  20/100 | LR: 4.34e-03 | train loss 1.0983 acc 0.409 | val loss 1.0743 acc 0.408

[resnet18 trial2] No val loss improvement for 10 epochs — stopping early at epoch 20.

[resnet18 trial2] Restored best checkpoint (val loss = 1.0189)
[22:15:14] [resnet18] trial 2 finished: best val_acc=0.4692 (at val_loss=1.0189)
[I 2026-09-28 22:15:14,102] Trial 2 finished with value: 0.46920821114369504 and parameters: {'hidden_layers': 2, 'neurons': 1024, 'lr': 0.004337920697490943, 'beta1': 0.6291312108184084, 'step_size': 28, 'batch_size': 48}. Best is trial 1 with value: 0.750733137829912.
[22:15:14] [resnet18] trial 3: H=1 N=2048 lr=1.22e-05 beta1=0.914 step_size=17 batch_size=64 (micro_batch=16, accum_steps=4)
[warn] ../cnn_dataset_split_facility_test-NoordelikeWerke/aerobic_zone/test does not exist -- using an empty split.
[resnet18 trial3] Using gradient accumulation: 4 micro-batches per optimizer step (effective batch size ≈ micro_batch x 4).
[resnet18 trial3] Epoch   1/100 | LR: 1.22e-05 | train loss 1.0829 acc 0.428 | val loss 1.0033 acc 0.584 *
[resnet18 trial3] Epoch   2/100 | LR: 1.22e-05 | train loss 0.9861 acc 0.655 | val loss 0.9343 acc 0.642 *
[resnet18 trial3] Epoch   3/100 | LR: 1.22e-05 | train loss 0.9184 acc 0.686 | val loss 0.8680 acc 0.672 *
[resnet18 trial3] Epoch   4/100 | LR: 1.22e-05 | train loss 0.8477 acc 0.719 | val loss 0.8286 acc 0.672 *
[resnet18 trial3] Epoch   5/100 | LR: 1.22e-05 | train loss 0.8141 acc 0.699 | val loss 0.8117 acc 0.698 *
[resnet18 trial3] Epoch   6/100 | LR: 1.22e-05 | train loss 0.7574 acc 0.744 | val loss 0.7446 acc 0.707 *
[resnet18 trial3] Epoch   7/100 | LR: 1.22e-05 | train loss 0.7229 acc 0.751 | val loss 0.7180 acc 0.739 *
[resnet18 trial3] Epoch   8/100 | LR: 1.22e-05 | train loss 0.6708 acc 0.773 | val loss 0.6879 acc 0.754 *
[resnet18 trial3] Epoch   9/100 | LR: 1.22e-05 | train loss 0.6339 acc 0.787 | val loss 0.6224 acc 0.774 *
[resnet18 trial3] Epoch  10/100 | LR: 1.22e-05 | train loss 0.6344 acc 0.772 | val loss 0.6456 acc 0.748
[resnet18 trial3] Epoch  11/100 | LR: 1.22e-05 | train loss 0.5990 acc 0.782 | val loss 0.6389 acc 0.748
[resnet18 trial3] Epoch  12/100 | LR: 1.22e-05 | train loss 0.5879 acc 0.805 | val loss 0.6577 acc 0.736
[resnet18 trial3] Epoch  13/100 | LR: 1.22e-05 | train loss 0.5677 acc 0.795 | val loss 0.5921 acc 0.765 *
[resnet18 trial3] Epoch  14/100 | LR: 1.22e-05 | train loss 0.5591 acc 0.800 | val loss 0.5690 acc 0.765 *
[resnet18 trial3] Epoch  15/100 | LR: 1.22e-05 | train loss 0.5550 acc 0.799 | val loss 0.5771 acc 0.765
[resnet18 trial3] Epoch  16/100 | LR: 1.22e-05 | train loss 0.5296 acc 0.816 | val loss 0.5454 acc 0.798 *
[resnet18 trial3] Epoch  17/100 | LR: 1.22e-06 | train loss 0.5108 acc 0.800 | val loss 0.5770 acc 0.765
[resnet18 trial3] Epoch  18/100 | LR: 1.22e-06 | train loss 0.5249 acc 0.819 | val loss 0.5500 acc 0.780
[resnet18 trial3] Epoch  19/100 | LR: 1.22e-06 | train loss 0.4973 acc 0.820 | val loss 0.5415 acc 0.789 *
[resnet18 trial3] Epoch  20/100 | LR: 1.22e-06 | train loss 0.5284 acc 0.815 | val loss 0.5824 acc 0.757
[resnet18 trial3] Epoch  21/100 | LR: 1.22e-06 | train loss 0.5066 acc 0.829 | val loss 0.5575 acc 0.768
[resnet18 trial3] Epoch  22/100 | LR: 1.22e-06 | train loss 0.4927 acc 0.827 | val loss 0.5591 acc 0.771
[resnet18 trial3] Epoch  23/100 | LR: 1.22e-06 | train loss 0.5179 acc 0.815 | val loss 0.5568 acc 0.780
[resnet18 trial3] Epoch  24/100 | LR: 1.22e-06 | train loss 0.5031 acc 0.820 | val loss 0.5569 acc 0.768
[resnet18 trial3] Epoch  25/100 | LR: 1.22e-06 | train loss 0.4839 acc 0.825 | val loss 0.5604 acc 0.768
[resnet18 trial3] Epoch  26/100 | LR: 1.22e-06 | train loss 0.4995 acc 0.815 | val loss 0.5536 acc 0.774
[resnet18 trial3] Epoch  27/100 | LR: 1.22e-06 | train loss 0.4888 acc 0.827 | val loss 0.5695 acc 0.765
[resnet18 trial3] Epoch  28/100 | LR: 1.22e-06 | train loss 0.4942 acc 0.820 | val loss 0.5750 acc 0.757
[resnet18 trial3] Epoch  29/100 | LR: 1.22e-06 | train loss 0.4808 acc 0.827 | val loss 0.5403 acc 0.792 *
[resnet18 trial3] Epoch  30/100 | LR: 1.22e-06 | train loss 0.4773 acc 0.830 | val loss 0.5632 acc 0.774
[resnet18 trial3] Epoch  31/100 | LR: 1.22e-06 | train loss 0.5088 acc 0.809 | val loss 0.5371 acc 0.777 *
[resnet18 trial3] Epoch  32/100 | LR: 1.22e-06 | train loss 0.4830 acc 0.824 | val loss 0.5432 acc 0.777
[resnet18 trial3] Epoch  33/100 | LR: 1.22e-06 | train loss 0.4931 acc 0.821 | val loss 0.5553 acc 0.777
[resnet18 trial3] Epoch  34/100 | LR: 1.22e-07 | train loss 0.4853 acc 0.823 | val loss 0.5655 acc 0.765
[resnet18 trial3] Epoch  35/100 | LR: 1.22e-07 | train loss 0.4897 acc 0.824 | val loss 0.5526 acc 0.771
[resnet18 trial3] Epoch  36/100 | LR: 1.22e-07 | train loss 0.4779 acc 0.829 | val loss 0.5381 acc 0.783
[resnet18 trial3] Epoch  37/100 | LR: 1.22e-07 | train loss 0.5016 acc 0.827 | val loss 0.5762 acc 0.760
[resnet18 trial3] Epoch  38/100 | LR: 1.22e-07 | train loss 0.4715 acc 0.827 | val loss 0.5437 acc 0.783
[resnet18 trial3] Epoch  39/100 | LR: 1.22e-07 | train loss 0.4934 acc 0.821 | val loss 0.5629 acc 0.774
[resnet18 trial3] Epoch  40/100 | LR: 1.22e-07 | train loss 0.4953 acc 0.828 | val loss 0.5863 acc 0.760
[resnet18 trial3] Epoch  41/100 | LR: 1.22e-07 | train loss 0.4854 acc 0.835 | val loss 0.5457 acc 0.786

[resnet18 trial3] No val loss improvement for 10 epochs — stopping early at epoch 41.

[resnet18 trial3] Restored best checkpoint (val loss = 0.5371)
[22:20:49] [resnet18] trial 3 finished: best val_acc=0.7771 (at val_loss=0.5371)
[I 2026-09-28 22:20:49,278] Trial 3 finished with value: 0.7771260997067448 and parameters: {'hidden_layers': 1, 'neurons': 2048, 'lr': 1.2172958098369984e-05, 'beta1': 0.9135400170668128, 'step_size': 17, 'batch_size': 64}. Best is trial 3 with value: 0.7771260997067448.
[22:20:49] [resnet18] trial 4: H=1 N=512 lr=2.91e-06 beta1=0.931 step_size=27 batch_size=96 (micro_batch=16, accum_steps=6)
[warn] ../cnn_dataset_split_facility_test-NoordelikeWerke/aerobic_zone/test does not exist -- using an empty split.
[resnet18 trial4] Using gradient accumulation: 6 micro-batches per optimizer step (effective batch size ≈ micro_batch x 6).
[resnet18 trial4] Epoch   1/100 | LR: 2.91e-06 | train loss 1.1083 acc 0.314 | val loss 1.1321 acc 0.261 *
[resnet18 trial4] Epoch   2/100 | LR: 2.91e-06 | train loss 1.0845 acc 0.397 | val loss 1.1052 acc 0.305 *
[resnet18 trial4] Epoch   3/100 | LR: 2.91e-06 | train loss 1.0607 acc 0.509 | val loss 1.0814 acc 0.384 *
[resnet18 trial4] Epoch   4/100 | LR: 2.91e-06 | train loss 1.0519 acc 0.541 | val loss 1.0602 acc 0.434 *
[resnet18 trial4] Epoch   5/100 | LR: 2.91e-06 | train loss 1.0384 acc 0.557 | val loss 1.0494 acc 0.469 *
[resnet18 trial4] Epoch   6/100 | LR: 2.91e-06 | train loss 1.0178 acc 0.616 | val loss 1.0333 acc 0.513 *
[resnet18 trial4] Epoch   7/100 | LR: 2.91e-06 | train loss 1.0073 acc 0.650 | val loss 1.0131 acc 0.560 *
[resnet18 trial4] Epoch   8/100 | LR: 2.91e-06 | train loss 0.9916 acc 0.662 | val loss 0.9867 acc 0.630 *
[resnet18 trial4] Epoch   9/100 | LR: 2.91e-06 | train loss 0.9731 acc 0.702 | val loss 0.9776 acc 0.619 *
[resnet18 trial4] Epoch  10/100 | LR: 2.91e-06 | train loss 0.9682 acc 0.685 | val loss 0.9617 acc 0.648 *
[resnet18 trial4] Epoch  11/100 | LR: 2.91e-06 | train loss 0.9533 acc 0.695 | val loss 0.9482 acc 0.654 *
[resnet18 trial4] Epoch  12/100 | LR: 2.91e-06 | train loss 0.9333 acc 0.700 | val loss 0.9312 acc 0.689 *
[resnet18 trial4] Epoch  13/100 | LR: 2.91e-06 | train loss 0.9154 acc 0.720 | val loss 0.9326 acc 0.677
[resnet18 trial4] Epoch  14/100 | LR: 2.91e-06 | train loss 0.9106 acc 0.712 | val loss 0.9149 acc 0.677 *
[resnet18 trial4] Epoch  15/100 | LR: 2.91e-06 | train loss 0.9027 acc 0.715 | val loss 0.9046 acc 0.686 *
[resnet18 trial4] Epoch  16/100 | LR: 2.91e-06 | train loss 0.8850 acc 0.726 | val loss 0.8909 acc 0.686 *
[resnet18 trial4] Epoch  17/100 | LR: 2.91e-06 | train loss 0.8673 acc 0.733 | val loss 0.8792 acc 0.701 *
[resnet18 trial4] Epoch  18/100 | LR: 2.91e-06 | train loss 0.8687 acc 0.725 | val loss 0.8571 acc 0.716 *
[resnet18 trial4] Epoch  19/100 | LR: 2.91e-06 | train loss 0.8585 acc 0.725 | val loss 0.8549 acc 0.710 *
[resnet18 trial4] Epoch  20/100 | LR: 2.91e-06 | train loss 0.8517 acc 0.729 | val loss 0.8412 acc 0.710 *
[resnet18 trial4] Epoch  21/100 | LR: 2.91e-06 | train loss 0.8362 acc 0.730 | val loss 0.8366 acc 0.704 *
[resnet18 trial4] Epoch  22/100 | LR: 2.91e-06 | train loss 0.8377 acc 0.723 | val loss 0.8274 acc 0.710 *
[resnet18 trial4] Epoch  23/100 | LR: 2.91e-06 | train loss 0.8220 acc 0.743 | val loss 0.8120 acc 0.713 *
[resnet18 trial4] Epoch  24/100 | LR: 2.91e-06 | train loss 0.8097 acc 0.748 | val loss 0.8073 acc 0.701 *
[resnet18 trial4] Epoch  25/100 | LR: 2.91e-06 | train loss 0.7903 acc 0.753 | val loss 0.8001 acc 0.710 *
[resnet18 trial4] Epoch  26/100 | LR: 2.91e-06 | train loss 0.7938 acc 0.735 | val loss 0.7868 acc 0.704 *
[resnet18 trial4] Epoch  27/100 | LR: 2.91e-07 | train loss 0.7881 acc 0.746 | val loss 0.7808 acc 0.710 *
[resnet18 trial4] Epoch  28/100 | LR: 2.91e-07 | train loss 0.7759 acc 0.757 | val loss 0.7851 acc 0.721
[resnet18 trial4] Epoch  29/100 | LR: 2.91e-07 | train loss 0.7827 acc 0.735 | val loss 0.7751 acc 0.716 *
[resnet18 trial4] Epoch  30/100 | LR: 2.91e-07 | train loss 0.7727 acc 0.750 | val loss 0.7749 acc 0.727 *
[resnet18 trial4] Epoch  31/100 | LR: 2.91e-07 | train loss 0.7580 acc 0.756 | val loss 0.7830 acc 0.716
[resnet18 trial4] Epoch  32/100 | LR: 2.91e-07 | train loss 0.7704 acc 0.755 | val loss 0.7696 acc 0.733 *
[resnet18 trial4] Epoch  33/100 | LR: 2.91e-07 | train loss 0.7649 acc 0.743 | val loss 0.7708 acc 0.710
[resnet18 trial4] Epoch  34/100 | LR: 2.91e-07 | train loss 0.7770 acc 0.737 | val loss 0.7729 acc 0.707
[resnet18 trial4] Epoch  35/100 | LR: 2.91e-07 | train loss 0.7814 acc 0.733 | val loss 0.7790 acc 0.713
[resnet18 trial4] Epoch  36/100 | LR: 2.91e-07 | train loss 0.7696 acc 0.752 | val loss 0.7774 acc 0.695
[resnet18 trial4] Epoch  37/100 | LR: 2.91e-07 | train loss 0.7696 acc 0.751 | val loss 0.7728 acc 0.707
[resnet18 trial4] Epoch  38/100 | LR: 2.91e-07 | train loss 0.7598 acc 0.742 | val loss 0.7737 acc 0.716
[resnet18 trial4] Epoch  39/100 | LR: 2.91e-07 | train loss 0.7706 acc 0.748 | val loss 0.7805 acc 0.692
[resnet18 trial4] Epoch  40/100 | LR: 2.91e-07 | train loss 0.7641 acc 0.750 | val loss 0.7750 acc 0.710
[resnet18 trial4] Epoch  41/100 | LR: 2.91e-07 | train loss 0.7691 acc 0.754 | val loss 0.7675 acc 0.707 *
[resnet18 trial4] Epoch  42/100 | LR: 2.91e-07 | train loss 0.7610 acc 0.761 | val loss 0.7699 acc 0.710
[resnet18 trial4] Epoch  43/100 | LR: 2.91e-07 | train loss 0.7566 acc 0.746 | val loss 0.7679 acc 0.727
[resnet18 trial4] Epoch  44/100 | LR: 2.91e-07 | train loss 0.7551 acc 0.745 | val loss 0.7696 acc 0.698
[resnet18 trial4] Epoch  45/100 | LR: 2.91e-07 | train loss 0.7755 acc 0.745 | val loss 0.7626 acc 0.707 *
[resnet18 trial4] Epoch  46/100 | LR: 2.91e-07 | train loss 0.7718 acc 0.741 | val loss 0.7664 acc 0.716
[resnet18 trial4] Epoch  47/100 | LR: 2.91e-07 | train loss 0.7693 acc 0.745 | val loss 0.7580 acc 0.713 *
[resnet18 trial4] Epoch  48/100 | LR: 2.91e-07 | train loss 0.7840 acc 0.731 | val loss 0.7600 acc 0.721
[resnet18 trial4] Epoch  49/100 | LR: 2.91e-07 | train loss 0.7502 acc 0.767 | val loss 0.7700 acc 0.707
[resnet18 trial4] Epoch  50/100 | LR: 2.91e-07 | train loss 0.7591 acc 0.757 | val loss 0.7657 acc 0.707
[resnet18 trial4] Epoch  51/100 | LR: 2.91e-07 | train loss 0.7539 acc 0.749 | val loss 0.7664 acc 0.710
[resnet18 trial4] Epoch  52/100 | LR: 2.91e-07 | train loss 0.7533 acc 0.750 | val loss 0.7743 acc 0.704
[resnet18 trial4] Epoch  53/100 | LR: 2.91e-07 | train loss 0.7457 acc 0.745 | val loss 0.7725 acc 0.698
[resnet18 trial4] Epoch  54/100 | LR: 2.91e-08 | train loss 0.7540 acc 0.754 | val loss 0.7595 acc 0.721
[resnet18 trial4] Epoch  55/100 | LR: 2.91e-08 | train loss 0.7633 acc 0.764 | val loss 0.7657 acc 0.710
[resnet18 trial4] Epoch  56/100 | LR: 2.91e-08 | train loss 0.7556 acc 0.756 | val loss 0.7644 acc 0.713
[resnet18 trial4] Epoch  57/100 | LR: 2.91e-08 | train loss 0.7597 acc 0.745 | val loss 0.7676 acc 0.713

[resnet18 trial4] No val loss improvement for 10 epochs — stopping early at epoch 57.

[resnet18 trial4] Restored best checkpoint (val loss = 0.7580)
[22:28:34] [resnet18] trial 4 finished: best val_acc=0.7126 (at val_loss=0.7580)
[I 2026-09-28 22:28:34,022] Trial 4 finished with value: 0.7126099706744868 and parameters: {'hidden_layers': 1, 'neurons': 512, 'lr': 2.907208890659845e-06, 'beta1': 0.9306886095119211, 'step_size': 27, 'batch_size': 96}. Best is trial 3 with value: 0.7771260997067448.
[22:28:34] [resnet18] trial 5: H=2 N=512 lr=5.13e-05 beta1=0.513 step_size=8 batch_size=48 (micro_batch=16, accum_steps=3)
[warn] ../cnn_dataset_split_facility_test-NoordelikeWerke/aerobic_zone/test does not exist -- using an empty split.
[resnet18 trial5] Using gradient accumulation: 3 micro-batches per optimizer step (effective batch size ≈ micro_batch x 3).
[resnet18 trial5] Epoch   1/100 | LR: 5.13e-05 | train loss 1.0052 acc 0.614 | val loss 0.7889 acc 0.774 *
[resnet18 trial5] Epoch   2/100 | LR: 5.13e-05 | train loss 0.7606 acc 0.736 | val loss 0.6127 acc 0.736 *
[resnet18 trial5] Epoch   3/100 | LR: 5.13e-05 | train loss 0.6523 acc 0.751 | val loss 0.6242 acc 0.713
[resnet18 trial5] Epoch   4/100 | LR: 5.13e-05 | train loss 0.6050 acc 0.767 | val loss 0.5847 acc 0.739 *
[resnet18 trial5] Epoch   5/100 | LR: 5.13e-05 | train loss 0.5527 acc 0.790 | val loss 0.5255 acc 0.789 *
[resnet18 trial5] Epoch   6/100 | LR: 5.13e-05 | train loss 0.5186 acc 0.815 | val loss 0.5834 acc 0.733
[resnet18 trial5] Epoch   7/100 | LR: 5.13e-05 | train loss 0.5237 acc 0.804 | val loss 0.5669 acc 0.727
[resnet18 trial5] Epoch   8/100 | LR: 5.13e-06 | train loss 0.4811 acc 0.820 | val loss 0.6548 acc 0.683
[resnet18 trial5] Epoch   9/100 | LR: 5.13e-06 | train loss 0.4482 acc 0.824 | val loss 0.6278 acc 0.707
[resnet18 trial5] Epoch  10/100 | LR: 5.13e-06 | train loss 0.3968 acc 0.857 | val loss 0.5996 acc 0.721
[resnet18 trial5] Epoch  11/100 | LR: 5.13e-06 | train loss 0.4099 acc 0.850 | val loss 0.5706 acc 0.751
[resnet18 trial5] Epoch  12/100 | LR: 5.13e-06 | train loss 0.3677 acc 0.871 | val loss 0.5646 acc 0.751
[resnet18 trial5] Epoch  13/100 | LR: 5.13e-06 | train loss 0.3904 acc 0.862 | val loss 0.5673 acc 0.757
[resnet18 trial5] Epoch  14/100 | LR: 5.13e-06 | train loss 0.3698 acc 0.873 | val loss 0.5938 acc 0.745
[resnet18 trial5] Epoch  15/100 | LR: 5.13e-06 | train loss 0.3766 acc 0.868 | val loss 0.5635 acc 0.762

[resnet18 trial5] No val loss improvement for 10 epochs — stopping early at epoch 15.

[resnet18 trial5] Restored best checkpoint (val loss = 0.5255)
[22:30:36] [resnet18] trial 5 finished: best val_acc=0.7889 (at val_loss=0.5255)
[I 2026-09-28 22:30:36,898] Trial 5 finished with value: 0.7888563049853372 and parameters: {'hidden_layers': 2, 'neurons': 512, 'lr': 5.1305517605898387e-05, 'beta1': 0.5126841442453035, 'step_size': 8, 'batch_size': 48}. Best is trial 5 with value: 0.7888563049853372.
[22:30:36] [resnet18] trial 6: H=2 N=512 lr=3.06e-03 beta1=0.901 step_size=11 batch_size=32 (micro_batch=16, accum_steps=2)
[warn] ../cnn_dataset_split_facility_test-NoordelikeWerke/aerobic_zone/test does not exist -- using an empty split.
[resnet18 trial6] Using gradient accumulation: 2 micro-batches per optimizer step (effective batch size ≈ micro_batch x 2).
[resnet18 trial6] Epoch   1/100 | LR: 3.06e-03 | train loss 1.1892 acc 0.430 | val loss 1.1567 acc 0.408 *
[resnet18 trial6] Epoch   2/100 | LR: 3.06e-03 | train loss 1.1005 acc 0.430 | val loss 1.0831 acc 0.425 *
[resnet18 trial6] Epoch   3/100 | LR: 3.06e-03 | train loss 1.0953 acc 0.449 | val loss 1.0767 acc 0.455 *
[resnet18 trial6] Epoch   4/100 | LR: 3.06e-03 | train loss 1.0943 acc 0.461 | val loss 1.0803 acc 0.434
[resnet18 trial6] Epoch   5/100 | LR: 3.06e-03 | train loss 1.0856 acc 0.469 | val loss 1.0858 acc 0.419
[I 2026-09-28 22:31:18,481] Trial 6 pruned. 
[22:31:18] [resnet18] trial 7: H=1 N=512 lr=2.24e-05 beta1=0.971 step_size=16 batch_size=32 (micro_batch=16, accum_steps=2)
[warn] ../cnn_dataset_split_facility_test-NoordelikeWerke/aerobic_zone/test does not exist -- using an empty split.
[resnet18 trial7] Using gradient accumulation: 2 micro-batches per optimizer step (effective batch size ≈ micro_batch x 2).
[resnet18 trial7] Epoch   1/100 | LR: 2.24e-05 | train loss 1.0151 acc 0.556 | val loss 0.8429 acc 0.716 *
[resnet18 trial7] Epoch   2/100 | LR: 2.24e-05 | train loss 0.8338 acc 0.713 | val loss 0.8091 acc 0.613 *
[resnet18 trial7] Epoch   3/100 | LR: 2.24e-05 | train loss 0.7485 acc 0.713 | val loss 0.6882 acc 0.713 *
[resnet18 trial7] Epoch   4/100 | LR: 2.24e-05 | train loss 0.6753 acc 0.760 | val loss 0.6672 acc 0.716 *
[resnet18 trial7] Epoch   5/100 | LR: 2.24e-05 | train loss 0.6173 acc 0.765 | val loss 0.6159 acc 0.739 *
[resnet18 trial7] Epoch   6/100 | LR: 2.24e-05 | train loss 0.5945 acc 0.785 | val loss 0.6459 acc 0.716
[resnet18 trial7] Epoch   7/100 | LR: 2.24e-05 | train loss 0.5511 acc 0.795 | val loss 0.5917 acc 0.754 *
[resnet18 trial7] Epoch   8/100 | LR: 2.24e-05 | train loss 0.5213 acc 0.802 | val loss 0.6524 acc 0.704
[resnet18 trial7] Epoch   9/100 | LR: 2.24e-05 | train loss 0.5139 acc 0.807 | val loss 0.5489 acc 0.754 *
[resnet18 trial7] Epoch  10/100 | LR: 2.24e-05 | train loss 0.4889 acc 0.809 | val loss 0.6024 acc 0.733
[resnet18 trial7] Epoch  11/100 | LR: 2.24e-05 | train loss 0.4894 acc 0.816 | val loss 0.5935 acc 0.757
[resnet18 trial7] Epoch  12/100 | LR: 2.24e-05 | train loss 0.4538 acc 0.845 | val loss 0.6151 acc 0.745
[resnet18 trial7] Epoch  13/100 | LR: 2.24e-05 | train loss 0.4142 acc 0.850 | val loss 0.5459 acc 0.765 *
[resnet18 trial7] Epoch  14/100 | LR: 2.24e-05 | train loss 0.3831 acc 0.857 | val loss 0.5530 acc 0.768
[resnet18 trial7] Epoch  15/100 | LR: 2.24e-05 | train loss 0.4288 acc 0.837 | val loss 0.5507 acc 0.765
[resnet18 trial7] Epoch  16/100 | LR: 2.24e-06 | train loss 0.3975 acc 0.851 | val loss 0.6014 acc 0.771
[resnet18 trial7] Epoch  17/100 | LR: 2.24e-06 | train loss 0.3698 acc 0.872 | val loss 0.5690 acc 0.771
[resnet18 trial7] Epoch  18/100 | LR: 2.24e-06 | train loss 0.3429 acc 0.877 | val loss 0.5770 acc 0.768
[resnet18 trial7] Epoch  19/100 | LR: 2.24e-06 | train loss 0.3481 acc 0.871 | val loss 0.5426 acc 0.786 *
[resnet18 trial7] Epoch  20/100 | LR: 2.24e-06 | train loss 0.3640 acc 0.868 | val loss 0.5379 acc 0.789 *
[resnet18 trial7] Epoch  21/100 | LR: 2.24e-06 | train loss 0.3357 acc 0.884 | val loss 0.5350 acc 0.768 *
[resnet18 trial7] Epoch  22/100 | LR: 2.24e-06 | train loss 0.3406 acc 0.887 | val loss 0.5559 acc 0.768
[resnet18 trial7] Epoch  23/100 | LR: 2.24e-06 | train loss 0.3277 acc 0.882 | val loss 0.5474 acc 0.777
[resnet18 trial7] Epoch  24/100 | LR: 2.24e-06 | train loss 0.3164 acc 0.891 | val loss 0.5570 acc 0.783
[resnet18 trial7] Epoch  25/100 | LR: 2.24e-06 | train loss 0.3419 acc 0.881 | val loss 0.5134 acc 0.777 *
[resnet18 trial7] Epoch  26/100 | LR: 2.24e-06 | train loss 0.3262 acc 0.884 | val loss 0.5401 acc 0.786
[resnet18 trial7] Epoch  27/100 | LR: 2.24e-06 | train loss 0.3360 acc 0.886 | val loss 0.5404 acc 0.774
[resnet18 trial7] Epoch  28/100 | LR: 2.24e-06 | train loss 0.3071 acc 0.896 | val loss 0.5601 acc 0.777
[resnet18 trial7] Epoch  29/100 | LR: 2.24e-06 | train loss 0.3258 acc 0.887 | val loss 0.5327 acc 0.777
[resnet18 trial7] Epoch  30/100 | LR: 2.24e-06 | train loss 0.3121 acc 0.887 | val loss 0.5362 acc 0.777
[resnet18 trial7] Epoch  31/100 | LR: 2.24e-06 | train loss 0.3039 acc 0.899 | val loss 0.5205 acc 0.792
[resnet18 trial7] Epoch  32/100 | LR: 2.24e-07 | train loss 0.3021 acc 0.892 | val loss 0.5310 acc 0.768
[resnet18 trial7] Epoch  33/100 | LR: 2.24e-07 | train loss 0.3372 acc 0.873 | val loss 0.5654 acc 0.783
[resnet18 trial7] Epoch  34/100 | LR: 2.24e-07 | train loss 0.3153 acc 0.892 | val loss 0.5378 acc 0.780
[resnet18 trial7] Epoch  35/100 | LR: 2.24e-07 | train loss 0.3341 acc 0.887 | val loss 0.5296 acc 0.777

[resnet18 trial7] No val loss improvement for 10 epochs — stopping early at epoch 35.

[resnet18 trial7] Restored best checkpoint (val loss = 0.5134)
[22:36:04] [resnet18] trial 7 finished: best val_acc=0.7771 (at val_loss=0.5134)
[I 2026-09-28 22:36:04,045] Trial 7 finished with value: 0.7771260997067448 and parameters: {'hidden_layers': 1, 'neurons': 512, 'lr': 2.2410971619109514e-05, 'beta1': 0.970511942252347, 'step_size': 16, 'batch_size': 32}. Best is trial 5 with value: 0.7888563049853372.
[22:36:04] [resnet18] trial 8: H=2 N=2048 lr=9.08e-06 beta1=0.572 step_size=22 batch_size=8 (micro_batch=8, accum_steps=1)
[warn] ../cnn_dataset_split_facility_test-NoordelikeWerke/aerobic_zone/test does not exist -- using an empty split.
[resnet18 trial8] Epoch   1/100 | LR: 9.08e-06 | train loss 1.0139 acc 0.620 | val loss 0.8235 acc 0.730 *
[resnet18 trial8] Epoch   2/100 | LR: 9.08e-06 | train loss 0.8075 acc 0.726 | val loss 0.7269 acc 0.701 *
[resnet18 trial8] Epoch   3/100 | LR: 9.08e-06 | train loss 0.7339 acc 0.750 | val loss 0.6865 acc 0.695 *
[resnet18 trial8] Epoch   4/100 | LR: 9.08e-06 | train loss 0.6937 acc 0.751 | val loss 0.6683 acc 0.689 *
[resnet18 trial8] Epoch   5/100 | LR: 9.08e-06 | train loss 0.6509 acc 0.754 | val loss 0.5631 acc 0.736 *
[resnet18 trial8] Epoch   6/100 | LR: 9.08e-06 | train loss 0.6233 acc 0.775 | val loss 0.6090 acc 0.727
[resnet18 trial8] Epoch   7/100 | LR: 9.08e-06 | train loss 0.6405 acc 0.755 | val loss 0.6403 acc 0.718
[resnet18 trial8] Epoch   8/100 | LR: 9.08e-06 | train loss 0.6038 acc 0.790 | val loss 0.6626 acc 0.707
[resnet18 trial8] Epoch   9/100 | LR: 9.08e-06 | train loss 0.5675 acc 0.799 | val loss 0.5708 acc 0.757
[resnet18 trial8] Epoch  10/100 | LR: 9.08e-06 | train loss 0.5831 acc 0.785 | val loss 0.5799 acc 0.733
[resnet18 trial8] Epoch  11/100 | LR: 9.08e-06 | train loss 0.5365 acc 0.805 | val loss 0.6347 acc 0.704
[resnet18 trial8] Epoch  12/100 | LR: 9.08e-06 | train loss 0.5643 acc 0.793 | val loss 0.5262 acc 0.774 *
[resnet18 trial8] Epoch  13/100 | LR: 9.08e-06 | train loss 0.5448 acc 0.800 | val loss 0.5468 acc 0.757
[resnet18 trial8] Epoch  14/100 | LR: 9.08e-06 | train loss 0.5262 acc 0.810 | val loss 0.6214 acc 0.730
[resnet18 trial8] Epoch  15/100 | LR: 9.08e-06 | train loss 0.4961 acc 0.822 | val loss 0.5869 acc 0.707
[resnet18 trial8] Epoch  16/100 | LR: 9.08e-06 | train loss 0.4789 acc 0.824 | val loss 0.6077 acc 0.710
[resnet18 trial8] Epoch  17/100 | LR: 9.08e-06 | train loss 0.5014 acc 0.840 | val loss 0.5033 acc 0.780 *
[resnet18 trial8] Epoch  18/100 | LR: 9.08e-06 | train loss 0.4571 acc 0.841 | val loss 0.5876 acc 0.742
[resnet18 trial8] Epoch  19/100 | LR: 9.08e-06 | train loss 0.4545 acc 0.831 | val loss 0.5732 acc 0.745
[resnet18 trial8] Epoch  20/100 | LR: 9.08e-06 | train loss 0.4339 acc 0.837 | val loss 0.6657 acc 0.727
[resnet18 trial8] Epoch  21/100 | LR: 9.08e-06 | train loss 0.4285 acc 0.848 | val loss 0.6585 acc 0.716
[resnet18 trial8] Epoch  22/100 | LR: 9.08e-07 | train loss 0.4050 acc 0.854 | val loss 0.5851 acc 0.757
[resnet18 trial8] Epoch  23/100 | LR: 9.08e-07 | train loss 0.4165 acc 0.845 | val loss 0.5605 acc 0.727
[resnet18 trial8] Epoch  24/100 | LR: 9.08e-07 | train loss 0.3995 acc 0.863 | val loss 0.6335 acc 0.718
[resnet18 trial8] Epoch  25/100 | LR: 9.08e-07 | train loss 0.4073 acc 0.856 | val loss 0.5888 acc 0.736
[resnet18 trial8] Epoch  26/100 | LR: 9.08e-07 | train loss 0.4070 acc 0.862 | val loss 0.5778 acc 0.733
[resnet18 trial8] Epoch  27/100 | LR: 9.08e-07 | train loss 0.3941 acc 0.864 | val loss 0.6066 acc 0.724

[resnet18 trial8] No val loss improvement for 10 epochs — stopping early at epoch 27.

[resnet18 trial8] Restored best checkpoint (val loss = 0.5033)
[22:39:44] [resnet18] trial 8 finished: best val_acc=0.7801 (at val_loss=0.5033)
[I 2026-09-28 22:39:44,714] Trial 8 finished with value: 0.7800586510263929 and parameters: {'hidden_layers': 2, 'neurons': 2048, 'lr': 9.083381663660597e-06, 'beta1': 0.5723025411735203, 'step_size': 22, 'batch_size': 8}. Best is trial 5 with value: 0.7888563049853372.
[22:39:44] [resnet18] trial 9: H=3 N=512 lr=2.31e-04 beta1=0.838 step_size=5 batch_size=96 (micro_batch=16, accum_steps=6)
[warn] ../cnn_dataset_split_facility_test-NoordelikeWerke/aerobic_zone/test does not exist -- using an empty split.
[resnet18 trial9] Using gradient accumulation: 6 micro-batches per optimizer step (effective batch size ≈ micro_batch x 6).
[resnet18 trial9] Epoch   1/100 | LR: 2.31e-04 | train loss 0.9327 acc 0.627 | val loss 0.7347 acc 0.677 *
[resnet18 trial9] Epoch   2/100 | LR: 2.31e-04 | train loss 0.6996 acc 0.757 | val loss 0.7255 acc 0.674 *
[resnet18 trial9] Epoch   3/100 | LR: 2.31e-04 | train loss 0.6761 acc 0.746 | val loss 0.6195 acc 0.680 *
[resnet18 trial9] Epoch   4/100 | LR: 2.31e-04 | train loss 0.6738 acc 0.746 | val loss 0.6283 acc 0.677
[resnet18 trial9] Epoch   5/100 | LR: 2.31e-05 | train loss 0.5622 acc 0.792 | val loss 0.7267 acc 0.686
[I 2026-09-28 22:40:26,383] Trial 9 pruned. 
[22:40:26] [resnet18] trial 10: H=3 N=512 lr=1.06e-05 beta1=0.580 step_size=33 batch_size=48 (micro_batch=16, accum_steps=3)
[warn] ../cnn_dataset_split_facility_test-NoordelikeWerke/aerobic_zone/test does not exist -- using an empty split.
[resnet18 trial10] Using gradient accumulation: 3 micro-batches per optimizer step (effective batch size ≈ micro_batch x 3).
[resnet18 trial10] Epoch   1/100 | LR: 1.06e-05 | train loss 1.0908 acc 0.415 | val loss 1.0626 acc 0.569 *
[resnet18 trial10] Epoch   2/100 | LR: 1.06e-05 | train loss 1.0637 acc 0.610 | val loss 1.0144 acc 0.718 *
[resnet18 trial10] Epoch   3/100 | LR: 1.06e-05 | train loss 1.0052 acc 0.726 | val loss 0.9082 acc 0.760 *
[resnet18 trial10] Epoch   4/100 | LR: 1.06e-05 | train loss 0.9104 acc 0.750 | val loss 0.8071 acc 0.751 *
[resnet18 trial10] Epoch   5/100 | LR: 1.06e-05 | train loss 0.8286 acc 0.767 | val loss 0.7351 acc 0.748 *
[resnet18 trial10] Epoch   6/100 | LR: 1.06e-05 | train loss 0.7803 acc 0.765 | val loss 0.6714 acc 0.798 *
[resnet18 trial10] Epoch   7/100 | LR: 1.06e-05 | train loss 0.7170 acc 0.794 | val loss 0.6339 acc 0.765 *
[resnet18 trial10] Epoch   8/100 | LR: 1.06e-05 | train loss 0.7007 acc 0.792 | val loss 0.6306 acc 0.760 *
[resnet18 trial10] Epoch   9/100 | LR: 1.06e-05 | train loss 0.6673 acc 0.790 | val loss 0.6200 acc 0.762 *
[resnet18 trial10] Epoch  10/100 | LR: 1.06e-05 | train loss 0.6314 acc 0.793 | val loss 0.6109 acc 0.742 *
[resnet18 trial10] Epoch  11/100 | LR: 1.06e-05 | train loss 0.6026 acc 0.792 | val loss 0.5683 acc 0.748 *
[resnet18 trial10] Epoch  12/100 | LR: 1.06e-05 | train loss 0.5986 acc 0.787 | val loss 0.6208 acc 0.751
[resnet18 trial10] Epoch  13/100 | LR: 1.06e-05 | train loss 0.5762 acc 0.788 | val loss 0.5672 acc 0.745 *
[resnet18 trial10] Epoch  14/100 | LR: 1.06e-05 | train loss 0.5604 acc 0.795 | val loss 0.5809 acc 0.733
[resnet18 trial10] Epoch  15/100 | LR: 1.06e-05 | train loss 0.5327 acc 0.809 | val loss 0.5912 acc 0.736
[resnet18 trial10] Epoch  16/100 | LR: 1.06e-05 | train loss 0.5143 acc 0.805 | val loss 0.5735 acc 0.739
[resnet18 trial10] Epoch  17/100 | LR: 1.06e-05 | train loss 0.4916 acc 0.811 | val loss 0.5604 acc 0.733 *
[resnet18 trial10] Epoch  18/100 | LR: 1.06e-05 | train loss 0.4926 acc 0.820 | val loss 0.5901 acc 0.742
[resnet18 trial10] Epoch  19/100 | LR: 1.06e-05 | train loss 0.4728 acc 0.823 | val loss 0.5757 acc 0.736
[resnet18 trial10] Epoch  20/100 | LR: 1.06e-05 | train loss 0.4607 acc 0.827 | val loss 0.5651 acc 0.748
[resnet18 trial10] Epoch  21/100 | LR: 1.06e-05 | train loss 0.4578 acc 0.825 | val loss 0.5988 acc 0.733
[resnet18 trial10] Epoch  22/100 | LR: 1.06e-05 | train loss 0.4274 acc 0.840 | val loss 0.5785 acc 0.733
[resnet18 trial10] Epoch  23/100 | LR: 1.06e-05 | train loss 0.4690 acc 0.819 | val loss 0.5927 acc 0.733
[resnet18 trial10] Epoch  24/100 | LR: 1.06e-05 | train loss 0.4546 acc 0.820 | val loss 0.5574 acc 0.757 *
[resnet18 trial10] Epoch  25/100 | LR: 1.06e-05 | train loss 0.4214 acc 0.842 | val loss 0.5871 acc 0.751
[resnet18 trial10] Epoch  26/100 | LR: 1.06e-05 | train loss 0.4374 acc 0.840 | val loss 0.5496 acc 0.768 *
[resnet18 trial10] Epoch  27/100 | LR: 1.06e-05 | train loss 0.4334 acc 0.841 | val loss 0.5655 acc 0.760
[resnet18 trial10] Epoch  28/100 | LR: 1.06e-05 | train loss 0.3928 acc 0.857 | val loss 0.5550 acc 0.760
[resnet18 trial10] Epoch  29/100 | LR: 1.06e-05 | train loss 0.3732 acc 0.858 | val loss 0.5645 acc 0.765
[resnet18 trial10] Epoch  30/100 | LR: 1.06e-05 | train loss 0.3809 acc 0.859 | val loss 0.5330 acc 0.777 *
[resnet18 trial10] Epoch  31/100 | LR: 1.06e-05 | train loss 0.3576 acc 0.859 | val loss 0.5956 acc 0.765
[resnet18 trial10] Epoch  32/100 | LR: 1.06e-05 | train loss 0.3734 acc 0.865 | val loss 0.5549 acc 0.774
[resnet18 trial10] Epoch  33/100 | LR: 1.06e-06 | train loss 0.3570 acc 0.859 | val loss 0.5456 acc 0.795
[resnet18 trial10] Epoch  34/100 | LR: 1.06e-06 | train loss 0.3499 acc 0.867 | val loss 0.5838 acc 0.765
[resnet18 trial10] Epoch  35/100 | LR: 1.06e-06 | train loss 0.3287 acc 0.878 | val loss 0.5713 acc 0.777
[resnet18 trial10] Epoch  36/100 | LR: 1.06e-06 | train loss 0.3413 acc 0.876 | val loss 0.5354 acc 0.801
[resnet18 trial10] Epoch  37/100 | LR: 1.06e-06 | train loss 0.3301 acc 0.889 | val loss 0.5668 acc 0.768
[resnet18 trial10] Epoch  38/100 | LR: 1.06e-06 | train loss 0.3267 acc 0.891 | val loss 0.5191 acc 0.804 *
[resnet18 trial10] Epoch  39/100 | LR: 1.06e-06 | train loss 0.3568 acc 0.867 | val loss 0.5544 acc 0.789
[resnet18 trial10] Epoch  40/100 | LR: 1.06e-06 | train loss 0.3149 acc 0.889 | val loss 0.5207 acc 0.789
[resnet18 trial10] Epoch  41/100 | LR: 1.06e-06 | train loss 0.3302 acc 0.883 | val loss 0.5240 acc 0.801
[resnet18 trial10] Epoch  42/100 | LR: 1.06e-06 | train loss 0.3015 acc 0.897 | val loss 0.5391 acc 0.789
[resnet18 trial10] Epoch  43/100 | LR: 1.06e-06 | train loss 0.3142 acc 0.887 | val loss 0.5326 acc 0.795
[resnet18 trial10] Epoch  44/100 | LR: 1.06e-06 | train loss 0.3104 acc 0.898 | val loss 0.5215 acc 0.795
[resnet18 trial10] Epoch  45/100 | LR: 1.06e-06 | train loss 0.3342 acc 0.879 | val loss 0.5445 acc 0.789
[resnet18 trial10] Epoch  46/100 | LR: 1.06e-06 | train loss 0.3300 acc 0.889 | val loss 0.5660 acc 0.780
[resnet18 trial10] Epoch  47/100 | LR: 1.06e-06 | train loss 0.2979 acc 0.892 | val loss 0.5770 acc 0.783
[resnet18 trial10] Epoch  48/100 | LR: 1.06e-06 | train loss 0.3107 acc 0.890 | val loss 0.5511 acc 0.780

[resnet18 trial10] No val loss improvement for 10 epochs — stopping early at epoch 48.

[resnet18 trial10] Restored best checkpoint (val loss = 0.5191)
[22:46:28] [resnet18] trial 10 finished: best val_acc=0.8035 (at val_loss=0.5191)
[I 2026-09-28 22:46:28,296] Trial 10 finished with value: 0.8035190615835777 and parameters: {'hidden_layers': 3, 'neurons': 512, 'lr': 1.0552593720956869e-05, 'beta1': 0.5802165627357068, 'step_size': 33, 'batch_size': 48}. Best is trial 10 with value: 0.8035190615835777.
[22:46:28] [resnet18] trial 11: H=2 N=512 lr=4.04e-05 beta1=0.582 step_size=6 batch_size=48 (micro_batch=16, accum_steps=3)
[warn] ../cnn_dataset_split_facility_test-NoordelikeWerke/aerobic_zone/test does not exist -- using an empty split.
[resnet18 trial11] Using gradient accumulation: 3 micro-batches per optimizer step (effective batch size ≈ micro_batch x 3).
[resnet18 trial11] Epoch   1/100 | LR: 4.04e-05 | train loss 1.0239 acc 0.645 | val loss 0.8439 acc 0.736 *
[resnet18 trial11] Epoch   2/100 | LR: 4.04e-05 | train loss 0.7899 acc 0.767 | val loss 0.7088 acc 0.689 *
[resnet18 trial11] Epoch   3/100 | LR: 4.04e-05 | train loss 0.6760 acc 0.755 | val loss 0.6802 acc 0.695 *
[resnet18 trial11] Epoch   4/100 | LR: 4.04e-05 | train loss 0.6449 acc 0.740 | val loss 0.5585 acc 0.760 *
[resnet18 trial11] Epoch   5/100 | LR: 4.04e-05 | train loss 0.5752 acc 0.782 | val loss 0.6042 acc 0.713
[resnet18 trial11] Epoch   6/100 | LR: 4.04e-06 | train loss 0.5460 acc 0.786 | val loss 0.5998 acc 0.701
[resnet18 trial11] Epoch   7/100 | LR: 4.04e-06 | train loss 0.4977 acc 0.817 | val loss 0.6646 acc 0.686
[resnet18 trial11] Epoch   8/100 | LR: 4.04e-06 | train loss 0.5020 acc 0.819 | val loss 0.5982 acc 0.710
[resnet18 trial11] Epoch   9/100 | LR: 4.04e-06 | train loss 0.4720 acc 0.830 | val loss 0.6066 acc 0.698
[resnet18 trial11] Epoch  10/100 | LR: 4.04e-06 | train loss 0.4597 acc 0.831 | val loss 0.5954 acc 0.698
[resnet18 trial11] Epoch  11/100 | LR: 4.04e-06 | train loss 0.4618 acc 0.820 | val loss 0.5975 acc 0.704
[resnet18 trial11] Epoch  12/100 | LR: 4.04e-07 | train loss 0.4745 acc 0.822 | val loss 0.5790 acc 0.721
[resnet18 trial11] Epoch  13/100 | LR: 4.04e-07 | train loss 0.4619 acc 0.827 | val loss 0.6074 acc 0.704
[resnet18 trial11] Epoch  14/100 | LR: 4.04e-07 | train loss 0.4434 acc 0.845 | val loss 0.5759 acc 0.727

[resnet18 trial11] No val loss improvement for 10 epochs — stopping early at epoch 14.

[resnet18 trial11] Restored best checkpoint (val loss = 0.5585)
[22:48:12] [resnet18] trial 11 finished: best val_acc=0.7595 (at val_loss=0.5585)
[I 2026-09-28 22:48:12,962] Trial 11 finished with value: 0.7595307917888563 and parameters: {'hidden_layers': 2, 'neurons': 512, 'lr': 4.038497259072827e-05, 'beta1': 0.5821335580287149, 'step_size': 6, 'batch_size': 48}. Best is trial 10 with value: 0.8035190615835777.
[22:48:13] [resnet18] trial 12: H=3 N=512 lr=3.58e-05 beta1=0.719 step_size=37 batch_size=48 (micro_batch=16, accum_steps=3)
[warn] ../cnn_dataset_split_facility_test-NoordelikeWerke/aerobic_zone/test does not exist -- using an empty split.
[resnet18 trial12] Using gradient accumulation: 3 micro-batches per optimizer step (effective batch size ≈ micro_batch x 3).
[resnet18 trial12] Epoch   1/100 | LR: 3.58e-05 | train loss 1.0503 acc 0.657 | val loss 0.9063 acc 0.739 *
[resnet18 trial12] Epoch   2/100 | LR: 3.58e-05 | train loss 0.8372 acc 0.750 | val loss 0.6971 acc 0.751 *
[resnet18 trial12] Epoch   3/100 | LR: 3.58e-05 | train loss 0.6975 acc 0.767 | val loss 0.6665 acc 0.701 *
[resnet18 trial12] Epoch   4/100 | LR: 3.58e-05 | train loss 0.6239 acc 0.780 | val loss 0.6337 acc 0.680 *
[resnet18 trial12] Epoch   5/100 | LR: 3.58e-05 | train loss 0.5722 acc 0.780 | val loss 0.5722 acc 0.739 *
[resnet18 trial12] Epoch   6/100 | LR: 3.58e-05 | train loss 0.5715 acc 0.773 | val loss 0.6132 acc 0.736
[resnet18 trial12] Epoch   7/100 | LR: 3.58e-05 | train loss 0.5169 acc 0.801 | val loss 0.5289 acc 0.757 *
[resnet18 trial12] Epoch   8/100 | LR: 3.58e-05 | train loss 0.4810 acc 0.830 | val loss 0.5799 acc 0.724
[resnet18 trial12] Epoch   9/100 | LR: 3.58e-05 | train loss 0.4335 acc 0.845 | val loss 0.5897 acc 0.721
[resnet18 trial12] Epoch  10/100 | LR: 3.58e-05 | train loss 0.4428 acc 0.829 | val loss 0.6113 acc 0.748
[resnet18 trial12] Epoch  11/100 | LR: 3.58e-05 | train loss 0.4640 acc 0.825 | val loss 0.5484 acc 0.757
[resnet18 trial12] Epoch  12/100 | LR: 3.58e-05 | train loss 0.3945 acc 0.864 | val loss 0.5408 acc 0.762
[resnet18 trial12] Epoch  13/100 | LR: 3.58e-05 | train loss 0.3930 acc 0.859 | val loss 0.6113 acc 0.739
[resnet18 trial12] Epoch  14/100 | LR: 3.58e-05 | train loss 0.3631 acc 0.872 | val loss 0.6232 acc 0.745
[resnet18 trial12] Epoch  15/100 | LR: 3.58e-05 | train loss 0.3351 acc 0.874 | val loss 0.5059 acc 0.786 *
[resnet18 trial12] Epoch  16/100 | LR: 3.58e-05 | train loss 0.3376 acc 0.869 | val loss 0.6043 acc 0.757
[resnet18 trial12] Epoch  17/100 | LR: 3.58e-05 | train loss 0.3343 acc 0.881 | val loss 0.5137 acc 0.801
[resnet18 trial12] Epoch  18/100 | LR: 3.58e-05 | train loss 0.3523 acc 0.876 | val loss 0.5568 acc 0.786
[resnet18 trial12] Epoch  19/100 | LR: 3.58e-05 | train loss 0.2832 acc 0.906 | val loss 0.6204 acc 0.748
[resnet18 trial12] Epoch  20/100 | LR: 3.58e-05 | train loss 0.2709 acc 0.909 | val loss 0.4674 acc 0.821 *
[resnet18 trial12] Epoch  21/100 | LR: 3.58e-05 | train loss 0.2439 acc 0.918 | val loss 0.5537 acc 0.812
[resnet18 trial12] Epoch  22/100 | LR: 3.58e-05 | train loss 0.2490 acc 0.912 | val loss 0.5449 acc 0.806
[resnet18 trial12] Epoch  23/100 | LR: 3.58e-05 | train loss 0.2444 acc 0.908 | val loss 0.5705 acc 0.786
[resnet18 trial12] Epoch  24/100 | LR: 3.58e-05 | train loss 0.2593 acc 0.906 | val loss 0.5423 acc 0.815
[resnet18 trial12] Epoch  25/100 | LR: 3.58e-05 | train loss 0.2238 acc 0.927 | val loss 0.4871 acc 0.827
[resnet18 trial12] Epoch  26/100 | LR: 3.58e-05 | train loss 0.1895 acc 0.936 | val loss 0.6865 acc 0.762
[resnet18 trial12] Epoch  27/100 | LR: 3.58e-05 | train loss 0.1805 acc 0.936 | val loss 0.5546 acc 0.806
[resnet18 trial12] Epoch  28/100 | LR: 3.58e-05 | train loss 0.1506 acc 0.950 | val loss 0.5817 acc 0.804
[resnet18 trial12] Epoch  29/100 | LR: 3.58e-05 | train loss 0.1669 acc 0.944 | val loss 0.6535 acc 0.777
[resnet18 trial12] Epoch  30/100 | LR: 3.58e-05 | train loss 0.1505 acc 0.944 | val loss 0.6981 acc 0.777

[resnet18 trial12] No val loss improvement for 10 epochs — stopping early at epoch 30.

[resnet18 trial12] Restored best checkpoint (val loss = 0.4674)
[22:51:56] [resnet18] trial 12 finished: best val_acc=0.8211 (at val_loss=0.4674)
[I 2026-09-28 22:51:56,690] Trial 12 finished with value: 0.8211143695014663 and parameters: {'hidden_layers': 3, 'neurons': 512, 'lr': 3.576048595181648e-05, 'beta1': 0.7194857153607139, 'step_size': 37, 'batch_size': 48}. Best is trial 12 with value: 0.8211143695014663.
[22:51:56] [resnet18] trial 13: H=3 N=512 lr=6.96e-05 beta1=0.684 step_size=26 batch_size=48 (micro_batch=16, accum_steps=3)
[warn] ../cnn_dataset_split_facility_test-NoordelikeWerke/aerobic_zone/test does not exist -- using an empty split.
[resnet18 trial13] Using gradient accumulation: 3 micro-batches per optimizer step (effective batch size ≈ micro_batch x 3).
[resnet18 trial13] Epoch   1/100 | LR: 6.96e-05 | train loss 0.9980 acc 0.629 | val loss 0.7974 acc 0.704 *
[resnet18 trial13] Epoch   2/100 | LR: 6.96e-05 | train loss 0.7249 acc 0.762 | val loss 0.5920 acc 0.745 *
[resnet18 trial13] Epoch   3/100 | LR: 6.96e-05 | train loss 0.6340 acc 0.770 | val loss 0.5104 acc 0.774 *
[resnet18 trial13] Epoch   4/100 | LR: 6.96e-05 | train loss 0.5960 acc 0.773 | val loss 0.6394 acc 0.704
[resnet18 trial13] Epoch   5/100 | LR: 6.96e-05 | train loss 0.5841 acc 0.770 | val loss 0.5211 acc 0.760
[resnet18 trial13] Epoch   6/100 | LR: 6.96e-05 | train loss 0.5079 acc 0.795 | val loss 0.5779 acc 0.716
[resnet18 trial13] Epoch   7/100 | LR: 6.96e-05 | train loss 0.5232 acc 0.793 | val loss 0.6695 acc 0.677
[resnet18 trial13] Epoch   8/100 | LR: 6.96e-05 | train loss 0.4517 acc 0.833 | val loss 0.6528 acc 0.742
[resnet18 trial13] Epoch   9/100 | LR: 6.96e-05 | train loss 0.4323 acc 0.845 | val loss 0.6596 acc 0.736
[resnet18 trial13] Epoch  10/100 | LR: 6.96e-05 | train loss 0.4216 acc 0.840 | val loss 0.5123 acc 0.783
[resnet18 trial13] Epoch  11/100 | LR: 6.96e-05 | train loss 0.3786 acc 0.862 | val loss 0.4715 acc 0.795 *
[resnet18 trial13] Epoch  12/100 | LR: 6.96e-05 | train loss 0.3434 acc 0.877 | val loss 0.5499 acc 0.789
[resnet18 trial13] Epoch  13/100 | LR: 6.96e-05 | train loss 0.3618 acc 0.866 | val loss 0.5187 acc 0.786
[resnet18 trial13] Epoch  14/100 | LR: 6.96e-05 | train loss 0.3012 acc 0.891 | val loss 0.4579 acc 0.833 *
[resnet18 trial13] Epoch  15/100 | LR: 6.96e-05 | train loss 0.3263 acc 0.882 | val loss 0.4694 acc 0.798
[resnet18 trial13] Epoch  16/100 | LR: 6.96e-05 | train loss 0.2766 acc 0.914 | val loss 0.5051 acc 0.789
[resnet18 trial13] Epoch  17/100 | LR: 6.96e-05 | train loss 0.2808 acc 0.902 | val loss 0.6965 acc 0.774
[resnet18 trial13] Epoch  18/100 | LR: 6.96e-05 | train loss 0.2599 acc 0.907 | val loss 0.5651 acc 0.801
[resnet18 trial13] Epoch  19/100 | LR: 6.96e-05 | train loss 0.2189 acc 0.927 | val loss 0.5658 acc 0.789
[resnet18 trial13] Epoch  20/100 | LR: 6.96e-05 | train loss 0.2342 acc 0.929 | val loss 0.6109 acc 0.789
[resnet18 trial13] Epoch  21/100 | LR: 6.96e-05 | train loss 0.2262 acc 0.924 | val loss 0.6733 acc 0.774
[resnet18 trial13] Epoch  22/100 | LR: 6.96e-05 | train loss 0.2086 acc 0.936 | val loss 0.7980 acc 0.748
[resnet18 trial13] Epoch  23/100 | LR: 6.96e-05 | train loss 0.2001 acc 0.927 | val loss 0.7488 acc 0.742
[resnet18 trial13] Epoch  24/100 | LR: 6.96e-05 | train loss 0.1700 acc 0.936 | val loss 0.6100 acc 0.836

[resnet18 trial13] No val loss improvement for 10 epochs — stopping early at epoch 24.

[resnet18 trial13] Restored best checkpoint (val loss = 0.4579)
[22:54:56] [resnet18] trial 13 finished: best val_acc=0.8328 (at val_loss=0.4579)
[I 2026-09-28 22:54:57,003] Trial 13 finished with value: 0.8328445747800587 and parameters: {'hidden_layers': 3, 'neurons': 512, 'lr': 6.958956475726048e-05, 'beta1': 0.6836216934023018, 'step_size': 26, 'batch_size': 48}. Best is trial 13 with value: 0.8328445747800587.
[22:54:57] [resnet18] trial 14: H=3 N=512 lr=2.93e-04 beta1=0.706 step_size=24 batch_size=48 (micro_batch=16, accum_steps=3)
[warn] ../cnn_dataset_split_facility_test-NoordelikeWerke/aerobic_zone/test does not exist -- using an empty split.
[resnet18 trial14] Using gradient accumulation: 3 micro-batches per optimizer step (effective batch size ≈ micro_batch x 3).
[resnet18 trial14] Epoch   1/100 | LR: 2.93e-04 | train loss 0.8905 acc 0.655 | val loss 0.7958 acc 0.657 *
[resnet18 trial14] Epoch   2/100 | LR: 2.93e-04 | train loss 0.7287 acc 0.735 | val loss 1.0075 acc 0.663
[resnet18 trial14] Epoch   3/100 | LR: 2.93e-04 | train loss 0.6779 acc 0.718 | val loss 0.7001 acc 0.657 *
[resnet18 trial14] Epoch   4/100 | LR: 2.93e-04 | train loss 0.6326 acc 0.769 | val loss 0.6210 acc 0.739 *
[resnet18 trial14] Epoch   5/100 | LR: 2.93e-04 | train loss 0.6528 acc 0.744 | val loss 0.7950 acc 0.660
[resnet18 trial14] Epoch   6/100 | LR: 2.93e-04 | train loss 0.5707 acc 0.784 | val loss 0.6878 acc 0.683
[resnet18 trial14] Epoch   7/100 | LR: 2.93e-04 | train loss 0.5813 acc 0.771 | val loss 0.6473 acc 0.733
[resnet18 trial14] Epoch   8/100 | LR: 2.93e-04 | train loss 0.5268 acc 0.782 | val loss 0.5708 acc 0.777 *
[resnet18 trial14] Epoch   9/100 | LR: 2.93e-04 | train loss 0.5701 acc 0.790 | val loss 0.5598 acc 0.762 *
[resnet18 trial14] Epoch  10/100 | LR: 2.93e-04 | train loss 0.5320 acc 0.801 | val loss 0.5176 acc 0.792 *
[resnet18 trial14] Epoch  11/100 | LR: 2.93e-04 | train loss 0.4737 acc 0.835 | val loss 0.6024 acc 0.736
[resnet18 trial14] Epoch  12/100 | LR: 2.93e-04 | train loss 0.4605 acc 0.832 | val loss 0.5111 acc 0.765 *
[resnet18 trial14] Epoch  13/100 | LR: 2.93e-04 | train loss 0.4544 acc 0.840 | val loss 0.4273 acc 0.839 *
[resnet18 trial14] Epoch  14/100 | LR: 2.93e-04 | train loss 0.4901 acc 0.832 | val loss 0.8531 acc 0.666
[resnet18 trial14] Epoch  15/100 | LR: 2.93e-04 | train loss 0.3945 acc 0.868 | val loss 0.4903 acc 0.806
[resnet18 trial14] Epoch  16/100 | LR: 2.93e-04 | train loss 0.4176 acc 0.857 | val loss 0.6063 acc 0.777
[resnet18 trial14] Epoch  17/100 | LR: 2.93e-04 | train loss 0.3752 acc 0.873 | val loss 0.5825 acc 0.762
[resnet18 trial14] Epoch  18/100 | LR: 2.93e-04 | train loss 0.4039 acc 0.849 | val loss 0.6048 acc 0.777
[resnet18 trial14] Epoch  19/100 | LR: 2.93e-04 | train loss 0.3156 acc 0.889 | val loss 0.6450 acc 0.789
[resnet18 trial14] Epoch  20/100 | LR: 2.93e-04 | train loss 0.4082 acc 0.854 | val loss 0.5628 acc 0.751
[resnet18 trial14] Epoch  21/100 | LR: 2.93e-04 | train loss 0.3084 acc 0.892 | val loss 0.5641 acc 0.765
[resnet18 trial14] Epoch  22/100 | LR: 2.93e-04 | train loss 0.3022 acc 0.899 | val loss 0.5500 acc 0.804
[resnet18 trial14] Epoch  23/100 | LR: 2.93e-04 | train loss 0.2535 acc 0.907 | val loss 0.7801 acc 0.804

[resnet18 trial14] No val loss improvement for 10 epochs — stopping early at epoch 23.

[resnet18 trial14] Restored best checkpoint (val loss = 0.4273)
[22:57:49] [resnet18] trial 14 finished: best val_acc=0.8387 (at val_loss=0.4273)
[I 2026-09-28 22:57:49,520] Trial 14 finished with value: 0.8387096774193549 and parameters: {'hidden_layers': 3, 'neurons': 512, 'lr': 0.0002927239883786626, 'beta1': 0.7062153823217053, 'step_size': 24, 'batch_size': 48}. Best is trial 14 with value: 0.8387096774193549.
[22:57:49] [resnet18] trial 15: H=3 N=512 lr=2.19e-04 beta1=0.512 step_size=26 batch_size=48 (micro_batch=16, accum_steps=3)
[warn] ../cnn_dataset_split_facility_test-NoordelikeWerke/aerobic_zone/test does not exist -- using an empty split.
[resnet18 trial15] Using gradient accumulation: 3 micro-batches per optimizer step (effective batch size ≈ micro_batch x 3).
[resnet18 trial15] Epoch   1/100 | LR: 2.19e-04 | train loss 0.8761 acc 0.680 | val loss 0.7220 acc 0.645 *
[resnet18 trial15] Epoch   2/100 | LR: 2.19e-04 | train loss 0.7236 acc 0.733 | val loss 0.6889 acc 0.686 *
[resnet18 trial15] Epoch   3/100 | LR: 2.19e-04 | train loss 0.7075 acc 0.725 | val loss 0.6311 acc 0.698 *
[resnet18 trial15] Epoch   4/100 | LR: 2.19e-04 | train loss 0.6306 acc 0.749 | val loss 0.5963 acc 0.686 *
[resnet18 trial15] Epoch   5/100 | LR: 2.19e-04 | train loss 0.6110 acc 0.752 | val loss 0.6561 acc 0.648
[I 2026-09-28 22:58:27,160] Trial 15 pruned. 
[22:58:27] [resnet18] trial 16: H=3 N=512 lr=2.69e-04 beta1=0.664 step_size=28 batch_size=8 (micro_batch=8, accum_steps=1)
[warn] ../cnn_dataset_split_facility_test-NoordelikeWerke/aerobic_zone/test does not exist -- using an empty split.
[resnet18 trial16] Epoch   1/100 | LR: 2.69e-04 | train loss 0.9596 acc 0.650 | val loss 0.8736 acc 0.657 *
[resnet18 trial16] Epoch   2/100 | LR: 2.69e-04 | train loss 0.9103 acc 0.673 | val loss 0.6945 acc 0.745 *
[resnet18 trial16] Epoch   3/100 | LR: 2.69e-04 | train loss 0.8179 acc 0.730 | val loss 0.7271 acc 0.724
[resnet18 trial16] Epoch   4/100 | LR: 2.69e-04 | train loss 0.8346 acc 0.698 | val loss 0.6867 acc 0.739 *
[resnet18 trial16] Epoch   5/100 | LR: 2.69e-04 | train loss 0.7586 acc 0.725 | val loss 0.5883 acc 0.760 *
[resnet18 trial16] Epoch   6/100 | LR: 2.69e-04 | train loss 0.7386 acc 0.723 | val loss 0.6124 acc 0.768
[resnet18 trial16] Epoch   7/100 | LR: 2.69e-04 | train loss 0.7361 acc 0.722 | val loss 0.6977 acc 0.695
[resnet18 trial16] Epoch   8/100 | LR: 2.69e-04 | train loss 0.7180 acc 0.726 | val loss 0.7500 acc 0.672
[resnet18 trial16] Epoch   9/100 | LR: 2.69e-04 | train loss 0.7251 acc 0.719 | val loss 0.5857 acc 0.771 *
[resnet18 trial16] Epoch  10/100 | LR: 2.69e-04 | train loss 0.6858 acc 0.749 | val loss 0.6201 acc 0.724
[resnet18 trial16] Epoch  11/100 | LR: 2.69e-04 | train loss 0.6821 acc 0.727 | val loss 0.5282 acc 0.760 *
[resnet18 trial16] Epoch  12/100 | LR: 2.69e-04 | train loss 0.6562 acc 0.745 | val loss 0.4785 acc 0.742 *
[resnet18 trial16] Epoch  13/100 | LR: 2.69e-04 | train loss 0.6503 acc 0.710 | val loss 0.6634 acc 0.733
[resnet18 trial16] Epoch  14/100 | LR: 2.69e-04 | train loss 0.6676 acc 0.743 | val loss 0.5804 acc 0.730
[resnet18 trial16] Epoch  15/100 | LR: 2.69e-04 | train loss 0.6749 acc 0.737 | val loss 0.6362 acc 0.713
[resnet18 trial16] Epoch  16/100 | LR: 2.69e-04 | train loss 0.6112 acc 0.777 | val loss 0.5675 acc 0.739
[resnet18 trial16] Epoch  17/100 | LR: 2.69e-04 | train loss 0.6298 acc 0.762 | val loss 0.5388 acc 0.774
[resnet18 trial16] Epoch  18/100 | LR: 2.69e-04 | train loss 0.6197 acc 0.754 | val loss 0.6591 acc 0.622
[resnet18 trial16] Epoch  19/100 | LR: 2.69e-04 | train loss 0.6314 acc 0.744 | val loss 0.5074 acc 0.774
[resnet18 trial16] Epoch  20/100 | LR: 2.69e-04 | train loss 0.5576 acc 0.779 | val loss 0.7139 acc 0.689
[resnet18 trial16] Epoch  21/100 | LR: 2.69e-04 | train loss 0.5581 acc 0.773 | val loss 0.6329 acc 0.727
[resnet18 trial16] Epoch  22/100 | LR: 2.69e-04 | train loss 0.5628 acc 0.779 | val loss 0.5955 acc 0.730

[resnet18 trial16] No val loss improvement for 10 epochs — stopping early at epoch 22.

[resnet18 trial16] Restored best checkpoint (val loss = 0.4785)
[23:01:11] [resnet18] trial 16 finished: best val_acc=0.7419 (at val_loss=0.4785)
[I 2026-09-28 23:01:11,068] Trial 16 finished with value: 0.7419354838709677 and parameters: {'hidden_layers': 3, 'neurons': 512, 'lr': 0.00026861922622611905, 'beta1': 0.6636956650776531, 'step_size': 28, 'batch_size': 8}. Best is trial 14 with value: 0.8387096774193549.
[23:01:11] [resnet18] trial 17: H=3 N=512 lr=2.97e-05 beta1=0.643 step_size=19 batch_size=16 (micro_batch=16, accum_steps=1)
[warn] ../cnn_dataset_split_facility_test-NoordelikeWerke/aerobic_zone/test does not exist -- using an empty split.
[resnet18 trial17] Epoch   1/100 | LR: 2.97e-05 | train loss 0.9889 acc 0.635 | val loss 0.7523 acc 0.748 *
[resnet18 trial17] Epoch   2/100 | LR: 2.97e-05 | train loss 0.7324 acc 0.753 | val loss 0.6141 acc 0.751 *
[resnet18 trial17] Epoch   3/100 | LR: 2.97e-05 | train loss 0.6467 acc 0.745 | val loss 0.5885 acc 0.736 *
[resnet18 trial17] Epoch   4/100 | LR: 2.97e-05 | train loss 0.5963 acc 0.767 | val loss 0.5652 acc 0.716 *
[resnet18 trial17] Epoch   5/100 | LR: 2.97e-05 | train loss 0.5740 acc 0.784 | val loss 0.6125 acc 0.686
[resnet18 trial17] Epoch   6/100 | LR: 2.97e-05 | train loss 0.5038 acc 0.803 | val loss 0.7491 acc 0.680
[resnet18 trial17] Epoch   7/100 | LR: 2.97e-05 | train loss 0.4851 acc 0.816 | val loss 0.6180 acc 0.739
[resnet18 trial17] Epoch   8/100 | LR: 2.97e-05 | train loss 0.4724 acc 0.823 | val loss 0.6882 acc 0.704
[resnet18 trial17] Epoch   9/100 | LR: 2.97e-05 | train loss 0.4229 acc 0.845 | val loss 0.5824 acc 0.727
[resnet18 trial17] Epoch  10/100 | LR: 2.97e-05 | train loss 0.3972 acc 0.854 | val loss 0.6274 acc 0.718
[resnet18 trial17] Epoch  11/100 | LR: 2.97e-05 | train loss 0.3571 acc 0.877 | val loss 0.4861 acc 0.786 *
[resnet18 trial17] Epoch  12/100 | LR: 2.97e-05 | train loss 0.3922 acc 0.859 | val loss 0.6454 acc 0.721
[resnet18 trial17] Epoch  13/100 | LR: 2.97e-05 | train loss 0.3601 acc 0.872 | val loss 0.5439 acc 0.777
[resnet18 trial17] Epoch  14/100 | LR: 2.97e-05 | train loss 0.3435 acc 0.877 | val loss 0.6086 acc 0.742
[resnet18 trial17] Epoch  15/100 | LR: 2.97e-05 | train loss 0.3203 acc 0.877 | val loss 0.5185 acc 0.783
[resnet18 trial17] Epoch  16/100 | LR: 2.97e-05 | train loss 0.3112 acc 0.893 | val loss 0.6299 acc 0.757
[resnet18 trial17] Epoch  17/100 | LR: 2.97e-05 | train loss 0.2983 acc 0.887 | val loss 0.6126 acc 0.739
[resnet18 trial17] Epoch  18/100 | LR: 2.97e-05 | train loss 0.2806 acc 0.897 | val loss 0.5985 acc 0.771
[resnet18 trial17] Epoch  19/100 | LR: 2.97e-06 | train loss 0.2411 acc 0.921 | val loss 0.5447 acc 0.783
[resnet18 trial17] Epoch  20/100 | LR: 2.97e-06 | train loss 0.2115 acc 0.924 | val loss 0.5604 acc 0.789
[resnet18 trial17] Epoch  21/100 | LR: 2.97e-06 | train loss 0.1880 acc 0.941 | val loss 0.5407 acc 0.789

[resnet18 trial17] No val loss improvement for 10 epochs — stopping early at epoch 21.

[resnet18 trial17] Restored best checkpoint (val loss = 0.4861)
[23:03:50] [resnet18] trial 17 finished: best val_acc=0.7859 (at val_loss=0.4861)
[I 2026-09-28 23:03:50,523] Trial 17 finished with value: 0.7859237536656891 and parameters: {'hidden_layers': 3, 'neurons': 512, 'lr': 2.97040297085328e-05, 'beta1': 0.6429123343104308, 'step_size': 19, 'batch_size': 16}. Best is trial 14 with value: 0.8387096774193549.
[23:03:50] [resnet18] trial 18: H=3 N=2048 lr=1.09e-03 beta1=0.733 step_size=23 batch_size=48 (micro_batch=16, accum_steps=3)
[warn] ../cnn_dataset_split_facility_test-NoordelikeWerke/aerobic_zone/test does not exist -- using an empty split.
[resnet18 trial18] Using gradient accumulation: 3 micro-batches per optimizer step (effective batch size ≈ micro_batch x 3).
[resnet18 trial18] Epoch   1/100 | LR: 1.09e-03 | train loss 1.1106 acc 0.615 | val loss 0.7336 acc 0.710 *
[resnet18 trial18] Epoch   2/100 | LR: 1.09e-03 | train loss 0.9118 acc 0.685 | val loss 0.7482 acc 0.718
[resnet18 trial18] Epoch   3/100 | LR: 1.09e-03 | train loss 0.8621 acc 0.685 | val loss 0.7123 acc 0.692 *
[resnet18 trial18] Epoch   4/100 | LR: 1.09e-03 | train loss 0.8846 acc 0.678 | val loss 0.6544 acc 0.707 *
[resnet18 trial18] Epoch   5/100 | LR: 1.09e-03 | train loss 0.8477 acc 0.667 | val loss 1.0641 acc 0.648
[resnet18 trial18] Epoch   6/100 | LR: 1.09e-03 | train loss 0.7880 acc 0.703 | val loss 0.8065 acc 0.636
[resnet18 trial18] Epoch   7/100 | LR: 1.09e-03 | train loss 0.8034 acc 0.690 | val loss 0.6806 acc 0.710
[resnet18 trial18] Epoch   8/100 | LR: 1.09e-03 | train loss 0.8281 acc 0.716 | val loss 0.6688 acc 0.730
[resnet18 trial18] Epoch   9/100 | LR: 1.09e-03 | train loss 0.7585 acc 0.728 | val loss 0.6382 acc 0.754 *
[resnet18 trial18] Epoch  10/100 | LR: 1.09e-03 | train loss 0.7517 acc 0.735 | val loss 0.6136 acc 0.751 *
[resnet18 trial18] Epoch  11/100 | LR: 1.09e-03 | train loss 0.7381 acc 0.703 | val loss 0.6515 acc 0.745
[resnet18 trial18] Epoch  12/100 | LR: 1.09e-03 | train loss 0.7020 acc 0.733 | val loss 0.8418 acc 0.595
[resnet18 trial18] Epoch  13/100 | LR: 1.09e-03 | train loss 0.7859 acc 0.675 | val loss 0.8728 acc 0.625
[resnet18 trial18] Epoch  14/100 | LR: 1.09e-03 | train loss 0.7601 acc 0.687 | val loss 0.6763 acc 0.701
[resnet18 trial18] Epoch  15/100 | LR: 1.09e-03 | train loss 0.7350 acc 0.710 | val loss 0.8349 acc 0.601
[I 2026-09-28 23:05:45,024] Trial 18 pruned. 
[23:05:45] [resnet18] trial 19: H=1 N=512 lr=1.54e-05 beta1=0.739 step_size=24 batch_size=48 (micro_batch=16, accum_steps=3)
[warn] ../cnn_dataset_split_facility_test-NoordelikeWerke/aerobic_zone/test does not exist -- using an empty split.
[resnet18 trial19] Using gradient accumulation: 3 micro-batches per optimizer step (effective batch size ≈ micro_batch x 3).
[resnet18 trial19] Epoch   1/100 | LR: 1.54e-05 | train loss 1.0518 acc 0.613 | val loss 0.9222 acc 0.686 *
[resnet18 trial19] Epoch   2/100 | LR: 1.54e-05 | train loss 0.9393 acc 0.698 | val loss 0.8250 acc 0.707 *
[resnet18 trial19] Epoch   3/100 | LR: 1.54e-05 | train loss 0.8352 acc 0.740 | val loss 0.7483 acc 0.721 *
[resnet18 trial19] Epoch   4/100 | LR: 1.54e-05 | train loss 0.7688 acc 0.728 | val loss 0.7050 acc 0.724 *
[resnet18 trial19] Epoch   5/100 | LR: 1.54e-05 | train loss 0.7085 acc 0.760 | val loss 0.6751 acc 0.716 *
[resnet18 trial19] Epoch   6/100 | LR: 1.54e-05 | train loss 0.6524 acc 0.769 | val loss 0.6451 acc 0.718 *
[resnet18 trial19] Epoch   7/100 | LR: 1.54e-05 | train loss 0.6269 acc 0.772 | val loss 0.6259 acc 0.739 *
[resnet18 trial19] Epoch   8/100 | LR: 1.54e-05 | train loss 0.6222 acc 0.780 | val loss 0.6566 acc 0.718
[resnet18 trial19] Epoch   9/100 | LR: 1.54e-05 | train loss 0.5788 acc 0.788 | val loss 0.5665 acc 0.751 *
[resnet18 trial19] Epoch  10/100 | LR: 1.54e-05 | train loss 0.5447 acc 0.796 | val loss 0.6008 acc 0.721
[resnet18 trial19] Epoch  11/100 | LR: 1.54e-05 | train loss 0.5342 acc 0.802 | val loss 0.5645 acc 0.765 *
[resnet18 trial19] Epoch  12/100 | LR: 1.54e-05 | train loss 0.5603 acc 0.780 | val loss 0.5986 acc 0.757
[resnet18 trial19] Epoch  13/100 | LR: 1.54e-05 | train loss 0.5335 acc 0.810 | val loss 0.5528 acc 0.762 *
[resnet18 trial19] Epoch  14/100 | LR: 1.54e-05 | train loss 0.4931 acc 0.819 | val loss 0.5993 acc 0.739
[resnet18 trial19] Epoch  15/100 | LR: 1.54e-05 | train loss 0.4588 acc 0.822 | val loss 0.5993 acc 0.742
[resnet18 trial19] Epoch  16/100 | LR: 1.54e-05 | train loss 0.4717 acc 0.822 | val loss 0.5586 acc 0.751
[resnet18 trial19] Epoch  17/100 | LR: 1.54e-05 | train loss 0.4523 acc 0.839 | val loss 0.5233 acc 0.777 *
[resnet18 trial19] Epoch  18/100 | LR: 1.54e-05 | train loss 0.4700 acc 0.822 | val loss 0.5319 acc 0.774
[resnet18 trial19] Epoch  19/100 | LR: 1.54e-05 | train loss 0.4387 acc 0.838 | val loss 0.5665 acc 0.762
[resnet18 trial19] Epoch  20/100 | LR: 1.54e-05 | train loss 0.4338 acc 0.853 | val loss 0.5452 acc 0.783
[resnet18 trial19] Epoch  21/100 | LR: 1.54e-05 | train loss 0.4283 acc 0.856 | val loss 0.5692 acc 0.757
[resnet18 trial19] Epoch  22/100 | LR: 1.54e-05 | train loss 0.3920 acc 0.854 | val loss 0.5893 acc 0.745
[resnet18 trial19] Epoch  23/100 | LR: 1.54e-05 | train loss 0.3801 acc 0.862 | val loss 0.5741 acc 0.760
[resnet18 trial19] Epoch  24/100 | LR: 1.54e-06 | train loss 0.3631 acc 0.863 | val loss 0.5504 acc 0.780
[resnet18 trial19] Epoch  25/100 | LR: 1.54e-06 | train loss 0.3241 acc 0.892 | val loss 0.5805 acc 0.760
[resnet18 trial19] Epoch  26/100 | LR: 1.54e-06 | train loss 0.3849 acc 0.855 | val loss 0.5659 acc 0.765
[resnet18 trial19] Epoch  27/100 | LR: 1.54e-06 | train loss 0.3410 acc 0.876 | val loss 0.5465 acc 0.777

[resnet18 trial19] No val loss improvement for 10 epochs — stopping early at epoch 27.

[resnet18 trial19] Restored best checkpoint (val loss = 0.5233)
[23:09:12] [resnet18] trial 19 finished: best val_acc=0.7771 (at val_loss=0.5233)
[I 2026-09-28 23:09:12,377] Trial 19 finished with value: 0.7771260997067448 and parameters: {'hidden_layers': 1, 'neurons': 512, 'lr': 1.5378839718835757e-05, 'beta1': 0.7391097444547126, 'step_size': 24, 'batch_size': 48}. Best is trial 14 with value: 0.8387096774193549.
[23:09:12] === resnet18 done: 16 completed, 4 pruned. Best trial #14: val_acc=0.8387 params={'hidden_layers': 3, 'neurons': 512, 'lr': 0.0002927239883786626, 'beta1': 0.7062153823217053, 'step_size': 24, 'batch_size': 48} ===
[23:09:12] Saved tuned hyperparameters for resnet18 to tuned_hyperparams_aerobic_zone.json
[23:09:12] [resnet18] finished in 67.5 min
[23:09:12] All requested architectures tuned in 67.5 min total.
Using device: cuda
Test set ID (derived from DATASET_ROOT): NoordelikeWerke
Train-time augmentation: on
[warn] ../cnn_dataset_split_facility_test-NoordelikeWerke/aerobic_zone/test does not exist -- using an empty split.
Classes found (3): ['Dysfunctional', 'Functional', 'Suboptimal']
Train: 1402 | Val: 341 | Test: 0
[23:14:15] Dataset root: ../cnn_dataset_split_facility_test-NoordelikeWerke  Component: aerobic_zone
[23:14:15] Architectures to tune (1): ['efficientnet_b0']
[23:14:15] Trials per architecture: 20
[I 2026-09-28 23:14:15,444] A new study created in RDB with name: aerobic_zone_efficientnet_b0_tune
[23:14:15] === efficientnet_b0: 0/20 trials already recorded, 20 remaining, img_size=(112, 224) ===
[23:14:15] [efficientnet_b0] trial 0: H=1 N=512 lr=2.92e-03 beta1=0.800 step_size=30 batch_size=16 (micro_batch=16, accum_steps=1)
[warn] ../cnn_dataset_split_facility_test-NoordelikeWerke/aerobic_zone/test does not exist -- using an empty split.
Using device: cuda
Test set ID (derived from DATASET_ROOT): NoordelikeWerke
Train-time augmentation: on
[warn] ../cnn_dataset_split_facility_test-NoordelikeWerke/aerobic_zone/test does not exist -- using an empty split.
Classes found (3): ['Dysfunctional', 'Functional', 'Suboptimal']
Train: 1402 | Val: 341 | Test: 0
[efficientnet_b0 trial0] Epoch   1/100 | LR: 2.92e-03 | train loss 1.1815 acc 0.463 | val loss 1.2960 acc 0.560 *
[efficientnet_b0 trial0] Epoch   2/100 | LR: 2.92e-03 | train loss 1.0089 acc 0.586 | val loss 0.8745 acc 0.695 *
[efficientnet_b0 trial0] Epoch   3/100 | LR: 2.92e-03 | train loss 0.9094 acc 0.650 | val loss 1.0000 acc 0.563
[efficientnet_b0 trial0] Epoch   4/100 | LR: 2.92e-03 | train loss 0.8310 acc 0.693 | val loss 0.6956 acc 0.698 *
[efficientnet_b0 trial0] Epoch   5/100 | LR: 2.92e-03 | train loss 0.8232 acc 0.703 | val loss 0.7325 acc 0.727
[efficientnet_b0 trial0] Epoch   6/100 | LR: 2.92e-03 | train loss 0.7798 acc 0.710 | val loss 0.6494 acc 0.742 *
[efficientnet_b0 trial0] Epoch   7/100 | LR: 2.92e-03 | train loss 0.7277 acc 0.708 | val loss 1.0441 acc 0.622
[efficientnet_b0 trial0] Epoch   8/100 | LR: 2.92e-03 | train loss 0.7943 acc 0.685 | val loss 1.0184 acc 0.598
[efficientnet_b0 trial0] Epoch   9/100 | LR: 2.92e-03 | train loss 0.7814 acc 0.682 | val loss 0.6933 acc 0.683
[efficientnet_b0 trial0] Epoch  10/100 | LR: 2.92e-03 | train loss 0.7081 acc 0.709 | val loss 0.6718 acc 0.707
[efficientnet_b0 trial0] Epoch  11/100 | LR: 2.92e-03 | train loss 0.7848 acc 0.699 | val loss 0.7136 acc 0.707
[efficientnet_b0 trial0] Epoch  12/100 | LR: 2.92e-03 | train loss 0.7209 acc 0.718 | val loss 0.5671 acc 0.733 *
[efficientnet_b0 trial0] Epoch  13/100 | LR: 2.92e-03 | train loss 0.6894 acc 0.715 | val loss 0.5728 acc 0.713
[efficientnet_b0 trial0] Epoch  14/100 | LR: 2.92e-03 | train loss 0.6926 acc 0.710 | val loss 0.7283 acc 0.592
[efficientnet_b0 trial0] Epoch  15/100 | LR: 2.92e-03 | train loss 0.7330 acc 0.699 | val loss 0.6861 acc 0.686
[efficientnet_b0 trial0] Epoch  16/100 | LR: 2.92e-03 | train loss 0.6753 acc 0.733 | val loss 0.5328 acc 0.736 *
[efficientnet_b0 trial0] Epoch  17/100 | LR: 2.92e-03 | train loss 0.6938 acc 0.722 | val loss 0.7164 acc 0.689
[efficientnet_b0 trial0] Epoch  18/100 | LR: 2.92e-03 | train loss 0.6833 acc 0.727 | val loss 0.6206 acc 0.733
[efficientnet_b0 trial0] Epoch  19/100 | LR: 2.92e-03 | train loss 0.6774 acc 0.720 | val loss 0.7599 acc 0.692
[efficientnet_b0 trial0] Epoch  20/100 | LR: 2.92e-03 | train loss 0.6520 acc 0.737 | val loss 0.6101 acc 0.736
[efficientnet_b0 trial0] Epoch  21/100 | LR: 2.92e-03 | train loss 0.6559 acc 0.748 | val loss 0.5826 acc 0.768
[efficientnet_b0 trial0] Epoch  22/100 | LR: 2.92e-03 | train loss 0.6844 acc 0.720 | val loss 0.5871 acc 0.760
[efficientnet_b0 trial0] Epoch  23/100 | LR: 2.92e-03 | train loss 0.6461 acc 0.733 | val loss 0.6759 acc 0.689
[efficientnet_b0 trial0] Epoch  24/100 | LR: 2.92e-03 | train loss 0.6638 acc 0.731 | val loss 0.6434 acc 0.721
[efficientnet_b0 trial0] Epoch  25/100 | LR: 2.92e-03 | train loss 0.6649 acc 0.732 | val loss 0.6467 acc 0.716
[efficientnet_b0 trial0] Epoch  26/100 | LR: 2.92e-03 | train loss 0.6635 acc 0.726 | val loss 0.7713 acc 0.557

[efficientnet_b0 trial0] No val loss improvement for 10 epochs — stopping early at epoch 26.

[efficientnet_b0 trial0] Restored best checkpoint (val loss = 0.5328)
[23:18:30] [efficientnet_b0] trial 0 finished: best val_acc=0.7361 (at val_loss=0.5328)
[I 2026-09-28 23:18:30,159] Trial 0 finished with value: 0.7360703812316716 and parameters: {'hidden_layers': 1, 'neurons': 512, 'lr': 0.0029154431891537554, 'beta1': 0.7999563908598613, 'step_size': 30, 'batch_size': 16}. Best is trial 0 with value: 0.7360703812316716.
[23:18:30] [efficientnet_b0] trial 1: H=2 N=2048 lr=1.38e-03 beta1=0.600 step_size=23 batch_size=96 (micro_batch=16, accum_steps=6)
[warn] ../cnn_dataset_split_facility_test-NoordelikeWerke/aerobic_zone/test does not exist -- using an empty split.
[efficientnet_b0 trial1] Using gradient accumulation: 6 micro-batches per optimizer step (effective batch size ≈ micro_batch x 6).
[efficientnet_b0 trial1] Epoch   1/100 | LR: 1.38e-03 | train loss 0.9629 acc 0.571 | val loss 0.7014 acc 0.695 *
[efficientnet_b0 trial1] Epoch   2/100 | LR: 1.38e-03 | train loss 0.7937 acc 0.691 | val loss 0.6497 acc 0.721 *
[efficientnet_b0 trial1] Epoch   3/100 | LR: 1.38e-03 | train loss 0.7437 acc 0.714 | val loss 0.6626 acc 0.692
[efficientnet_b0 trial1] Epoch   4/100 | LR: 1.38e-03 | train loss 0.7199 acc 0.728 | val loss 0.6913 acc 0.683
[efficientnet_b0 trial1] Epoch   5/100 | LR: 1.38e-03 | train loss 0.7036 acc 0.737 | val loss 0.6397 acc 0.727 *
[efficientnet_b0 trial1] Epoch   6/100 | LR: 1.38e-03 | train loss 0.6317 acc 0.741 | val loss 0.6724 acc 0.733
[efficientnet_b0 trial1] Epoch   7/100 | LR: 1.38e-03 | train loss 0.6459 acc 0.760 | val loss 0.5122 acc 0.777 *
[efficientnet_b0 trial1] Epoch   8/100 | LR: 1.38e-03 | train loss 0.6262 acc 0.764 | val loss 0.6000 acc 0.710
[efficientnet_b0 trial1] Epoch   9/100 | LR: 1.38e-03 | train loss 0.5341 acc 0.803 | val loss 0.5524 acc 0.733
[efficientnet_b0 trial1] Epoch  10/100 | LR: 1.38e-03 | train loss 0.5527 acc 0.780 | val loss 0.5725 acc 0.739
[efficientnet_b0 trial1] Epoch  11/100 | LR: 1.38e-03 | train loss 0.5337 acc 0.800 | val loss 0.7976 acc 0.686
[efficientnet_b0 trial1] Epoch  12/100 | LR: 1.38e-03 | train loss 0.4805 acc 0.823 | val loss 0.8049 acc 0.680
[efficientnet_b0 trial1] Epoch  13/100 | LR: 1.38e-03 | train loss 0.4863 acc 0.818 | val loss 0.4725 acc 0.795 *
[efficientnet_b0 trial1] Epoch  14/100 | LR: 1.38e-03 | train loss 0.4253 acc 0.844 | val loss 0.9072 acc 0.674
[efficientnet_b0 trial1] Epoch  15/100 | LR: 1.38e-03 | train loss 0.4091 acc 0.852 | val loss 0.5461 acc 0.786
[efficientnet_b0 trial1] Epoch  16/100 | LR: 1.38e-03 | train loss 0.4136 acc 0.857 | val loss 0.6466 acc 0.718
[efficientnet_b0 trial1] Epoch  17/100 | LR: 1.38e-03 | train loss 0.4565 acc 0.851 | val loss 0.5790 acc 0.757
[efficientnet_b0 trial1] Epoch  18/100 | LR: 1.38e-03 | train loss 0.3775 acc 0.871 | val loss 0.4380 acc 0.830 *
[efficientnet_b0 trial1] Epoch  19/100 | LR: 1.38e-03 | train loss 0.3401 acc 0.882 | val loss 1.5870 acc 0.654
[efficientnet_b0 trial1] Epoch  20/100 | LR: 1.38e-03 | train loss 0.3756 acc 0.869 | val loss 0.5717 acc 0.789
[efficientnet_b0 trial1] Epoch  21/100 | LR: 1.38e-03 | train loss 0.3397 acc 0.892 | val loss 1.2760 acc 0.692
[efficientnet_b0 trial1] Epoch  22/100 | LR: 1.38e-03 | train loss 0.3906 acc 0.870 | val loss 0.9948 acc 0.695
[efficientnet_b0 trial1] Epoch  23/100 | LR: 1.38e-04 | train loss 0.3238 acc 0.886 | val loss 0.5130 acc 0.812
[efficientnet_b0 trial1] Epoch  24/100 | LR: 1.38e-04 | train loss 0.2065 acc 0.917 | val loss 0.4661 acc 0.824
[efficientnet_b0 trial1] Epoch  25/100 | LR: 1.38e-04 | train loss 0.1431 acc 0.951 | val loss 0.5053 acc 0.827
[efficientnet_b0 trial1] Epoch  26/100 | LR: 1.38e-04 | train loss 0.1388 acc 0.954 | val loss 0.4908 acc 0.821
[efficientnet_b0 trial1] Epoch  27/100 | LR: 1.38e-04 | train loss 0.1180 acc 0.959 | val loss 0.4571 acc 0.836
[efficientnet_b0 trial1] Epoch  28/100 | LR: 1.38e-04 | train loss 0.1253 acc 0.954 | val loss 0.4410 acc 0.850

[efficientnet_b0 trial1] No val loss improvement for 10 epochs — stopping early at epoch 28.

[efficientnet_b0 trial1] Restored best checkpoint (val loss = 0.4380)
[23:23:04] [efficientnet_b0] trial 1 finished: best val_acc=0.8299 (at val_loss=0.4380)
[I 2026-09-28 23:23:04,138] Trial 1 finished with value: 0.8299120234604106 and parameters: {'hidden_layers': 2, 'neurons': 2048, 'lr': 0.0013826232179369874, 'beta1': 0.5996372172970215, 'step_size': 23, 'batch_size': 96}. Best is trial 1 with value: 0.8299120234604106.
[23:23:04] [efficientnet_b0] trial 2: H=2 N=1024 lr=4.34e-03 beta1=0.629 step_size=28 batch_size=48 (micro_batch=16, accum_steps=3)
[warn] ../cnn_dataset_split_facility_test-NoordelikeWerke/aerobic_zone/test does not exist -- using an empty split.
[efficientnet_b0 trial2] Using gradient accumulation: 3 micro-batches per optimizer step (effective batch size ≈ micro_batch x 3).
[efficientnet_b0 trial2] Epoch   1/100 | LR: 4.34e-03 | train loss 1.4076 acc 0.500 | val loss 1.0072 acc 0.507 *
[efficientnet_b0 trial2] Epoch   2/100 | LR: 4.34e-03 | train loss 0.9706 acc 0.662 | val loss 0.9122 acc 0.616 *
[efficientnet_b0 trial2] Epoch   3/100 | LR: 4.34e-03 | train loss 0.8967 acc 0.703 | val loss 0.6513 acc 0.677 *
[efficientnet_b0 trial2] Epoch   4/100 | LR: 4.34e-03 | train loss 0.9127 acc 0.631 | val loss 0.7661 acc 0.739
[efficientnet_b0 trial2] Epoch   5/100 | LR: 4.34e-03 | train loss 0.8484 acc 0.691 | val loss 0.7055 acc 0.654
[efficientnet_b0 trial2] Epoch   6/100 | LR: 4.34e-03 | train loss 0.8708 acc 0.657 | val loss 0.6885 acc 0.718
[efficientnet_b0 trial2] Epoch   7/100 | LR: 4.34e-03 | train loss 0.7555 acc 0.725 | val loss 0.7045 acc 0.748
[efficientnet_b0 trial2] Epoch   8/100 | LR: 4.34e-03 | train loss 0.7934 acc 0.695 | val loss 0.5645 acc 0.745 *
[efficientnet_b0 trial2] Epoch   9/100 | LR: 4.34e-03 | train loss 0.7860 acc 0.715 | val loss 0.6141 acc 0.674
[efficientnet_b0 trial2] Epoch  10/100 | LR: 4.34e-03 | train loss 0.7351 acc 0.693 | val loss 0.6385 acc 0.695
[efficientnet_b0 trial2] Epoch  11/100 | LR: 4.34e-03 | train loss 0.7266 acc 0.710 | val loss 0.6070 acc 0.742
[efficientnet_b0 trial2] Epoch  12/100 | LR: 4.34e-03 | train loss 0.6516 acc 0.735 | val loss 0.6688 acc 0.680
[efficientnet_b0 trial2] Epoch  13/100 | LR: 4.34e-03 | train loss 0.8696 acc 0.668 | val loss 0.6140 acc 0.730
[efficientnet_b0 trial2] Epoch  14/100 | LR: 4.34e-03 | train loss 0.7788 acc 0.708 | val loss 0.8657 acc 0.619
[efficientnet_b0 trial2] Epoch  15/100 | LR: 4.34e-03 | train loss 0.6771 acc 0.738 | val loss 0.6114 acc 0.718
[efficientnet_b0 trial2] Epoch  16/100 | LR: 4.34e-03 | train loss 0.6655 acc 0.735 | val loss 0.7937 acc 0.651
[efficientnet_b0 trial2] Epoch  17/100 | LR: 4.34e-03 | train loss 0.6556 acc 0.731 | val loss 0.5439 acc 0.751 *
[efficientnet_b0 trial2] Epoch  18/100 | LR: 4.34e-03 | train loss 0.6497 acc 0.743 | val loss 0.6334 acc 0.707
[efficientnet_b0 trial2] Epoch  19/100 | LR: 4.34e-03 | train loss 0.6413 acc 0.746 | val loss 0.7059 acc 0.630
[efficientnet_b0 trial2] Epoch  20/100 | LR: 4.34e-03 | train loss 0.6758 acc 0.708 | val loss 0.6255 acc 0.677
[efficientnet_b0 trial2] Epoch  21/100 | LR: 4.34e-03 | train loss 0.7541 acc 0.701 | val loss 0.5818 acc 0.789
[efficientnet_b0 trial2] Epoch  22/100 | LR: 4.34e-03 | train loss 0.6476 acc 0.765 | val loss 0.8148 acc 0.616
[efficientnet_b0 trial2] Epoch  23/100 | LR: 4.34e-03 | train loss 0.6742 acc 0.733 | val loss 0.6300 acc 0.710
[efficientnet_b0 trial2] Epoch  24/100 | LR: 4.34e-03 | train loss 0.6299 acc 0.754 | val loss 0.8636 acc 0.610
[efficientnet_b0 trial2] Epoch  25/100 | LR: 4.34e-03 | train loss 0.6589 acc 0.727 | val loss 0.6284 acc 0.724
[efficientnet_b0 trial2] Epoch  26/100 | LR: 4.34e-03 | train loss 0.6043 acc 0.761 | val loss 0.5839 acc 0.748
[efficientnet_b0 trial2] Epoch  27/100 | LR: 4.34e-03 | train loss 0.6507 acc 0.750 | val loss 0.7573 acc 0.672

[efficientnet_b0 trial2] No val loss improvement for 10 epochs — stopping early at epoch 27.

[efficientnet_b0 trial2] Restored best checkpoint (val loss = 0.5439)
[23:27:28] [efficientnet_b0] trial 2 finished: best val_acc=0.7507 (at val_loss=0.5439)
[I 2026-09-28 23:27:28,580] Trial 2 finished with value: 0.750733137829912 and parameters: {'hidden_layers': 2, 'neurons': 1024, 'lr': 0.004337920697490943, 'beta1': 0.6291312108184084, 'step_size': 28, 'batch_size': 48}. Best is trial 1 with value: 0.8299120234604106.
[23:27:28] [efficientnet_b0] trial 3: H=1 N=2048 lr=1.22e-05 beta1=0.914 step_size=17 batch_size=64 (micro_batch=16, accum_steps=4)
[warn] ../cnn_dataset_split_facility_test-NoordelikeWerke/aerobic_zone/test does not exist -- using an empty split.
[efficientnet_b0 trial3] Using gradient accumulation: 4 micro-batches per optimizer step (effective batch size ≈ micro_batch x 4).
[efficientnet_b0 trial3] Epoch   1/100 | LR: 1.22e-05 | train loss 1.0896 acc 0.432 | val loss 1.0507 acc 0.642 *
[efficientnet_b0 trial3] Epoch   2/100 | LR: 1.22e-05 | train loss 1.0612 acc 0.610 | val loss 1.0136 acc 0.689 *
[efficientnet_b0 trial3] Epoch   3/100 | LR: 1.22e-05 | train loss 1.0324 acc 0.677 | val loss 0.9770 acc 0.716 *
[efficientnet_b0 trial3] Epoch   4/100 | LR: 1.22e-05 | train loss 1.0000 acc 0.693 | val loss 0.9367 acc 0.713 *
[efficientnet_b0 trial3] Epoch   5/100 | LR: 1.22e-05 | train loss 0.9729 acc 0.688 | val loss 0.9030 acc 0.727 *
[efficientnet_b0 trial3] Epoch   6/100 | LR: 1.22e-05 | train loss 0.9306 acc 0.715 | val loss 0.8516 acc 0.721 *
[efficientnet_b0 trial3] Epoch   7/100 | LR: 1.22e-05 | train loss 0.9037 acc 0.710 | val loss 0.8209 acc 0.721 *
[efficientnet_b0 trial3] Epoch   8/100 | LR: 1.22e-05 | train loss 0.8684 acc 0.718 | val loss 0.7767 acc 0.751 *
[efficientnet_b0 trial3] Epoch   9/100 | LR: 1.22e-05 | train loss 0.8352 acc 0.739 | val loss 0.7621 acc 0.730 *
[efficientnet_b0 trial3] Epoch  10/100 | LR: 1.22e-05 | train loss 0.8104 acc 0.744 | val loss 0.7282 acc 0.765 *
[efficientnet_b0 trial3] Epoch  11/100 | LR: 1.22e-05 | train loss 0.7901 acc 0.738 | val loss 0.7102 acc 0.739 *
[efficientnet_b0 trial3] Epoch  12/100 | LR: 1.22e-05 | train loss 0.7708 acc 0.745 | val loss 0.6781 acc 0.768 *
[efficientnet_b0 trial3] Epoch  13/100 | LR: 1.22e-05 | train loss 0.7414 acc 0.750 | val loss 0.6760 acc 0.771 *
[efficientnet_b0 trial3] Epoch  14/100 | LR: 1.22e-05 | train loss 0.7072 acc 0.767 | val loss 0.6552 acc 0.774 *
[efficientnet_b0 trial3] Epoch  15/100 | LR: 1.22e-05 | train loss 0.6981 acc 0.759 | val loss 0.6389 acc 0.771 *
[efficientnet_b0 trial3] Epoch  16/100 | LR: 1.22e-05 | train loss 0.6856 acc 0.770 | val loss 0.6416 acc 0.751
[efficientnet_b0 trial3] Epoch  17/100 | LR: 1.22e-06 | train loss 0.6609 acc 0.767 | val loss 0.6480 acc 0.754
[efficientnet_b0 trial3] Epoch  18/100 | LR: 1.22e-06 | train loss 0.6504 acc 0.777 | val loss 0.6420 acc 0.762
[efficientnet_b0 trial3] Epoch  19/100 | LR: 1.22e-06 | train loss 0.6405 acc 0.771 | val loss 0.6218 acc 0.777 *
[efficientnet_b0 trial3] Epoch  20/100 | LR: 1.22e-06 | train loss 0.6541 acc 0.764 | val loss 0.6439 acc 0.760
[efficientnet_b0 trial3] Epoch  21/100 | LR: 1.22e-06 | train loss 0.6450 acc 0.780 | val loss 0.6156 acc 0.768 *
[efficientnet_b0 trial3] Epoch  22/100 | LR: 1.22e-06 | train loss 0.6583 acc 0.762 | val loss 0.6031 acc 0.765 *
[efficientnet_b0 trial3] Epoch  23/100 | LR: 1.22e-06 | train loss 0.6387 acc 0.780 | val loss 0.6386 acc 0.754
[efficientnet_b0 trial3] Epoch  24/100 | LR: 1.22e-06 | train loss 0.6426 acc 0.772 | val loss 0.6103 acc 0.777
[efficientnet_b0 trial3] Epoch  25/100 | LR: 1.22e-06 | train loss 0.6519 acc 0.770 | val loss 0.6139 acc 0.757
[efficientnet_b0 trial3] Epoch  26/100 | LR: 1.22e-06 | train loss 0.6582 acc 0.762 | val loss 0.6341 acc 0.762
[efficientnet_b0 trial3] Epoch  27/100 | LR: 1.22e-06 | train loss 0.6408 acc 0.779 | val loss 0.6351 acc 0.757
[efficientnet_b0 trial3] Epoch  28/100 | LR: 1.22e-06 | train loss 0.6369 acc 0.771 | val loss 0.6313 acc 0.751
[efficientnet_b0 trial3] Epoch  29/100 | LR: 1.22e-06 | train loss 0.6334 acc 0.775 | val loss 0.6178 acc 0.768
[efficientnet_b0 trial3] Epoch  30/100 | LR: 1.22e-06 | train loss 0.6383 acc 0.771 | val loss 0.6538 acc 0.757
[efficientnet_b0 trial3] Epoch  31/100 | LR: 1.22e-06 | train loss 0.6607 acc 0.752 | val loss 0.6083 acc 0.765
[efficientnet_b0 trial3] Epoch  32/100 | LR: 1.22e-06 | train loss 0.6483 acc 0.761 | val loss 0.6124 acc 0.768

[efficientnet_b0 trial3] No val loss improvement for 10 epochs — stopping early at epoch 32.

[efficientnet_b0 trial3] Restored best checkpoint (val loss = 0.6031)
[23:32:42] [efficientnet_b0] trial 3 finished: best val_acc=0.7654 (at val_loss=0.6031)
[I 2026-09-28 23:32:42,064] Trial 3 finished with value: 0.7653958944281525 and parameters: {'hidden_layers': 1, 'neurons': 2048, 'lr': 1.2172958098369984e-05, 'beta1': 0.9135400170668128, 'step_size': 17, 'batch_size': 64}. Best is trial 1 with value: 0.8299120234604106.
[23:32:42] [efficientnet_b0] trial 4: H=1 N=512 lr=2.91e-06 beta1=0.931 step_size=27 batch_size=96 (micro_batch=16, accum_steps=6)
[warn] ../cnn_dataset_split_facility_test-NoordelikeWerke/aerobic_zone/test does not exist -- using an empty split.
[efficientnet_b0 trial4] Using gradient accumulation: 6 micro-batches per optimizer step (effective batch size ≈ micro_batch x 6).
[efficientnet_b0 trial4] Epoch   1/100 | LR: 2.91e-06 | train loss 1.0999 acc 0.336 | val loss 1.1043 acc 0.326 *
[efficientnet_b0 trial4] Epoch   2/100 | LR: 2.91e-06 | train loss 1.0966 acc 0.366 | val loss 1.0984 acc 0.364 *
[efficientnet_b0 trial4] Epoch   3/100 | LR: 2.91e-06 | train loss 1.0967 acc 0.354 | val loss 1.0938 acc 0.361 *
[efficientnet_b0 trial4] Epoch   4/100 | LR: 2.91e-06 | train loss 1.0898 acc 0.399 | val loss 1.0878 acc 0.402 *
[efficientnet_b0 trial4] Epoch   5/100 | LR: 2.91e-06 | train loss 1.0876 acc 0.417 | val loss 1.0828 acc 0.422 *
[efficientnet_b0 trial4] Epoch   6/100 | LR: 2.91e-06 | train loss 1.0835 acc 0.437 | val loss 1.0816 acc 0.419 *
[efficientnet_b0 trial4] Epoch   7/100 | LR: 2.91e-06 | train loss 1.0820 acc 0.454 | val loss 1.0759 acc 0.457 *
[efficientnet_b0 trial4] Epoch   8/100 | LR: 2.91e-06 | train loss 1.0776 acc 0.501 | val loss 1.0742 acc 0.472 *
[efficientnet_b0 trial4] Epoch   9/100 | LR: 2.91e-06 | train loss 1.0745 acc 0.519 | val loss 1.0665 acc 0.493 *
[efficientnet_b0 trial4] Epoch  10/100 | LR: 2.91e-06 | train loss 1.0725 acc 0.524 | val loss 1.0639 acc 0.510 *
[efficientnet_b0 trial4] Epoch  11/100 | LR: 2.91e-06 | train loss 1.0674 acc 0.552 | val loss 1.0604 acc 0.551 *
[efficientnet_b0 trial4] Epoch  12/100 | LR: 2.91e-06 | train loss 1.0630 acc 0.581 | val loss 1.0577 acc 0.557 *
[efficientnet_b0 trial4] Epoch  13/100 | LR: 2.91e-06 | train loss 1.0591 acc 0.598 | val loss 1.0483 acc 0.592 *
[efficientnet_b0 trial4] Epoch  14/100 | LR: 2.91e-06 | train loss 1.0564 acc 0.609 | val loss 1.0472 acc 0.610 *
[efficientnet_b0 trial4] Epoch  15/100 | LR: 2.91e-06 | train loss 1.0550 acc 0.613 | val loss 1.0404 acc 0.613 *
[efficientnet_b0 trial4] Epoch  16/100 | LR: 2.91e-06 | train loss 1.0535 acc 0.621 | val loss 1.0340 acc 0.622 *
[efficientnet_b0 trial4] Epoch  17/100 | LR: 2.91e-06 | train loss 1.0456 acc 0.645 | val loss 1.0302 acc 0.648 *
[efficientnet_b0 trial4] Epoch  18/100 | LR: 2.91e-06 | train loss 1.0398 acc 0.655 | val loss 1.0264 acc 0.645 *
[efficientnet_b0 trial4] Epoch  19/100 | LR: 2.91e-06 | train loss 1.0389 acc 0.654 | val loss 1.0176 acc 0.666 *
[efficientnet_b0 trial4] Epoch  20/100 | LR: 2.91e-06 | train loss 1.0363 acc 0.659 | val loss 1.0140 acc 0.674 *
[efficientnet_b0 trial4] Epoch  21/100 | LR: 2.91e-06 | train loss 1.0303 acc 0.659 | val loss 1.0112 acc 0.686 *
[efficientnet_b0 trial4] Epoch  22/100 | LR: 2.91e-06 | train loss 1.0227 acc 0.675 | val loss 1.0050 acc 0.680 *
[efficientnet_b0 trial4] Epoch  23/100 | LR: 2.91e-06 | train loss 1.0234 acc 0.680 | val loss 0.9990 acc 0.695 *
[efficientnet_b0 trial4] Epoch  24/100 | LR: 2.91e-06 | train loss 1.0168 acc 0.685 | val loss 0.9943 acc 0.683 *
[efficientnet_b0 trial4] Epoch  25/100 | LR: 2.91e-06 | train loss 1.0122 acc 0.686 | val loss 0.9890 acc 0.692 *
[efficientnet_b0 trial4] Epoch  26/100 | LR: 2.91e-06 | train loss 0.9999 acc 0.699 | val loss 0.9812 acc 0.695 *
[efficientnet_b0 trial4] Epoch  27/100 | LR: 2.91e-07 | train loss 0.9983 acc 0.705 | val loss 0.9683 acc 0.701 *
[efficientnet_b0 trial4] Epoch  28/100 | LR: 2.91e-07 | train loss 0.9965 acc 0.685 | val loss 0.9725 acc 0.707
[efficientnet_b0 trial4] Epoch  29/100 | LR: 2.91e-07 | train loss 0.9934 acc 0.707 | val loss 0.9749 acc 0.701
[efficientnet_b0 trial4] Epoch  30/100 | LR: 2.91e-07 | train loss 1.0049 acc 0.695 | val loss 0.9739 acc 0.704
[efficientnet_b0 trial4] Epoch  31/100 | LR: 2.91e-07 | train loss 1.0037 acc 0.690 | val loss 0.9712 acc 0.701
[efficientnet_b0 trial4] Epoch  32/100 | LR: 2.91e-07 | train loss 0.9965 acc 0.695 | val loss 0.9678 acc 0.698 *
[efficientnet_b0 trial4] Epoch  33/100 | LR: 2.91e-07 | train loss 0.9983 acc 0.682 | val loss 0.9725 acc 0.698
[efficientnet_b0 trial4] Epoch  34/100 | LR: 2.91e-07 | train loss 0.9954 acc 0.693 | val loss 0.9727 acc 0.698
[efficientnet_b0 trial4] Epoch  35/100 | LR: 2.91e-07 | train loss 0.9953 acc 0.692 | val loss 0.9688 acc 0.707
[efficientnet_b0 trial4] Epoch  36/100 | LR: 2.91e-07 | train loss 1.0003 acc 0.690 | val loss 0.9696 acc 0.695
[efficientnet_b0 trial4] Epoch  37/100 | LR: 2.91e-07 | train loss 0.9903 acc 0.702 | val loss 0.9666 acc 0.701 *
[efficientnet_b0 trial4] Epoch  38/100 | LR: 2.91e-07 | train loss 0.9959 acc 0.700 | val loss 0.9666 acc 0.695
[efficientnet_b0 trial4] Epoch  39/100 | LR: 2.91e-07 | train loss 0.9937 acc 0.687 | val loss 0.9705 acc 0.707
[efficientnet_b0 trial4] Epoch  40/100 | LR: 2.91e-07 | train loss 0.9922 acc 0.702 | val loss 0.9665 acc 0.692 *
[efficientnet_b0 trial4] Epoch  41/100 | LR: 2.91e-07 | train loss 0.9978 acc 0.690 | val loss 0.9626 acc 0.701 *
[efficientnet_b0 trial4] Epoch  42/100 | LR: 2.91e-07 | train loss 0.9956 acc 0.687 | val loss 0.9676 acc 0.704
[efficientnet_b0 trial4] Epoch  43/100 | LR: 2.91e-07 | train loss 0.9937 acc 0.693 | val loss 0.9644 acc 0.713
[efficientnet_b0 trial4] Epoch  44/100 | LR: 2.91e-07 | train loss 0.9934 acc 0.695 | val loss 0.9610 acc 0.713 *
[efficientnet_b0 trial4] Epoch  45/100 | LR: 2.91e-07 | train loss 0.9943 acc 0.684 | val loss 0.9607 acc 0.692 *
[efficientnet_b0 trial4] Epoch  46/100 | LR: 2.91e-07 | train loss 0.9916 acc 0.697 | val loss 0.9625 acc 0.716
[efficientnet_b0 trial4] Epoch  47/100 | LR: 2.91e-07 | train loss 0.9894 acc 0.695 | val loss 0.9596 acc 0.689 *
[efficientnet_b0 trial4] Epoch  48/100 | LR: 2.91e-07 | train loss 0.9929 acc 0.682 | val loss 0.9593 acc 0.710 *
[efficientnet_b0 trial4] Epoch  49/100 | LR: 2.91e-07 | train loss 0.9869 acc 0.700 | val loss 0.9558 acc 0.710 *
[efficientnet_b0 trial4] Epoch  50/100 | LR: 2.91e-07 | train loss 0.9892 acc 0.695 | val loss 0.9633 acc 0.698
[efficientnet_b0 trial4] Epoch  51/100 | LR: 2.91e-07 | train loss 0.9843 acc 0.697 | val loss 0.9601 acc 0.701
[efficientnet_b0 trial4] Epoch  52/100 | LR: 2.91e-07 | train loss 0.9805 acc 0.703 | val loss 0.9630 acc 0.695
[efficientnet_b0 trial4] Epoch  53/100 | LR: 2.91e-07 | train loss 0.9887 acc 0.688 | val loss 0.9609 acc 0.707
[efficientnet_b0 trial4] Epoch  54/100 | LR: 2.91e-08 | train loss 0.9876 acc 0.686 | val loss 0.9578 acc 0.707
[efficientnet_b0 trial4] Epoch  55/100 | LR: 2.91e-08 | train loss 0.9847 acc 0.703 | val loss 0.9585 acc 0.710
[efficientnet_b0 trial4] Epoch  56/100 | LR: 2.91e-08 | train loss 0.9883 acc 0.696 | val loss 0.9574 acc 0.707
[efficientnet_b0 trial4] Epoch  57/100 | LR: 2.91e-08 | train loss 0.9846 acc 0.702 | val loss 0.9572 acc 0.704
[efficientnet_b0 trial4] Epoch  58/100 | LR: 2.91e-08 | train loss 0.9870 acc 0.696 | val loss 0.9579 acc 0.716
[efficientnet_b0 trial4] Epoch  59/100 | LR: 2.91e-08 | train loss 0.9871 acc 0.680 | val loss 0.9599 acc 0.710

[efficientnet_b0 trial4] No val loss improvement for 10 epochs — stopping early at epoch 59.

[efficientnet_b0 trial4] Restored best checkpoint (val loss = 0.9558)
[23:42:30] [efficientnet_b0] trial 4 finished: best val_acc=0.7097 (at val_loss=0.9558)
[I 2026-09-28 23:42:30,491] Trial 4 finished with value: 0.7096774193548387 and parameters: {'hidden_layers': 1, 'neurons': 512, 'lr': 2.907208890659845e-06, 'beta1': 0.9306886095119211, 'step_size': 27, 'batch_size': 96}. Best is trial 1 with value: 0.8299120234604106.
[23:42:30] [efficientnet_b0] trial 5: H=2 N=512 lr=5.13e-05 beta1=0.513 step_size=8 batch_size=48 (micro_batch=16, accum_steps=3)
[warn] ../cnn_dataset_split_facility_test-NoordelikeWerke/aerobic_zone/test does not exist -- using an empty split.
[efficientnet_b0 trial5] Using gradient accumulation: 3 micro-batches per optimizer step (effective batch size ≈ micro_batch x 3).
[efficientnet_b0 trial5] Epoch   1/100 | LR: 5.13e-05 | train loss 1.0800 acc 0.570 | val loss 1.0103 acc 0.707 *
[efficientnet_b0 trial5] Epoch   2/100 | LR: 5.13e-05 | train loss 0.9655 acc 0.710 | val loss 0.7668 acc 0.765 *
[efficientnet_b0 trial5] Epoch   3/100 | LR: 5.13e-05 | train loss 0.7872 acc 0.758 | val loss 0.6536 acc 0.801 *
[efficientnet_b0 trial5] Epoch   4/100 | LR: 5.13e-05 | train loss 0.6965 acc 0.778 | val loss 0.6088 acc 0.774 *
[efficientnet_b0 trial5] Epoch   5/100 | LR: 5.13e-05 | train loss 0.6536 acc 0.760 | val loss 0.5481 acc 0.771 *
[efficientnet_b0 trial5] Epoch   6/100 | LR: 5.13e-05 | train loss 0.6193 acc 0.764 | val loss 0.5467 acc 0.771 *
[efficientnet_b0 trial5] Epoch   7/100 | LR: 5.13e-05 | train loss 0.5663 acc 0.778 | val loss 0.5387 acc 0.771 *
[efficientnet_b0 trial5] Epoch   8/100 | LR: 5.13e-06 | train loss 0.5623 acc 0.791 | val loss 0.5458 acc 0.780
[efficientnet_b0 trial5] Epoch   9/100 | LR: 5.13e-06 | train loss 0.5426 acc 0.787 | val loss 0.5558 acc 0.780
[efficientnet_b0 trial5] Epoch  10/100 | LR: 5.13e-06 | train loss 0.5398 acc 0.786 | val loss 0.5111 acc 0.792 *
[efficientnet_b0 trial5] Epoch  11/100 | LR: 5.13e-06 | train loss 0.5323 acc 0.788 | val loss 0.5269 acc 0.786
[efficientnet_b0 trial5] Epoch  12/100 | LR: 5.13e-06 | train loss 0.5601 acc 0.785 | val loss 0.5159 acc 0.798
[efficientnet_b0 trial5] Epoch  13/100 | LR: 5.13e-06 | train loss 0.5091 acc 0.807 | val loss 0.4797 acc 0.804 *
[efficientnet_b0 trial5] Epoch  14/100 | LR: 5.13e-06 | train loss 0.5106 acc 0.815 | val loss 0.4932 acc 0.795
[efficientnet_b0 trial5] Epoch  15/100 | LR: 5.13e-06 | train loss 0.5121 acc 0.812 | val loss 0.5037 acc 0.786
[efficientnet_b0 trial5] Epoch  16/100 | LR: 5.13e-07 | train loss 0.5362 acc 0.792 | val loss 0.4895 acc 0.798
[efficientnet_b0 trial5] Epoch  17/100 | LR: 5.13e-07 | train loss 0.4991 acc 0.817 | val loss 0.4907 acc 0.801
[efficientnet_b0 trial5] Epoch  18/100 | LR: 5.13e-07 | train loss 0.4893 acc 0.818 | val loss 0.4829 acc 0.812
[efficientnet_b0 trial5] Epoch  19/100 | LR: 5.13e-07 | train loss 0.4884 acc 0.825 | val loss 0.5207 acc 0.783
[efficientnet_b0 trial5] Epoch  20/100 | LR: 5.13e-07 | train loss 0.5086 acc 0.802 | val loss 0.4977 acc 0.795
[efficientnet_b0 trial5] Epoch  21/100 | LR: 5.13e-07 | train loss 0.5246 acc 0.806 | val loss 0.5132 acc 0.789
[efficientnet_b0 trial5] Epoch  22/100 | LR: 5.13e-07 | train loss 0.5019 acc 0.818 | val loss 0.4941 acc 0.795
[efficientnet_b0 trial5] Epoch  23/100 | LR: 5.13e-07 | train loss 0.5123 acc 0.806 | val loss 0.4916 acc 0.801

[efficientnet_b0 trial5] No val loss improvement for 10 epochs — stopping early at epoch 23.

[efficientnet_b0 trial5] Restored best checkpoint (val loss = 0.4797)
[23:46:17] [efficientnet_b0] trial 5 finished: best val_acc=0.8035 (at val_loss=0.4797)
[I 2026-09-28 23:46:17,762] Trial 5 finished with value: 0.8035190615835777 and parameters: {'hidden_layers': 2, 'neurons': 512, 'lr': 5.1305517605898387e-05, 'beta1': 0.5126841442453035, 'step_size': 8, 'batch_size': 48}. Best is trial 1 with value: 0.8299120234604106.
[23:46:17] [efficientnet_b0] trial 6: H=2 N=512 lr=3.06e-03 beta1=0.901 step_size=11 batch_size=32 (micro_batch=16, accum_steps=2)
[warn] ../cnn_dataset_split_facility_test-NoordelikeWerke/aerobic_zone/test does not exist -- using an empty split.
[efficientnet_b0 trial6] Using gradient accumulation: 2 micro-batches per optimizer step (effective batch size ≈ micro_batch x 2).
[efficientnet_b0 trial6] Epoch   1/100 | LR: 3.06e-03 | train loss 1.0216 acc 0.584 | val loss 0.7953 acc 0.654 *
[efficientnet_b0 trial6] Epoch   2/100 | LR: 3.06e-03 | train loss 0.8610 acc 0.700 | val loss 0.8318 acc 0.718
[efficientnet_b0 trial6] Epoch   3/100 | LR: 3.06e-03 | train loss 0.8376 acc 0.704 | val loss 0.7873 acc 0.686 *
[efficientnet_b0 trial6] Epoch   4/100 | LR: 3.06e-03 | train loss 0.8566 acc 0.661 | val loss 0.7613 acc 0.701 *
[efficientnet_b0 trial6] Epoch   5/100 | LR: 3.06e-03 | train loss 0.7793 acc 0.695 | val loss 0.8381 acc 0.724
[I 2026-09-28 23:47:06,887] Trial 6 pruned. 
[23:47:06] [efficientnet_b0] trial 7: H=1 N=512 lr=2.24e-05 beta1=0.971 step_size=16 batch_size=32 (micro_batch=16, accum_steps=2)
[warn] ../cnn_dataset_split_facility_test-NoordelikeWerke/aerobic_zone/test does not exist -- using an empty split.
[efficientnet_b0 trial7] Using gradient accumulation: 2 micro-batches per optimizer step (effective batch size ≈ micro_batch x 2).
[efficientnet_b0 trial7] Epoch   1/100 | LR: 2.24e-05 | train loss 1.0766 acc 0.490 | val loss 1.0288 acc 0.651 *
[efficientnet_b0 trial7] Epoch   2/100 | LR: 2.24e-05 | train loss 1.0233 acc 0.640 | val loss 0.9485 acc 0.716 *
[efficientnet_b0 trial7] Epoch   3/100 | LR: 2.24e-05 | train loss 0.9619 acc 0.702 | val loss 0.8444 acc 0.736 *
[efficientnet_b0 trial7] Epoch   4/100 | LR: 2.24e-05 | train loss 0.8898 acc 0.724 | val loss 0.7705 acc 0.751 *
[efficientnet_b0 trial7] Epoch   5/100 | LR: 2.24e-05 | train loss 0.8297 acc 0.735 | val loss 0.7027 acc 0.762 *
[efficientnet_b0 trial7] Epoch   6/100 | LR: 2.24e-05 | train loss 0.7724 acc 0.751 | val loss 0.6525 acc 0.771 *
[efficientnet_b0 trial7] Epoch   7/100 | LR: 2.24e-05 | train loss 0.7227 acc 0.760 | val loss 0.6316 acc 0.754 *
[efficientnet_b0 trial7] Epoch   8/100 | LR: 2.24e-05 | train loss 0.6931 acc 0.760 | val loss 0.5985 acc 0.760 *
[efficientnet_b0 trial7] Epoch   9/100 | LR: 2.24e-05 | train loss 0.6609 acc 0.765 | val loss 0.5944 acc 0.751 *
[efficientnet_b0 trial7] Epoch  10/100 | LR: 2.24e-05 | train loss 0.6201 acc 0.781 | val loss 0.5615 acc 0.783 *
[efficientnet_b0 trial7] Epoch  11/100 | LR: 2.24e-05 | train loss 0.6272 acc 0.770 | val loss 0.5938 acc 0.757
[efficientnet_b0 trial7] Epoch  12/100 | LR: 2.24e-05 | train loss 0.5713 acc 0.787 | val loss 0.5527 acc 0.774 *
[efficientnet_b0 trial7] Epoch  13/100 | LR: 2.24e-05 | train loss 0.5780 acc 0.776 | val loss 0.5357 acc 0.777 *
[efficientnet_b0 trial7] Epoch  14/100 | LR: 2.24e-05 | train loss 0.5516 acc 0.792 | val loss 0.5528 acc 0.774
[efficientnet_b0 trial7] Epoch  15/100 | LR: 2.24e-05 | train loss 0.5563 acc 0.798 | val loss 0.5498 acc 0.760
[efficientnet_b0 trial7] Epoch  16/100 | LR: 2.24e-06 | train loss 0.5364 acc 0.790 | val loss 0.5692 acc 0.762
[efficientnet_b0 trial7] Epoch  17/100 | LR: 2.24e-06 | train loss 0.5178 acc 0.812 | val loss 0.5874 acc 0.751
[efficientnet_b0 trial7] Epoch  18/100 | LR: 2.24e-06 | train loss 0.5234 acc 0.810 | val loss 0.5668 acc 0.768
[efficientnet_b0 trial7] Epoch  19/100 | LR: 2.24e-06 | train loss 0.5292 acc 0.802 | val loss 0.5695 acc 0.754
[efficientnet_b0 trial7] Epoch  20/100 | LR: 2.24e-06 | train loss 0.5228 acc 0.809 | val loss 0.5784 acc 0.748
[efficientnet_b0 trial7] Epoch  21/100 | LR: 2.24e-06 | train loss 0.5258 acc 0.806 | val loss 0.5415 acc 0.786
[efficientnet_b0 trial7] Epoch  22/100 | LR: 2.24e-06 | train loss 0.5332 acc 0.785 | val loss 0.5766 acc 0.760
[efficientnet_b0 trial7] Epoch  23/100 | LR: 2.24e-06 | train loss 0.5549 acc 0.803 | val loss 0.5831 acc 0.757

[efficientnet_b0 trial7] No val loss improvement for 10 epochs — stopping early at epoch 23.

[efficientnet_b0 trial7] Restored best checkpoint (val loss = 0.5357)
[23:50:52] [efficientnet_b0] trial 7 finished: best val_acc=0.7771 (at val_loss=0.5357)
[I 2026-09-28 23:50:52,348] Trial 7 finished with value: 0.7771260997067448 and parameters: {'hidden_layers': 1, 'neurons': 512, 'lr': 2.2410971619109514e-05, 'beta1': 0.970511942252347, 'step_size': 16, 'batch_size': 32}. Best is trial 1 with value: 0.8299120234604106.
[23:50:52] [efficientnet_b0] trial 8: H=2 N=2048 lr=9.08e-06 beta1=0.572 step_size=22 batch_size=8 (micro_batch=8, accum_steps=1)
[warn] ../cnn_dataset_split_facility_test-NoordelikeWerke/aerobic_zone/test does not exist -- using an empty split.
[efficientnet_b0 trial8] Epoch   1/100 | LR: 9.08e-06 | train loss 1.0727 acc 0.604 | val loss 0.9946 acc 0.692 *
[efficientnet_b0 trial8] Epoch   2/100 | LR: 9.08e-06 | train loss 0.9796 acc 0.693 | val loss 0.8285 acc 0.733 *
[efficientnet_b0 trial8] Epoch   3/100 | LR: 9.08e-06 | train loss 0.8769 acc 0.700 | val loss 0.7494 acc 0.765 *
[efficientnet_b0 trial8] Epoch   4/100 | LR: 9.08e-06 | train loss 0.7980 acc 0.729 | val loss 0.7035 acc 0.762 *
[efficientnet_b0 trial8] Epoch   5/100 | LR: 9.08e-06 | train loss 0.7545 acc 0.735 | val loss 0.6825 acc 0.745 *
[efficientnet_b0 trial8] Epoch   6/100 | LR: 9.08e-06 | train loss 0.7359 acc 0.730 | val loss 0.7185 acc 0.701
[efficientnet_b0 trial8] Epoch   7/100 | LR: 9.08e-06 | train loss 0.7427 acc 0.730 | val loss 0.6677 acc 0.730 *
[efficientnet_b0 trial8] Epoch   8/100 | LR: 9.08e-06 | train loss 0.6911 acc 0.755 | val loss 0.7087 acc 0.701
[efficientnet_b0 trial8] Epoch   9/100 | LR: 9.08e-06 | train loss 0.6710 acc 0.743 | val loss 0.6078 acc 0.745 *
[efficientnet_b0 trial8] Epoch  10/100 | LR: 9.08e-06 | train loss 0.6605 acc 0.754 | val loss 0.6201 acc 0.751
[efficientnet_b0 trial8] Epoch  11/100 | LR: 9.08e-06 | train loss 0.6492 acc 0.757 | val loss 0.5990 acc 0.757 *
[efficientnet_b0 trial8] Epoch  12/100 | LR: 9.08e-06 | train loss 0.6353 acc 0.765 | val loss 0.6624 acc 0.701
[efficientnet_b0 trial8] Epoch  13/100 | LR: 9.08e-06 | train loss 0.6353 acc 0.752 | val loss 0.6631 acc 0.707
[I 2026-09-28 23:53:04,486] Trial 8 pruned. 
[23:53:04] [efficientnet_b0] trial 9: H=3 N=512 lr=2.31e-04 beta1=0.838 step_size=5 batch_size=96 (micro_batch=16, accum_steps=6)
[warn] ../cnn_dataset_split_facility_test-NoordelikeWerke/aerobic_zone/test does not exist -- using an empty split.
[efficientnet_b0 trial9] Using gradient accumulation: 6 micro-batches per optimizer step (effective batch size ≈ micro_batch x 6).
[efficientnet_b0 trial9] Epoch   1/100 | LR: 2.31e-04 | train loss 1.0512 acc 0.631 | val loss 0.7711 acc 0.742 *
[efficientnet_b0 trial9] Epoch   2/100 | LR: 2.31e-04 | train loss 0.7953 acc 0.744 | val loss 0.6409 acc 0.733 *
[efficientnet_b0 trial9] Epoch   3/100 | LR: 2.31e-04 | train loss 0.6578 acc 0.759 | val loss 0.6405 acc 0.721 *
[efficientnet_b0 trial9] Epoch   4/100 | LR: 2.31e-04 | train loss 0.5973 acc 0.776 | val loss 0.6598 acc 0.718
[efficientnet_b0 trial9] Epoch   5/100 | LR: 2.31e-05 | train loss 0.5418 acc 0.809 | val loss 0.6312 acc 0.718 *
[efficientnet_b0 trial9] Epoch   6/100 | LR: 2.31e-05 | train loss 0.4736 acc 0.822 | val loss 0.5747 acc 0.739 *
[efficientnet_b0 trial9] Epoch   7/100 | LR: 2.31e-05 | train loss 0.5172 acc 0.800 | val loss 0.6288 acc 0.716
[I 2026-09-28 23:54:12,987] Trial 9 pruned. 
[23:54:13] [efficientnet_b0] trial 10: H=2 N=2048 lr=6.20e-03 beta1=0.629 step_size=14 batch_size=96 (micro_batch=16, accum_steps=6)
[warn] ../cnn_dataset_split_facility_test-NoordelikeWerke/aerobic_zone/test does not exist -- using an empty split.
[efficientnet_b0 trial10] Using gradient accumulation: 6 micro-batches per optimizer step (effective batch size ≈ micro_batch x 6).
[efficientnet_b0 trial10] Epoch   1/100 | LR: 6.20e-03 | train loss 14.8205 acc 0.407 | val loss 1.1473 acc 0.572 *
[efficientnet_b0 trial10] Epoch   2/100 | LR: 6.20e-03 | train loss 1.0021 acc 0.581 | val loss 0.8991 acc 0.628 *
[efficientnet_b0 trial10] Epoch   3/100 | LR: 6.20e-03 | train loss 0.8964 acc 0.705 | val loss 0.7224 acc 0.745 *
[efficientnet_b0 trial10] Epoch   4/100 | LR: 6.20e-03 | train loss 0.8805 acc 0.686 | val loss 0.7135 acc 0.648 *
[efficientnet_b0 trial10] Epoch   5/100 | LR: 6.20e-03 | train loss 0.8091 acc 0.698 | val loss 0.7687 acc 0.642
[efficientnet_b0 trial10] Epoch   6/100 | LR: 6.20e-03 | train loss 0.7604 acc 0.720 | val loss 0.7025 acc 0.742 *
[efficientnet_b0 trial10] Epoch   7/100 | LR: 6.20e-03 | train loss 0.7549 acc 0.708 | val loss 0.5752 acc 0.777 *
[efficientnet_b0 trial10] Epoch   8/100 | LR: 6.20e-03 | train loss 0.7442 acc 0.722 | val loss 0.6556 acc 0.692
[efficientnet_b0 trial10] Epoch   9/100 | LR: 6.20e-03 | train loss 0.6532 acc 0.748 | val loss 0.6115 acc 0.742
[efficientnet_b0 trial10] Epoch  10/100 | LR: 6.20e-03 | train loss 0.6991 acc 0.747 | val loss 0.7425 acc 0.701
[efficientnet_b0 trial10] Epoch  11/100 | LR: 6.20e-03 | train loss 0.7030 acc 0.719 | val loss 0.6543 acc 0.724
[efficientnet_b0 trial10] Epoch  12/100 | LR: 6.20e-03 | train loss 0.6437 acc 0.762 | val loss 0.5899 acc 0.780
[efficientnet_b0 trial10] Epoch  13/100 | LR: 6.20e-03 | train loss 0.6223 acc 0.769 | val loss 0.7142 acc 0.669
[efficientnet_b0 trial10] Epoch  14/100 | LR: 6.20e-04 | train loss 0.6311 acc 0.769 | val loss 0.6012 acc 0.710
[efficientnet_b0 trial10] Epoch  15/100 | LR: 6.20e-04 | train loss 0.4918 acc 0.818 | val loss 0.5436 acc 0.754 *
[efficientnet_b0 trial10] Epoch  16/100 | LR: 6.20e-04 | train loss 0.4638 acc 0.824 | val loss 0.4829 acc 0.783 *
[efficientnet_b0 trial10] Epoch  17/100 | LR: 6.20e-04 | train loss 0.4607 acc 0.822 | val loss 0.4697 acc 0.795 *
[efficientnet_b0 trial10] Epoch  18/100 | LR: 6.20e-04 | train loss 0.4652 acc 0.830 | val loss 0.5503 acc 0.765
[efficientnet_b0 trial10] Epoch  19/100 | LR: 6.20e-04 | train loss 0.4208 acc 0.835 | val loss 0.5019 acc 0.786
[efficientnet_b0 trial10] Epoch  20/100 | LR: 6.20e-04 | train loss 0.4238 acc 0.834 | val loss 0.4756 acc 0.786
[efficientnet_b0 trial10] Epoch  21/100 | LR: 6.20e-04 | train loss 0.4363 acc 0.828 | val loss 0.4908 acc 0.783
[efficientnet_b0 trial10] Epoch  22/100 | LR: 6.20e-04 | train loss 0.4143 acc 0.843 | val loss 0.4949 acc 0.806
[efficientnet_b0 trial10] Epoch  23/100 | LR: 6.20e-04 | train loss 0.4024 acc 0.845 | val loss 0.5768 acc 0.774
[efficientnet_b0 trial10] Epoch  24/100 | LR: 6.20e-04 | train loss 0.3767 acc 0.850 | val loss 0.5791 acc 0.768
[efficientnet_b0 trial10] Epoch  25/100 | LR: 6.20e-04 | train loss 0.3704 acc 0.864 | val loss 0.5225 acc 0.789
[efficientnet_b0 trial10] Epoch  26/100 | LR: 6.20e-04 | train loss 0.3868 acc 0.858 | val loss 0.5149 acc 0.789
[efficientnet_b0 trial10] Epoch  27/100 | LR: 6.20e-04 | train loss 0.3817 acc 0.861 | val loss 0.5203 acc 0.777

[efficientnet_b0 trial10] No val loss improvement for 10 epochs — stopping early at epoch 27.

[efficientnet_b0 trial10] Restored best checkpoint (val loss = 0.4697)
[23:58:15] [efficientnet_b0] trial 10 finished: best val_acc=0.7947 (at val_loss=0.4697)
[I 2026-09-28 23:58:15,407] Trial 10 finished with value: 0.7947214076246334 and parameters: {'hidden_layers': 2, 'neurons': 2048, 'lr': 0.006196856312241943, 'beta1': 0.6286322202740141, 'step_size': 14, 'batch_size': 96}. Best is trial 1 with value: 0.8299120234604106.
[23:58:15] [efficientnet_b0] trial 11: H=2 N=512 lr=8.03e-04 beta1=0.562 step_size=14 batch_size=48 (micro_batch=16, accum_steps=3)
[warn] ../cnn_dataset_split_facility_test-NoordelikeWerke/aerobic_zone/test does not exist -- using an empty split.
[efficientnet_b0 trial11] Using gradient accumulation: 3 micro-batches per optimizer step (effective batch size ≈ micro_batch x 3).
[efficientnet_b0 trial11] Epoch   1/100 | LR: 8.03e-04 | train loss 0.9021 acc 0.631 | val loss 0.7072 acc 0.669 *
[efficientnet_b0 trial11] Epoch   2/100 | LR: 8.03e-04 | train loss 0.7589 acc 0.700 | val loss 0.6677 acc 0.736 *
[efficientnet_b0 trial11] Epoch   3/100 | LR: 8.03e-04 | train loss 0.6708 acc 0.762 | val loss 0.6204 acc 0.707 *
[efficientnet_b0 trial11] Epoch   4/100 | LR: 8.03e-04 | train loss 0.6127 acc 0.772 | val loss 0.6365 acc 0.730
[efficientnet_b0 trial11] Epoch   5/100 | LR: 8.03e-04 | train loss 0.6035 acc 0.786 | val loss 0.6732 acc 0.713
[efficientnet_b0 trial11] Epoch   6/100 | LR: 8.03e-04 | train loss 0.5616 acc 0.799 | val loss 0.5646 acc 0.757 *
[efficientnet_b0 trial11] Epoch   7/100 | LR: 8.03e-04 | train loss 0.6045 acc 0.767 | val loss 0.4634 acc 0.786 *
[efficientnet_b0 trial11] Epoch   8/100 | LR: 8.03e-04 | train loss 0.5291 acc 0.820 | val loss 0.4665 acc 0.815
[efficientnet_b0 trial11] Epoch   9/100 | LR: 8.03e-04 | train loss 0.4816 acc 0.827 | val loss 0.5746 acc 0.771
[efficientnet_b0 trial11] Epoch  10/100 | LR: 8.03e-04 | train loss 0.5074 acc 0.825 | val loss 0.6510 acc 0.754
[efficientnet_b0 trial11] Epoch  11/100 | LR: 8.03e-04 | train loss 0.4292 acc 0.855 | val loss 1.1177 acc 0.592
[efficientnet_b0 trial11] Epoch  12/100 | LR: 8.03e-04 | train loss 0.4611 acc 0.833 | val loss 0.4094 acc 0.809 *
[efficientnet_b0 trial11] Epoch  13/100 | LR: 8.03e-04 | train loss 0.3959 acc 0.857 | val loss 0.4691 acc 0.812
[efficientnet_b0 trial11] Epoch  14/100 | LR: 8.03e-05 | train loss 0.4504 acc 0.842 | val loss 0.4839 acc 0.789
[efficientnet_b0 trial11] Epoch  15/100 | LR: 8.03e-05 | train loss 0.3232 acc 0.889 | val loss 0.4391 acc 0.818
[efficientnet_b0 trial11] Epoch  16/100 | LR: 8.03e-05 | train loss 0.2699 acc 0.896 | val loss 0.4949 acc 0.809
[efficientnet_b0 trial11] Epoch  17/100 | LR: 8.03e-05 | train loss 0.2700 acc 0.902 | val loss 0.4711 acc 0.809
[efficientnet_b0 trial11] Epoch  18/100 | LR: 8.03e-05 | train loss 0.2179 acc 0.919 | val loss 0.4587 acc 0.824
[efficientnet_b0 trial11] Epoch  19/100 | LR: 8.03e-05 | train loss 0.2327 acc 0.925 | val loss 0.4575 acc 0.830
[efficientnet_b0 trial11] Epoch  20/100 | LR: 8.03e-05 | train loss 0.1883 acc 0.930 | val loss 0.4877 acc 0.821
[efficientnet_b0 trial11] Epoch  21/100 | LR: 8.03e-05 | train loss 0.1768 acc 0.932 | val loss 0.4846 acc 0.818
[efficientnet_b0 trial11] Epoch  22/100 | LR: 8.03e-05 | train loss 0.1909 acc 0.942 | val loss 0.4975 acc 0.836

[efficientnet_b0 trial11] No val loss improvement for 10 epochs — stopping early at epoch 22.

[efficientnet_b0 trial11] Restored best checkpoint (val loss = 0.4094)
[00:01:27] [efficientnet_b0] trial 11 finished: best val_acc=0.8094 (at val_loss=0.4094)
[I 2026-09-29 00:01:27,832] Trial 11 finished with value: 0.8093841642228738 and parameters: {'hidden_layers': 2, 'neurons': 512, 'lr': 0.000803031288692944, 'beta1': 0.5620325163532128, 'step_size': 14, 'batch_size': 48}. Best is trial 1 with value: 0.8299120234604106.
[00:01:27] [efficientnet_b0] trial 12: H=2 N=2048 lr=8.95e-04 beta1=0.716 step_size=38 batch_size=96 (micro_batch=16, accum_steps=6)
[warn] ../cnn_dataset_split_facility_test-NoordelikeWerke/aerobic_zone/test does not exist -- using an empty split.
[efficientnet_b0 trial12] Using gradient accumulation: 6 micro-batches per optimizer step (effective batch size ≈ micro_batch x 6).
[efficientnet_b0 trial12] Epoch   1/100 | LR: 8.95e-04 | train loss 0.9021 acc 0.606 | val loss 0.6028 acc 0.745 *
[efficientnet_b0 trial12] Epoch   2/100 | LR: 8.95e-04 | train loss 0.6965 acc 0.712 | val loss 0.6517 acc 0.710
[efficientnet_b0 trial12] Epoch   3/100 | LR: 8.95e-04 | train loss 0.6951 acc 0.720 | val loss 0.5942 acc 0.704 *
[efficientnet_b0 trial12] Epoch   4/100 | LR: 8.95e-04 | train loss 0.6267 acc 0.757 | val loss 0.6025 acc 0.704
[efficientnet_b0 trial12] Epoch   5/100 | LR: 8.95e-04 | train loss 0.5845 acc 0.784 | val loss 0.7249 acc 0.701
[efficientnet_b0 trial12] Epoch   6/100 | LR: 8.95e-04 | train loss 0.5577 acc 0.777 | val loss 0.5831 acc 0.762 *
[efficientnet_b0 trial12] Epoch   7/100 | LR: 8.95e-04 | train loss 0.5709 acc 0.782 | val loss 0.5052 acc 0.783 *
[efficientnet_b0 trial12] Epoch   8/100 | LR: 8.95e-04 | train loss 0.5387 acc 0.812 | val loss 0.6803 acc 0.713
[efficientnet_b0 trial12] Epoch   9/100 | LR: 8.95e-04 | train loss 0.4678 acc 0.822 | val loss 0.5756 acc 0.730
[efficientnet_b0 trial12] Epoch  10/100 | LR: 8.95e-04 | train loss 0.4429 acc 0.848 | val loss 0.4865 acc 0.798 *
[efficientnet_b0 trial12] Epoch  11/100 | LR: 8.95e-04 | train loss 0.4178 acc 0.845 | val loss 0.6506 acc 0.768
[efficientnet_b0 trial12] Epoch  12/100 | LR: 8.95e-04 | train loss 0.3681 acc 0.864 | val loss 0.4600 acc 0.827 *
[efficientnet_b0 trial12] Epoch  13/100 | LR: 8.95e-04 | train loss 0.4171 acc 0.849 | val loss 0.4471 acc 0.821 *
[efficientnet_b0 trial12] Epoch  14/100 | LR: 8.95e-04 | train loss 0.3974 acc 0.867 | val loss 0.6056 acc 0.774
[efficientnet_b0 trial12] Epoch  15/100 | LR: 8.95e-04 | train loss 0.3347 acc 0.865 | val loss 0.8041 acc 0.765
[efficientnet_b0 trial12] Epoch  16/100 | LR: 8.95e-04 | train loss 0.3498 acc 0.877 | val loss 0.7419 acc 0.748
[efficientnet_b0 trial12] Epoch  17/100 | LR: 8.95e-04 | train loss 0.3364 acc 0.892 | val loss 0.5927 acc 0.792
[efficientnet_b0 trial12] Epoch  18/100 | LR: 8.95e-04 | train loss 0.3201 acc 0.898 | val loss 0.5762 acc 0.795
[efficientnet_b0 trial12] Epoch  19/100 | LR: 8.95e-04 | train loss 0.2588 acc 0.916 | val loss 0.7012 acc 0.786
[efficientnet_b0 trial12] Epoch  20/100 | LR: 8.95e-04 | train loss 0.2911 acc 0.899 | val loss 0.6973 acc 0.751
[efficientnet_b0 trial12] Epoch  21/100 | LR: 8.95e-04 | train loss 0.2629 acc 0.909 | val loss 0.8851 acc 0.742
[efficientnet_b0 trial12] Epoch  22/100 | LR: 8.95e-04 | train loss 0.2399 acc 0.911 | val loss 0.6803 acc 0.789
[efficientnet_b0 trial12] Epoch  23/100 | LR: 8.95e-04 | train loss 0.2429 acc 0.914 | val loss 0.5092 acc 0.830

[efficientnet_b0 trial12] No val loss improvement for 10 epochs — stopping early at epoch 23.

[efficientnet_b0 trial12] Restored best checkpoint (val loss = 0.4471)
[00:04:56] [efficientnet_b0] trial 12 finished: best val_acc=0.8211 (at val_loss=0.4471)
[I 2026-09-29 00:04:56,659] Trial 12 finished with value: 0.8211143695014663 and parameters: {'hidden_layers': 2, 'neurons': 2048, 'lr': 0.0008953026715345153, 'beta1': 0.7157018427452627, 'step_size': 38, 'batch_size': 96}. Best is trial 1 with value: 0.8299120234604106.
[00:04:56] [efficientnet_b0] trial 13: H=2 N=2048 lr=4.06e-04 beta1=0.578 step_size=23 batch_size=96 (micro_batch=16, accum_steps=6)
[warn] ../cnn_dataset_split_facility_test-NoordelikeWerke/aerobic_zone/test does not exist -- using an empty split.
[efficientnet_b0 trial13] Using gradient accumulation: 6 micro-batches per optimizer step (effective batch size ≈ micro_batch x 6).
[efficientnet_b0 trial13] Epoch   1/100 | LR: 4.06e-04 | train loss 0.9052 acc 0.640 | val loss 0.6210 acc 0.739 *
[efficientnet_b0 trial13] Epoch   2/100 | LR: 4.06e-04 | train loss 0.6528 acc 0.745 | val loss 0.6366 acc 0.718
[efficientnet_b0 trial13] Epoch   3/100 | LR: 4.06e-04 | train loss 0.6327 acc 0.746 | val loss 0.5952 acc 0.721 *
[efficientnet_b0 trial13] Epoch   4/100 | LR: 4.06e-04 | train loss 0.5504 acc 0.786 | val loss 0.5515 acc 0.748 *
[efficientnet_b0 trial13] Epoch   5/100 | LR: 4.06e-04 | train loss 0.5662 acc 0.800 | val loss 0.6070 acc 0.721
[efficientnet_b0 trial13] Epoch   6/100 | LR: 4.06e-04 | train loss 0.4962 acc 0.805 | val loss 0.5109 acc 0.792 *
[efficientnet_b0 trial13] Epoch   7/100 | LR: 4.06e-04 | train loss 0.4868 acc 0.824 | val loss 0.4612 acc 0.789 *
[efficientnet_b0 trial13] Epoch   8/100 | LR: 4.06e-04 | train loss 0.4109 acc 0.849 | val loss 0.4627 acc 0.812
[efficientnet_b0 trial13] Epoch   9/100 | LR: 4.06e-04 | train loss 0.4191 acc 0.844 | val loss 0.4926 acc 0.809
[efficientnet_b0 trial13] Epoch  10/100 | LR: 4.06e-04 | train loss 0.3912 acc 0.858 | val loss 0.4971 acc 0.789
[efficientnet_b0 trial13] Epoch  11/100 | LR: 4.06e-04 | train loss 0.3700 acc 0.854 | val loss 0.4959 acc 0.812
[efficientnet_b0 trial13] Epoch  12/100 | LR: 4.06e-04 | train loss 0.3498 acc 0.882 | val loss 0.4972 acc 0.830
[efficientnet_b0 trial13] Epoch  13/100 | LR: 4.06e-04 | train loss 0.3173 acc 0.884 | val loss 0.4921 acc 0.815
[efficientnet_b0 trial13] Epoch  14/100 | LR: 4.06e-04 | train loss 0.2632 acc 0.905 | val loss 0.4728 acc 0.824
[efficientnet_b0 trial13] Epoch  15/100 | LR: 4.06e-04 | train loss 0.2796 acc 0.897 | val loss 0.7760 acc 0.742
[efficientnet_b0 trial13] Epoch  16/100 | LR: 4.06e-04 | train loss 0.3138 acc 0.888 | val loss 0.5068 acc 0.818
[efficientnet_b0 trial13] Epoch  17/100 | LR: 4.06e-04 | train loss 0.2552 acc 0.903 | val loss 0.5997 acc 0.792

[efficientnet_b0 trial13] No val loss improvement for 10 epochs — stopping early at epoch 17.

[efficientnet_b0 trial13] Restored best checkpoint (val loss = 0.4612)
[00:07:40] [efficientnet_b0] trial 13 finished: best val_acc=0.7889 (at val_loss=0.4612)
[I 2026-09-29 00:07:40,950] Trial 13 finished with value: 0.7888563049853372 and parameters: {'hidden_layers': 2, 'neurons': 2048, 'lr': 0.00040646782152631836, 'beta1': 0.5781130551084687, 'step_size': 23, 'batch_size': 96}. Best is trial 1 with value: 0.8299120234604106.
[00:07:41] [efficientnet_b0] trial 14: H=2 N=2048 lr=6.44e-04 beta1=0.746 step_size=33 batch_size=96 (micro_batch=16, accum_steps=6)
[warn] ../cnn_dataset_split_facility_test-NoordelikeWerke/aerobic_zone/test does not exist -- using an empty split.
[efficientnet_b0 trial14] Using gradient accumulation: 6 micro-batches per optimizer step (effective batch size ≈ micro_batch x 6).
[efficientnet_b0 trial14] Epoch   1/100 | LR: 6.44e-04 | train loss 0.8586 acc 0.645 | val loss 0.5854 acc 0.713 *
[efficientnet_b0 trial14] Epoch   2/100 | LR: 6.44e-04 | train loss 0.7264 acc 0.710 | val loss 0.5317 acc 0.789 *
[efficientnet_b0 trial14] Epoch   3/100 | LR: 6.44e-04 | train loss 0.6202 acc 0.765 | val loss 0.5615 acc 0.742
[efficientnet_b0 trial14] Epoch   4/100 | LR: 6.44e-04 | train loss 0.5828 acc 0.782 | val loss 0.5753 acc 0.742
[efficientnet_b0 trial14] Epoch   5/100 | LR: 6.44e-04 | train loss 0.5557 acc 0.782 | val loss 0.5539 acc 0.762
[efficientnet_b0 trial14] Epoch   6/100 | LR: 6.44e-04 | train loss 0.5402 acc 0.814 | val loss 0.4680 acc 0.806 *
[efficientnet_b0 trial14] Epoch   7/100 | LR: 6.44e-04 | train loss 0.5279 acc 0.812 | val loss 0.5172 acc 0.774
[efficientnet_b0 trial14] Epoch   8/100 | LR: 6.44e-04 | train loss 0.4725 acc 0.819 | val loss 0.6275 acc 0.762
[efficientnet_b0 trial14] Epoch   9/100 | LR: 6.44e-04 | train loss 0.4343 acc 0.843 | val loss 0.5753 acc 0.786
[efficientnet_b0 trial14] Epoch  10/100 | LR: 6.44e-04 | train loss 0.4501 acc 0.856 | val loss 0.4322 acc 0.815 *
[efficientnet_b0 trial14] Epoch  11/100 | LR: 6.44e-04 | train loss 0.4149 acc 0.851 | val loss 0.4642 acc 0.789
[efficientnet_b0 trial14] Epoch  12/100 | LR: 6.44e-04 | train loss 0.3833 acc 0.862 | val loss 0.5421 acc 0.798
[efficientnet_b0 trial14] Epoch  13/100 | LR: 6.44e-04 | train loss 0.3267 acc 0.876 | val loss 0.5851 acc 0.789
[efficientnet_b0 trial14] Epoch  14/100 | LR: 6.44e-04 | train loss 0.2969 acc 0.893 | val loss 0.7906 acc 0.792
[efficientnet_b0 trial14] Epoch  15/100 | LR: 6.44e-04 | train loss 0.3318 acc 0.890 | val loss 0.7098 acc 0.739
[efficientnet_b0 trial14] Epoch  16/100 | LR: 6.44e-04 | train loss 0.2884 acc 0.905 | val loss 0.8516 acc 0.736
[efficientnet_b0 trial14] Epoch  17/100 | LR: 6.44e-04 | train loss 0.2457 acc 0.906 | val loss 0.6376 acc 0.821
[efficientnet_b0 trial14] Epoch  18/100 | LR: 6.44e-04 | train loss 0.2899 acc 0.903 | val loss 0.5733 acc 0.830
[efficientnet_b0 trial14] Epoch  19/100 | LR: 6.44e-04 | train loss 0.2748 acc 0.899 | val loss 0.4821 acc 0.812
[efficientnet_b0 trial14] Epoch  20/100 | LR: 6.44e-04 | train loss 0.2010 acc 0.929 | val loss 0.5838 acc 0.812

[efficientnet_b0 trial14] No val loss improvement for 10 epochs — stopping early at epoch 20.

[efficientnet_b0 trial14] Restored best checkpoint (val loss = 0.4322)
[00:10:58] [efficientnet_b0] trial 14 finished: best val_acc=0.8152 (at val_loss=0.4322)
[I 2026-09-29 00:10:58,840] Trial 14 finished with value: 0.8152492668621701 and parameters: {'hidden_layers': 2, 'neurons': 2048, 'lr': 0.0006442047804461648, 'beta1': 0.746268229483163, 'step_size': 33, 'batch_size': 96}. Best is trial 1 with value: 0.8299120234604106.
[00:10:58] [efficientnet_b0] trial 15: H=2 N=1024 lr=4.22e-05 beta1=0.610 step_size=34 batch_size=96 (micro_batch=16, accum_steps=6)
[warn] ../cnn_dataset_split_facility_test-NoordelikeWerke/aerobic_zone/test does not exist -- using an empty split.
[efficientnet_b0 trial15] Using gradient accumulation: 6 micro-batches per optimizer step (effective batch size ≈ micro_batch x 6).
[efficientnet_b0 trial15] Epoch   1/100 | LR: 4.22e-05 | train loss 1.0883 acc 0.594 | val loss 1.0489 acc 0.718 *
[efficientnet_b0 trial15] Epoch   2/100 | LR: 4.22e-05 | train loss 1.0466 acc 0.674 | val loss 0.9583 acc 0.710 *
[efficientnet_b0 trial15] Epoch   3/100 | LR: 4.22e-05 | train loss 0.9401 acc 0.710 | val loss 0.7836 acc 0.754 *
[efficientnet_b0 trial15] Epoch   4/100 | LR: 4.22e-05 | train loss 0.8290 acc 0.748 | val loss 0.7037 acc 0.760 *
[efficientnet_b0 trial15] Epoch   5/100 | LR: 4.22e-05 | train loss 0.7385 acc 0.752 | val loss 0.6678 acc 0.768 *
[efficientnet_b0 trial15] Epoch   6/100 | LR: 4.22e-05 | train loss 0.6719 acc 0.760 | val loss 0.6244 acc 0.765 *
[efficientnet_b0 trial15] Epoch   7/100 | LR: 4.22e-05 | train loss 0.6369 acc 0.773 | val loss 0.5593 acc 0.762 *
[I 2026-09-29 00:12:08,277] Trial 15 pruned. 
[00:12:08] [efficientnet_b0] trial 16: H=2 N=1024 lr=5.72e-04 beta1=0.731 step_size=17 batch_size=96 (micro_batch=16, accum_steps=6)
[warn] ../cnn_dataset_split_facility_test-NoordelikeWerke/aerobic_zone/test does not exist -- using an empty split.
[efficientnet_b0 trial16] Using gradient accumulation: 6 micro-batches per optimizer step (effective batch size ≈ micro_batch x 6).
[efficientnet_b0 trial16] Epoch   1/100 | LR: 5.72e-04 | train loss 0.9211 acc 0.634 | val loss 0.6737 acc 0.710 *
[efficientnet_b0 trial16] Epoch   2/100 | LR: 5.72e-04 | train loss 0.6899 acc 0.739 | val loss 0.4863 acc 0.806 *
[efficientnet_b0 trial16] Epoch   3/100 | LR: 5.72e-04 | train loss 0.6267 acc 0.749 | val loss 0.5323 acc 0.751
[efficientnet_b0 trial16] Epoch   4/100 | LR: 5.72e-04 | train loss 0.6027 acc 0.777 | val loss 0.5469 acc 0.760
[efficientnet_b0 trial16] Epoch   5/100 | LR: 5.72e-04 | train loss 0.5383 acc 0.791 | val loss 0.5897 acc 0.792
[efficientnet_b0 trial16] Epoch   6/100 | LR: 5.72e-04 | train loss 0.5184 acc 0.793 | val loss 0.5486 acc 0.765
[efficientnet_b0 trial16] Epoch   7/100 | LR: 5.72e-04 | train loss 0.4777 acc 0.822 | val loss 0.6443 acc 0.736
[efficientnet_b0 trial16] Epoch   8/100 | LR: 5.72e-04 | train loss 0.4469 acc 0.839 | val loss 0.5803 acc 0.762
[efficientnet_b0 trial16] Epoch   9/100 | LR: 5.72e-04 | train loss 0.4453 acc 0.847 | val loss 0.6266 acc 0.751
[efficientnet_b0 trial16] Epoch  10/100 | LR: 5.72e-04 | train loss 0.4415 acc 0.834 | val loss 0.5355 acc 0.777
[efficientnet_b0 trial16] Epoch  11/100 | LR: 5.72e-04 | train loss 0.3493 acc 0.876 | val loss 0.6648 acc 0.789
[efficientnet_b0 trial16] Epoch  12/100 | LR: 5.72e-04 | train loss 0.3298 acc 0.884 | val loss 0.7466 acc 0.730

[efficientnet_b0 trial16] No val loss improvement for 10 epochs — stopping early at epoch 12.

[efficientnet_b0 trial16] Restored best checkpoint (val loss = 0.4863)
[00:14:07] [efficientnet_b0] trial 16 finished: best val_acc=0.8065 (at val_loss=0.4863)
[I 2026-09-29 00:14:07,915] Trial 16 finished with value: 0.8064516129032258 and parameters: {'hidden_layers': 2, 'neurons': 1024, 'lr': 0.0005724681132539335, 'beta1': 0.7314280304390219, 'step_size': 17, 'batch_size': 96}. Best is trial 1 with value: 0.8299120234604106.
[00:14:08] [efficientnet_b0] trial 17: H=2 N=512 lr=2.94e-03 beta1=0.567 step_size=34 batch_size=96 (micro_batch=16, accum_steps=6)
[warn] ../cnn_dataset_split_facility_test-NoordelikeWerke/aerobic_zone/test does not exist -- using an empty split.
[efficientnet_b0 trial17] Using gradient accumulation: 6 micro-batches per optimizer step (effective batch size ≈ micro_batch x 6).
[efficientnet_b0 trial17] Epoch   1/100 | LR: 2.94e-03 | train loss 0.9838 acc 0.549 | val loss 0.8840 acc 0.633 *
[efficientnet_b0 trial17] Epoch   2/100 | LR: 2.94e-03 | train loss 0.8950 acc 0.644 | val loss 0.8229 acc 0.610 *
[efficientnet_b0 trial17] Epoch   3/100 | LR: 2.94e-03 | train loss 0.8775 acc 0.687 | val loss 0.7345 acc 0.765 *
[efficientnet_b0 trial17] Epoch   4/100 | LR: 2.94e-03 | train loss 0.8018 acc 0.715 | val loss 0.5804 acc 0.783 *
[efficientnet_b0 trial17] Epoch   5/100 | LR: 2.94e-03 | train loss 0.7623 acc 0.699 | val loss 0.7662 acc 0.707
[efficientnet_b0 trial17] Epoch   6/100 | LR: 2.94e-03 | train loss 0.7459 acc 0.699 | val loss 0.6692 acc 0.730
[efficientnet_b0 trial17] Epoch   7/100 | LR: 2.94e-03 | train loss 0.7315 acc 0.723 | val loss 0.7176 acc 0.692
[efficientnet_b0 trial17] Epoch   8/100 | LR: 2.94e-03 | train loss 0.6607 acc 0.757 | val loss 0.6463 acc 0.683
[efficientnet_b0 trial17] Epoch   9/100 | LR: 2.94e-03 | train loss 0.6715 acc 0.725 | val loss 0.5226 acc 0.801 *
[efficientnet_b0 trial17] Epoch  10/100 | LR: 2.94e-03 | train loss 0.6219 acc 0.763 | val loss 0.5375 acc 0.751
[efficientnet_b0 trial17] Epoch  11/100 | LR: 2.94e-03 | train loss 0.6144 acc 0.756 | val loss 0.6798 acc 0.704
[efficientnet_b0 trial17] Epoch  12/100 | LR: 2.94e-03 | train loss 0.5901 acc 0.761 | val loss 0.4615 acc 0.748 *
[efficientnet_b0 trial17] Epoch  13/100 | LR: 2.94e-03 | train loss 0.6016 acc 0.762 | val loss 0.4745 acc 0.789
[efficientnet_b0 trial17] Epoch  14/100 | LR: 2.94e-03 | train loss 0.5809 acc 0.783 | val loss 0.7979 acc 0.666
[efficientnet_b0 trial17] Epoch  15/100 | LR: 2.94e-03 | train loss 0.6058 acc 0.748 | val loss 0.5235 acc 0.748
[efficientnet_b0 trial17] Epoch  16/100 | LR: 2.94e-03 | train loss 0.6142 acc 0.752 | val loss 0.6131 acc 0.765
[efficientnet_b0 trial17] Epoch  17/100 | LR: 2.94e-03 | train loss 0.5632 acc 0.785 | val loss 0.5538 acc 0.777
[efficientnet_b0 trial17] Epoch  18/100 | LR: 2.94e-03 | train loss 0.5304 acc 0.800 | val loss 0.8188 acc 0.604
[efficientnet_b0 trial17] Epoch  19/100 | LR: 2.94e-03 | train loss 0.5396 acc 0.800 | val loss 0.5363 acc 0.774
[efficientnet_b0 trial17] Epoch  20/100 | LR: 2.94e-03 | train loss 0.5091 acc 0.811 | val loss 0.6825 acc 0.736
[efficientnet_b0 trial17] Epoch  21/100 | LR: 2.94e-03 | train loss 0.5418 acc 0.809 | val loss 0.7290 acc 0.698
[efficientnet_b0 trial17] Epoch  22/100 | LR: 2.94e-03 | train loss 0.4887 acc 0.817 | val loss 0.5565 acc 0.748

[efficientnet_b0 trial17] No val loss improvement for 10 epochs — stopping early at epoch 22.

[efficientnet_b0 trial17] Restored best checkpoint (val loss = 0.4615)
[00:17:48] [efficientnet_b0] trial 17 finished: best val_acc=0.7478 (at val_loss=0.4615)
[I 2026-09-29 00:17:48,693] Trial 17 finished with value: 0.7478005865102639 and parameters: {'hidden_layers': 2, 'neurons': 512, 'lr': 0.0029396811346922526, 'beta1': 0.5667730813435599, 'step_size': 34, 'batch_size': 96}. Best is trial 1 with value: 0.8299120234604106.
[00:17:48] [efficientnet_b0] trial 18: H=2 N=2048 lr=8.30e-03 beta1=0.774 step_size=22 batch_size=128 (micro_batch=16, accum_steps=8)
[warn] ../cnn_dataset_split_facility_test-NoordelikeWerke/aerobic_zone/test does not exist -- using an empty split.
[efficientnet_b0 trial18] Using gradient accumulation: 8 micro-batches per optimizer step (effective batch size ≈ micro_batch x 8).
[efficientnet_b0 trial18] Epoch   1/100 | LR: 8.30e-03 | train loss 19.3360 acc 0.392 | val loss 3.7862 acc 0.411 *
[efficientnet_b0 trial18] Epoch   2/100 | LR: 8.30e-03 | train loss 1.1325 acc 0.398 | val loss 1.0916 acc 0.431 *
[efficientnet_b0 trial18] Epoch   3/100 | LR: 8.30e-03 | train loss 1.0910 acc 0.454 | val loss 1.0622 acc 0.572 *
[efficientnet_b0 trial18] Epoch   4/100 | LR: 8.30e-03 | train loss 1.0300 acc 0.571 | val loss 1.0390 acc 0.540 *
[efficientnet_b0 trial18] Epoch   5/100 | LR: 8.30e-03 | train loss 0.9489 acc 0.610 | val loss 0.7655 acc 0.686 *
[I 2026-09-29 00:18:39,474] Trial 18 pruned. 
[00:18:39] [efficientnet_b0] trial 19: H=0 N=2048 lr=3.69e-03 beta1=0.827 step_size=35 batch_size=96 (micro_batch=16, accum_steps=6)
[warn] ../cnn_dataset_split_facility_test-NoordelikeWerke/aerobic_zone/test does not exist -- using an empty split.
[efficientnet_b0 trial19] Using gradient accumulation: 6 micro-batches per optimizer step (effective batch size ≈ micro_batch x 6).
[efficientnet_b0 trial19] Epoch   1/100 | LR: 3.69e-03 | train loss 0.9853 acc 0.601 | val loss 0.8158 acc 0.575 *
[efficientnet_b0 trial19] Epoch   2/100 | LR: 3.69e-03 | train loss 0.8079 acc 0.662 | val loss 0.7242 acc 0.630 *
[efficientnet_b0 trial19] Epoch   3/100 | LR: 3.69e-03 | train loss 0.7378 acc 0.700 | val loss 0.5988 acc 0.739 *
[efficientnet_b0 trial19] Epoch   4/100 | LR: 3.69e-03 | train loss 0.7741 acc 0.683 | val loss 0.6270 acc 0.751
[efficientnet_b0 trial19] Epoch   5/100 | LR: 3.69e-03 | train loss 0.6697 acc 0.752 | val loss 0.5343 acc 0.698 *
[efficientnet_b0 trial19] Epoch   6/100 | LR: 3.69e-03 | train loss 0.6558 acc 0.742 | val loss 0.5508 acc 0.751
[efficientnet_b0 trial19] Epoch   7/100 | LR: 3.69e-03 | train loss 0.6467 acc 0.745 | val loss 0.6722 acc 0.654
[I 2026-09-29 00:19:48,718] Trial 19 pruned. 
[00:19:48] === efficientnet_b0 done: 14 completed, 6 pruned. Best trial #1: val_acc=0.8299 params={'hidden_layers': 2, 'neurons': 2048, 'lr': 0.0013826232179369874, 'beta1': 0.5996372172970215, 'step_size': 23, 'batch_size': 96} ===
[00:19:48] Saved tuned hyperparameters for efficientnet_b0 to tuned_hyperparams_aerobic_zone.json
[00:19:48] [efficientnet_b0] finished in 65.6 min
[00:19:48] All requested architectures tuned in 65.6 min total.
Using device: cuda
Test set ID (derived from DATASET_ROOT): NoordelikeWerke
Train-time augmentation: on
[warn] ../cnn_dataset_split_facility_test-NoordelikeWerke/aerobic_zone/test does not exist -- using an empty split.
Classes found (3): ['Dysfunctional', 'Functional', 'Suboptimal']
Train: 1402 | Val: 341 | Test: 0
[00:24:51] Dataset root: ../cnn_dataset_split_facility_test-NoordelikeWerke  Component: aerobic_zone
[00:24:51] Architectures to tune (1): ['densenet121']
[00:24:51] Trials per architecture: 20
[I 2026-09-29 00:24:51,799] A new study created in RDB with name: aerobic_zone_densenet121_tune
[00:24:51] === densenet121: 0/20 trials already recorded, 20 remaining, img_size=(112, 224) ===
[00:24:51] [densenet121] trial 0: H=1 N=512 lr=2.92e-03 beta1=0.800 step_size=30 batch_size=16 (micro_batch=16, accum_steps=1)
[warn] ../cnn_dataset_split_facility_test-NoordelikeWerke/aerobic_zone/test does not exist -- using an empty split.
Using device: cuda
Test set ID (derived from DATASET_ROOT): NoordelikeWerke
Train-time augmentation: on
[warn] ../cnn_dataset_split_facility_test-NoordelikeWerke/aerobic_zone/test does not exist -- using an empty split.
Classes found (3): ['Dysfunctional', 'Functional', 'Suboptimal']
Train: 1402 | Val: 341 | Test: 0
[densenet121 trial0] Epoch   1/100 | LR: 2.92e-03 | train loss 1.1824 acc 0.366 | val loss 1.0707 acc 0.264 *
[densenet121 trial0] Epoch   2/100 | LR: 2.92e-03 | train loss 1.0670 acc 0.512 | val loss 1.0595 acc 0.534 *
[densenet121 trial0] Epoch   3/100 | LR: 2.92e-03 | train loss 1.1015 acc 0.454 | val loss 1.0325 acc 0.528 *
[densenet121 trial0] Epoch   4/100 | LR: 2.92e-03 | train loss 1.0708 acc 0.548 | val loss 0.9577 acc 0.601 *
[densenet121 trial0] Epoch   5/100 | LR: 2.92e-03 | train loss 1.0769 acc 0.544 | val loss 1.0463 acc 0.543
[densenet121 trial0] Epoch   6/100 | LR: 2.92e-03 | train loss 1.0380 acc 0.565 | val loss 0.9413 acc 0.645 *
[densenet121 trial0] Epoch   7/100 | LR: 2.92e-03 | train loss 0.9971 acc 0.618 | val loss 0.9512 acc 0.628
[densenet121 trial0] Epoch   8/100 | LR: 2.92e-03 | train loss 0.9805 acc 0.637 | val loss 0.8825 acc 0.660 *
[densenet121 trial0] Epoch   9/100 | LR: 2.92e-03 | train loss 0.9638 acc 0.641 | val loss 0.9700 acc 0.589
[densenet121 trial0] Epoch  10/100 | LR: 2.92e-03 | train loss 0.9644 acc 0.649 | val loss 2.8259 acc 0.616
[densenet121 trial0] Epoch  11/100 | LR: 2.92e-03 | train loss 0.9404 acc 0.653 | val loss 0.8075 acc 0.713 *
[densenet121 trial0] Epoch  12/100 | LR: 2.92e-03 | train loss 0.9381 acc 0.650 | val loss 0.8297 acc 0.642
[densenet121 trial0] Epoch  13/100 | LR: 2.92e-03 | train loss 0.9089 acc 0.683 | val loss 0.7543 acc 0.716 *
[densenet121 trial0] Epoch  14/100 | LR: 2.92e-03 | train loss 0.8908 acc 0.641 | val loss 0.8421 acc 0.654
[densenet121 trial0] Epoch  15/100 | LR: 2.92e-03 | train loss 0.8577 acc 0.717 | val loss 0.7078 acc 0.716 *
[densenet121 trial0] Epoch  16/100 | LR: 2.92e-03 | train loss 0.8488 acc 0.675 | val loss 0.8571 acc 0.654
[densenet121 trial0] Epoch  17/100 | LR: 2.92e-03 | train loss 0.8656 acc 0.664 | val loss 0.8001 acc 0.663
[densenet121 trial0] Epoch  18/100 | LR: 2.92e-03 | train loss 0.8598 acc 0.666 | val loss 0.9130 acc 0.598
[densenet121 trial0] Epoch  19/100 | LR: 2.92e-03 | train loss 0.8463 acc 0.643 | val loss 1.1275 acc 0.595
[densenet121 trial0] Epoch  20/100 | LR: 2.92e-03 | train loss 0.8747 acc 0.658 | val loss 0.7511 acc 0.680
[densenet121 trial0] Epoch  21/100 | LR: 2.92e-03 | train loss 0.8326 acc 0.662 | val loss 0.8451 acc 0.619
[densenet121 trial0] Epoch  22/100 | LR: 2.92e-03 | train loss 0.8510 acc 0.650 | val loss 0.8001 acc 0.595
[densenet121 trial0] Epoch  23/100 | LR: 2.92e-03 | train loss 0.8220 acc 0.662 | val loss 0.7418 acc 0.651
[densenet121 trial0] Epoch  24/100 | LR: 2.92e-03 | train loss 0.8542 acc 0.633 | val loss 0.8562 acc 0.613
[densenet121 trial0] Epoch  25/100 | LR: 2.92e-03 | train loss 0.8315 acc 0.653 | val loss 0.7963 acc 0.625

[densenet121 trial0] No val loss improvement for 10 epochs — stopping early at epoch 25.

[densenet121 trial0] Restored best checkpoint (val loss = 0.7078)
[00:28:39] [densenet121] trial 0 finished: best val_acc=0.7155 (at val_loss=0.7078)
[I 2026-09-29 00:28:39,715] Trial 0 finished with value: 0.7155425219941349 and parameters: {'hidden_layers': 1, 'neurons': 512, 'lr': 0.0029154431891537554, 'beta1': 0.7999563908598613, 'step_size': 30, 'batch_size': 16}. Best is trial 0 with value: 0.7155425219941349.
[00:28:39] [densenet121] trial 1: H=2 N=2048 lr=1.38e-03 beta1=0.600 step_size=23 batch_size=96 (micro_batch=16, accum_steps=6)
[warn] ../cnn_dataset_split_facility_test-NoordelikeWerke/aerobic_zone/test does not exist -- using an empty split.
[densenet121 trial1] Using gradient accumulation: 6 micro-batches per optimizer step (effective batch size ≈ micro_batch x 6).
[densenet121 trial1] Epoch   1/100 | LR: 1.38e-03 | train loss 1.3904 acc 0.537 | val loss 0.8355 acc 0.595 *
[densenet121 trial1] Epoch   2/100 | LR: 1.38e-03 | train loss 0.8557 acc 0.673 | val loss 0.8398 acc 0.721
[densenet121 trial1] Epoch   3/100 | LR: 1.38e-03 | train loss 0.8169 acc 0.671 | val loss 0.7395 acc 0.683 *
[densenet121 trial1] Epoch   4/100 | LR: 1.38e-03 | train loss 0.7950 acc 0.694 | val loss 0.9058 acc 0.663
[densenet121 trial1] Epoch   5/100 | LR: 1.38e-03 | train loss 0.7339 acc 0.732 | val loss 0.6614 acc 0.686 *
[densenet121 trial1] Epoch   6/100 | LR: 1.38e-03 | train loss 0.7580 acc 0.685 | val loss 0.5950 acc 0.760 *
[densenet121 trial1] Epoch   7/100 | LR: 1.38e-03 | train loss 0.7641 acc 0.704 | val loss 0.8091 acc 0.572
[densenet121 trial1] Epoch   8/100 | LR: 1.38e-03 | train loss 0.6947 acc 0.718 | val loss 0.6590 acc 0.683
[densenet121 trial1] Epoch   9/100 | LR: 1.38e-03 | train loss 0.6587 acc 0.758 | val loss 0.6834 acc 0.674
[densenet121 trial1] Epoch  10/100 | LR: 1.38e-03 | train loss 0.6384 acc 0.752 | val loss 0.5466 acc 0.733 *
[densenet121 trial1] Epoch  11/100 | LR: 1.38e-03 | train loss 0.6641 acc 0.722 | val loss 0.5808 acc 0.733
[densenet121 trial1] Epoch  12/100 | LR: 1.38e-03 | train loss 0.6354 acc 0.763 | val loss 0.5986 acc 0.736
[densenet121 trial1] Epoch  13/100 | LR: 1.38e-03 | train loss 0.6306 acc 0.737 | val loss 0.7377 acc 0.660
[densenet121 trial1] Epoch  14/100 | LR: 1.38e-03 | train loss 0.6480 acc 0.736 | val loss 0.4798 acc 0.795 *
[densenet121 trial1] Epoch  15/100 | LR: 1.38e-03 | train loss 0.6115 acc 0.763 | val loss 0.6040 acc 0.748
[densenet121 trial1] Epoch  16/100 | LR: 1.38e-03 | train loss 0.6212 acc 0.750 | val loss 0.6157 acc 0.771
[densenet121 trial1] Epoch  17/100 | LR: 1.38e-03 | train loss 0.5889 acc 0.770 | val loss 0.5455 acc 0.757
[densenet121 trial1] Epoch  18/100 | LR: 1.38e-03 | train loss 0.5992 acc 0.752 | val loss 0.4799 acc 0.809
[densenet121 trial1] Epoch  19/100 | LR: 1.38e-03 | train loss 0.5684 acc 0.752 | val loss 0.6800 acc 0.648
[densenet121 trial1] Epoch  20/100 | LR: 1.38e-03 | train loss 0.5820 acc 0.745 | val loss 0.5691 acc 0.724
[densenet121 trial1] Epoch  21/100 | LR: 1.38e-03 | train loss 0.5787 acc 0.761 | val loss 0.5906 acc 0.733
[densenet121 trial1] Epoch  22/100 | LR: 1.38e-03 | train loss 0.5899 acc 0.770 | val loss 0.5722 acc 0.745
[densenet121 trial1] Epoch  23/100 | LR: 1.38e-04 | train loss 0.5823 acc 0.753 | val loss 0.4951 acc 0.806
[densenet121 trial1] Epoch  24/100 | LR: 1.38e-04 | train loss 0.4737 acc 0.790 | val loss 0.5088 acc 0.801

[densenet121 trial1] No val loss improvement for 10 epochs — stopping early at epoch 24.

[densenet121 trial1] Restored best checkpoint (val loss = 0.4798)
[00:32:16] [densenet121] trial 1 finished: best val_acc=0.7947 (at val_loss=0.4798)
[I 2026-09-29 00:32:16,984] Trial 1 finished with value: 0.7947214076246334 and parameters: {'hidden_layers': 2, 'neurons': 2048, 'lr': 0.0013826232179369874, 'beta1': 0.5996372172970215, 'step_size': 23, 'batch_size': 96}. Best is trial 1 with value: 0.7947214076246334.
[00:32:17] [densenet121] trial 2: H=2 N=1024 lr=4.34e-03 beta1=0.629 step_size=28 batch_size=48 (micro_batch=16, accum_steps=3)
[warn] ../cnn_dataset_split_facility_test-NoordelikeWerke/aerobic_zone/test does not exist -- using an empty split.
[densenet121 trial2] Using gradient accumulation: 3 micro-batches per optimizer step (effective batch size ≈ micro_batch x 3).
[densenet121 trial2] Epoch   1/100 | LR: 4.34e-03 | train loss 3.6963 acc 0.349 | val loss 1.1065 acc 0.144 *
[densenet121 trial2] Epoch   2/100 | LR: 4.34e-03 | train loss 1.1015 acc 0.427 | val loss 1.0888 acc 0.449 *
[densenet121 trial2] Epoch   3/100 | LR: 4.34e-03 | train loss 1.0957 acc 0.460 | val loss 1.0743 acc 0.522 *
[densenet121 trial2] Epoch   4/100 | LR: 4.34e-03 | train loss 1.0968 acc 0.478 | val loss 1.0501 acc 0.589 *
[densenet121 trial2] Epoch   5/100 | LR: 4.34e-03 | train loss 1.1083 acc 0.484 | val loss 1.0385 acc 0.630 *
[densenet121 trial2] Epoch   6/100 | LR: 4.34e-03 | train loss 1.0765 acc 0.573 | val loss 1.6127 acc 0.507
[densenet121 trial2] Epoch   7/100 | LR: 4.34e-03 | train loss 1.0107 acc 0.643 | val loss 0.9842 acc 0.619 *
[densenet121 trial2] Epoch   8/100 | LR: 4.34e-03 | train loss 0.9954 acc 0.615 | val loss 0.8570 acc 0.692 *
[densenet121 trial2] Epoch   9/100 | LR: 4.34e-03 | train loss 1.0360 acc 0.582 | val loss 1.0080 acc 0.613
[densenet121 trial2] Epoch  10/100 | LR: 4.34e-03 | train loss 1.0606 acc 0.586 | val loss 0.9087 acc 0.680
[densenet121 trial2] Epoch  11/100 | LR: 4.34e-03 | train loss 1.0272 acc 0.568 | val loss 1.7034 acc 0.457
[densenet121 trial2] Epoch  12/100 | LR: 4.34e-03 | train loss 1.1429 acc 0.451 | val loss 1.0963 acc 0.469
[densenet121 trial2] Epoch  13/100 | LR: 4.34e-03 | train loss 1.0818 acc 0.536 | val loss 1.0317 acc 0.610
[densenet121 trial2] Epoch  14/100 | LR: 4.34e-03 | train loss 1.0382 acc 0.588 | val loss 0.9210 acc 0.689
[densenet121 trial2] Epoch  15/100 | LR: 4.34e-03 | train loss 1.0043 acc 0.612 | val loss 0.8846 acc 0.642
[densenet121 trial2] Epoch  16/100 | LR: 4.34e-03 | train loss 0.9670 acc 0.648 | val loss 0.9692 acc 0.607
[densenet121 trial2] Epoch  17/100 | LR: 4.34e-03 | train loss 0.9247 acc 0.646 | val loss 0.8078 acc 0.677 *
[densenet121 trial2] Epoch  18/100 | LR: 4.34e-03 | train loss 0.9212 acc 0.668 | val loss 0.9228 acc 0.622
[densenet121 trial2] Epoch  19/100 | LR: 4.34e-03 | train loss 0.8806 acc 0.685 | val loss 0.6925 acc 0.716 *
[densenet121 trial2] Epoch  20/100 | LR: 4.34e-03 | train loss 0.8875 acc 0.655 | val loss 0.7699 acc 0.683
[densenet121 trial2] Epoch  21/100 | LR: 4.34e-03 | train loss 0.8516 acc 0.691 | val loss 0.7439 acc 0.686
[densenet121 trial2] Epoch  22/100 | LR: 4.34e-03 | train loss 0.8959 acc 0.655 | val loss 0.7884 acc 0.666
[densenet121 trial2] Epoch  23/100 | LR: 4.34e-03 | train loss 0.8965 acc 0.631 | val loss 0.6971 acc 0.710
[densenet121 trial2] Epoch  24/100 | LR: 4.34e-03 | train loss 0.8690 acc 0.656 | val loss 1.0372 acc 0.622
[densenet121 trial2] Epoch  25/100 | LR: 4.34e-03 | train loss 0.8375 acc 0.676 | val loss 1.0242 acc 0.630
[densenet121 trial2] Epoch  26/100 | LR: 4.34e-03 | train loss 0.8251 acc 0.678 | val loss 0.6520 acc 0.721 *
[densenet121 trial2] Epoch  27/100 | LR: 4.34e-03 | train loss 0.8392 acc 0.655 | val loss 0.6977 acc 0.727
[densenet121 trial2] Epoch  28/100 | LR: 4.34e-04 | train loss 0.8564 acc 0.659 | val loss 0.7816 acc 0.642
[densenet121 trial2] Epoch  29/100 | LR: 4.34e-04 | train loss 0.8240 acc 0.646 | val loss 0.6315 acc 0.730 *
[densenet121 trial2] Epoch  30/100 | LR: 4.34e-04 | train loss 0.7600 acc 0.711 | val loss 0.5980 acc 0.739 *
[densenet121 trial2] Epoch  31/100 | LR: 4.34e-04 | train loss 0.7744 acc 0.708 | val loss 0.5915 acc 0.751 *
[densenet121 trial2] Epoch  32/100 | LR: 4.34e-04 | train loss 0.7728 acc 0.703 | val loss 0.6099 acc 0.760
[densenet121 trial2] Epoch  33/100 | LR: 4.34e-04 | train loss 0.7516 acc 0.703 | val loss 0.5951 acc 0.745
[densenet121 trial2] Epoch  34/100 | LR: 4.34e-04 | train loss 0.7409 acc 0.720 | val loss 0.5896 acc 0.742 *
[densenet121 trial2] Epoch  35/100 | LR: 4.34e-04 | train loss 0.7384 acc 0.710 | val loss 0.6112 acc 0.727
[densenet121 trial2] Epoch  36/100 | LR: 4.34e-04 | train loss 0.7355 acc 0.711 | val loss 0.6130 acc 0.707
[densenet121 trial2] Epoch  37/100 | LR: 4.34e-04 | train loss 0.7374 acc 0.688 | val loss 0.6310 acc 0.713
[densenet121 trial2] Epoch  38/100 | LR: 4.34e-04 | train loss 0.7287 acc 0.705 | val loss 0.6112 acc 0.713
[densenet121 trial2] Epoch  39/100 | LR: 4.34e-04 | train loss 0.7251 acc 0.699 | val loss 0.5986 acc 0.724
[densenet121 trial2] Epoch  40/100 | LR: 4.34e-04 | train loss 0.7228 acc 0.710 | val loss 0.6039 acc 0.718
[densenet121 trial2] Epoch  41/100 | LR: 4.34e-04 | train loss 0.7063 acc 0.707 | val loss 0.6238 acc 0.707
[densenet121 trial2] Epoch  42/100 | LR: 4.34e-04 | train loss 0.7329 acc 0.687 | val loss 0.5903 acc 0.727
[densenet121 trial2] Epoch  43/100 | LR: 4.34e-04 | train loss 0.7163 acc 0.688 | val loss 0.6086 acc 0.724
[densenet121 trial2] Epoch  44/100 | LR: 4.34e-04 | train loss 0.7106 acc 0.701 | val loss 0.6234 acc 0.692

[densenet121 trial2] No val loss improvement for 10 epochs — stopping early at epoch 44.

[densenet121 trial2] Restored best checkpoint (val loss = 0.5896)
[00:38:57] [densenet121] trial 2 finished: best val_acc=0.7419 (at val_loss=0.5896)
[I 2026-09-29 00:38:57,500] Trial 2 finished with value: 0.7419354838709677 and parameters: {'hidden_layers': 2, 'neurons': 1024, 'lr': 0.004337920697490943, 'beta1': 0.6291312108184084, 'step_size': 28, 'batch_size': 48}. Best is trial 1 with value: 0.7947214076246334.
[00:38:57] [densenet121] trial 3: H=1 N=2048 lr=1.22e-05 beta1=0.914 step_size=17 batch_size=64 (micro_batch=16, accum_steps=4)
[warn] ../cnn_dataset_split_facility_test-NoordelikeWerke/aerobic_zone/test does not exist -- using an empty split.
[densenet121 trial3] Using gradient accumulation: 4 micro-batches per optimizer step (effective batch size ≈ micro_batch x 4).
[densenet121 trial3] Epoch   1/100 | LR: 1.22e-05 | train loss 1.0570 acc 0.569 | val loss 0.9787 acc 0.666 *
[densenet121 trial3] Epoch   2/100 | LR: 1.22e-05 | train loss 0.9813 acc 0.670 | val loss 0.9143 acc 0.704 *
[densenet121 trial3] Epoch   3/100 | LR: 1.22e-05 | train loss 0.9158 acc 0.723 | val loss 0.8455 acc 0.716 *
[densenet121 trial3] Epoch   4/100 | LR: 1.22e-05 | train loss 0.8597 acc 0.723 | val loss 0.8006 acc 0.730 *
[densenet121 trial3] Epoch   5/100 | LR: 1.22e-05 | train loss 0.8043 acc 0.740 | val loss 0.7558 acc 0.742 *
[densenet121 trial3] Epoch   6/100 | LR: 1.22e-05 | train loss 0.7608 acc 0.752 | val loss 0.6840 acc 0.760 *
[densenet121 trial3] Epoch   7/100 | LR: 1.22e-05 | train loss 0.7272 acc 0.759 | val loss 0.6880 acc 0.683
[densenet121 trial3] Epoch   8/100 | LR: 1.22e-05 | train loss 0.6805 acc 0.770 | val loss 0.6500 acc 0.710 *
[densenet121 trial3] Epoch   9/100 | LR: 1.22e-05 | train loss 0.6522 acc 0.764 | val loss 0.6064 acc 0.742 *
[densenet121 trial3] Epoch  10/100 | LR: 1.22e-05 | train loss 0.6174 acc 0.788 | val loss 0.5952 acc 0.751 *
[densenet121 trial3] Epoch  11/100 | LR: 1.22e-05 | train loss 0.6222 acc 0.772 | val loss 0.5719 acc 0.754 *
[densenet121 trial3] Epoch  12/100 | LR: 1.22e-05 | train loss 0.5850 acc 0.786 | val loss 0.5786 acc 0.742
[densenet121 trial3] Epoch  13/100 | LR: 1.22e-05 | train loss 0.5776 acc 0.790 | val loss 0.5656 acc 0.748 *
[densenet121 trial3] Epoch  14/100 | LR: 1.22e-05 | train loss 0.5486 acc 0.810 | val loss 0.5362 acc 0.765 *
[densenet121 trial3] Epoch  15/100 | LR: 1.22e-05 | train loss 0.5392 acc 0.803 | val loss 0.5691 acc 0.739
[densenet121 trial3] Epoch  16/100 | LR: 1.22e-05 | train loss 0.5417 acc 0.790 | val loss 0.5606 acc 0.733
[densenet121 trial3] Epoch  17/100 | LR: 1.22e-06 | train loss 0.5276 acc 0.802 | val loss 0.5245 acc 0.751 *
[densenet121 trial3] Epoch  18/100 | LR: 1.22e-06 | train loss 0.5079 acc 0.807 | val loss 0.5135 acc 0.768 *
[densenet121 trial3] Epoch  19/100 | LR: 1.22e-06 | train loss 0.5109 acc 0.808 | val loss 0.5095 acc 0.765 *
[densenet121 trial3] Epoch  20/100 | LR: 1.22e-06 | train loss 0.5080 acc 0.810 | val loss 0.5562 acc 0.748
[densenet121 trial3] Epoch  21/100 | LR: 1.22e-06 | train loss 0.4910 acc 0.830 | val loss 0.5343 acc 0.757
[densenet121 trial3] Epoch  22/100 | LR: 1.22e-06 | train loss 0.4935 acc 0.825 | val loss 0.5294 acc 0.762
[densenet121 trial3] Epoch  23/100 | LR: 1.22e-06 | train loss 0.5126 acc 0.805 | val loss 0.5568 acc 0.751
[densenet121 trial3] Epoch  24/100 | LR: 1.22e-06 | train loss 0.4719 acc 0.815 | val loss 0.5286 acc 0.754
[densenet121 trial3] Epoch  25/100 | LR: 1.22e-06 | train loss 0.4871 acc 0.822 | val loss 0.5200 acc 0.760
[densenet121 trial3] Epoch  26/100 | LR: 1.22e-06 | train loss 0.5015 acc 0.797 | val loss 0.5082 acc 0.768 *
[densenet121 trial3] Epoch  27/100 | LR: 1.22e-06 | train loss 0.4987 acc 0.827 | val loss 0.5322 acc 0.748
[densenet121 trial3] Epoch  28/100 | LR: 1.22e-06 | train loss 0.5037 acc 0.823 | val loss 0.5272 acc 0.754
[densenet121 trial3] Epoch  29/100 | LR: 1.22e-06 | train loss 0.4837 acc 0.825 | val loss 0.5235 acc 0.745
[densenet121 trial3] Epoch  30/100 | LR: 1.22e-06 | train loss 0.4862 acc 0.837 | val loss 0.5496 acc 0.739
[densenet121 trial3] Epoch  31/100 | LR: 1.22e-06 | train loss 0.4848 acc 0.822 | val loss 0.5043 acc 0.771 *
[densenet121 trial3] Epoch  32/100 | LR: 1.22e-06 | train loss 0.4923 acc 0.823 | val loss 0.5267 acc 0.754
[densenet121 trial3] Epoch  33/100 | LR: 1.22e-06 | train loss 0.5470 acc 0.803 | val loss 0.5188 acc 0.762
[densenet121 trial3] Epoch  34/100 | LR: 1.22e-07 | train loss 0.4706 acc 0.824 | val loss 0.5311 acc 0.757
[densenet121 trial3] Epoch  35/100 | LR: 1.22e-07 | train loss 0.4987 acc 0.828 | val loss 0.5107 acc 0.780
[densenet121 trial3] Epoch  36/100 | LR: 1.22e-07 | train loss 0.5023 acc 0.815 | val loss 0.5511 acc 0.736
[densenet121 trial3] Epoch  37/100 | LR: 1.22e-07 | train loss 0.5210 acc 0.805 | val loss 0.5204 acc 0.762
[densenet121 trial3] Epoch  38/100 | LR: 1.22e-07 | train loss 0.5125 acc 0.802 | val loss 0.5325 acc 0.760
[densenet121 trial3] Epoch  39/100 | LR: 1.22e-07 | train loss 0.4800 acc 0.821 | val loss 0.5421 acc 0.748
[densenet121 trial3] Epoch  40/100 | LR: 1.22e-07 | train loss 0.4894 acc 0.819 | val loss 0.5383 acc 0.748
[densenet121 trial3] Epoch  41/100 | LR: 1.22e-07 | train loss 0.4813 acc 0.825 | val loss 0.5319 acc 0.765

[densenet121 trial3] No val loss improvement for 10 epochs — stopping early at epoch 41.

[densenet121 trial3] Restored best checkpoint (val loss = 0.5043)
[00:45:06] [densenet121] trial 3 finished: best val_acc=0.7713 (at val_loss=0.5043)
[I 2026-09-29 00:45:06,351] Trial 3 finished with value: 0.7712609970674487 and parameters: {'hidden_layers': 1, 'neurons': 2048, 'lr': 1.2172958098369984e-05, 'beta1': 0.9135400170668128, 'step_size': 17, 'batch_size': 64}. Best is trial 1 with value: 0.7947214076246334.
[00:45:06] [densenet121] trial 4: H=1 N=512 lr=2.91e-06 beta1=0.931 step_size=27 batch_size=96 (micro_batch=16, accum_steps=6)
[warn] ../cnn_dataset_split_facility_test-NoordelikeWerke/aerobic_zone/test does not exist -- using an empty split.
[densenet121 trial4] Using gradient accumulation: 6 micro-batches per optimizer step (effective batch size ≈ micro_batch x 6).
[densenet121 trial4] Epoch   1/100 | LR: 2.91e-06 | train loss 1.1273 acc 0.412 | val loss 1.0407 acc 0.422 *
[densenet121 trial4] Epoch   2/100 | LR: 2.91e-06 | train loss 1.1120 acc 0.456 | val loss 1.0327 acc 0.490 *
[densenet121 trial4] Epoch   3/100 | LR: 2.91e-06 | train loss 1.0964 acc 0.519 | val loss 1.0234 acc 0.528 *
[densenet121 trial4] Epoch   4/100 | LR: 2.91e-06 | train loss 1.0830 acc 0.557 | val loss 1.0153 acc 0.566 *
[densenet121 trial4] Epoch   5/100 | LR: 2.91e-06 | train loss 1.0736 acc 0.603 | val loss 1.0082 acc 0.610 *
[densenet121 trial4] Epoch   6/100 | LR: 2.91e-06 | train loss 1.0611 acc 0.641 | val loss 1.0048 acc 0.636 *
[densenet121 trial4] Epoch   7/100 | LR: 2.91e-06 | train loss 1.0477 acc 0.655 | val loss 0.9966 acc 0.677 *
[densenet121 trial4] Epoch   8/100 | LR: 2.91e-06 | train loss 1.0390 acc 0.665 | val loss 0.9851 acc 0.683 *
[densenet121 trial4] Epoch   9/100 | LR: 2.91e-06 | train loss 1.0249 acc 0.693 | val loss 0.9831 acc 0.686 *
[densenet121 trial4] Epoch  10/100 | LR: 2.91e-06 | train loss 1.0192 acc 0.694 | val loss 0.9645 acc 0.713 *
[densenet121 trial4] Epoch  11/100 | LR: 2.91e-06 | train loss 1.0126 acc 0.700 | val loss 0.9618 acc 0.716 *
[densenet121 trial4] Epoch  12/100 | LR: 2.91e-06 | train loss 0.9989 acc 0.718 | val loss 0.9512 acc 0.721 *
[densenet121 trial4] Epoch  13/100 | LR: 2.91e-06 | train loss 0.9867 acc 0.724 | val loss 0.9363 acc 0.733 *
[densenet121 trial4] Epoch  14/100 | LR: 2.91e-06 | train loss 0.9809 acc 0.725 | val loss 0.9297 acc 0.716 *
[densenet121 trial4] Epoch  15/100 | LR: 2.91e-06 | train loss 0.9683 acc 0.716 | val loss 0.9149 acc 0.713 *
[densenet121 trial4] Epoch  16/100 | LR: 2.91e-06 | train loss 0.9560 acc 0.732 | val loss 0.9072 acc 0.733 *
[densenet121 trial4] Epoch  17/100 | LR: 2.91e-06 | train loss 0.9468 acc 0.734 | val loss 0.8878 acc 0.718 *
[densenet121 trial4] Epoch  18/100 | LR: 2.91e-06 | train loss 0.9305 acc 0.729 | val loss 0.8735 acc 0.727 *
[densenet121 trial4] Epoch  19/100 | LR: 2.91e-06 | train loss 0.9204 acc 0.745 | val loss 0.8659 acc 0.742 *
[densenet121 trial4] Epoch  20/100 | LR: 2.91e-06 | train loss 0.9079 acc 0.757 | val loss 0.8511 acc 0.736 *
[densenet121 trial4] Epoch  21/100 | LR: 2.91e-06 | train loss 0.8876 acc 0.762 | val loss 0.8389 acc 0.739 *
[densenet121 trial4] Epoch  22/100 | LR: 2.91e-06 | train loss 0.8855 acc 0.753 | val loss 0.8244 acc 0.757 *
[densenet121 trial4] Epoch  23/100 | LR: 2.91e-06 | train loss 0.8815 acc 0.765 | val loss 0.8091 acc 0.742 *
[densenet121 trial4] Epoch  24/100 | LR: 2.91e-06 | train loss 0.8688 acc 0.743 | val loss 0.8104 acc 0.751
[densenet121 trial4] Epoch  25/100 | LR: 2.91e-06 | train loss 0.8574 acc 0.761 | val loss 0.7915 acc 0.757 *
[densenet121 trial4] Epoch  26/100 | LR: 2.91e-06 | train loss 0.8454 acc 0.747 | val loss 0.7776 acc 0.762 *
[densenet121 trial4] Epoch  27/100 | LR: 2.91e-07 | train loss 0.8383 acc 0.754 | val loss 0.7712 acc 0.757 *
[densenet121 trial4] Epoch  28/100 | LR: 2.91e-07 | train loss 0.8294 acc 0.758 | val loss 0.7710 acc 0.739 *
[densenet121 trial4] Epoch  29/100 | LR: 2.91e-07 | train loss 0.8248 acc 0.752 | val loss 0.7780 acc 0.739
[densenet121 trial4] Epoch  30/100 | LR: 2.91e-07 | train loss 0.8259 acc 0.751 | val loss 0.7676 acc 0.768 *
[densenet121 trial4] Epoch  31/100 | LR: 2.91e-07 | train loss 0.8268 acc 0.757 | val loss 0.7611 acc 0.757 *
[densenet121 trial4] Epoch  32/100 | LR: 2.91e-07 | train loss 0.8284 acc 0.744 | val loss 0.7641 acc 0.760
[densenet121 trial4] Epoch  33/100 | LR: 2.91e-07 | train loss 0.8193 acc 0.762 | val loss 0.7711 acc 0.768
[densenet121 trial4] Epoch  34/100 | LR: 2.91e-07 | train loss 0.8404 acc 0.737 | val loss 0.7701 acc 0.733
[densenet121 trial4] Epoch  35/100 | LR: 2.91e-07 | train loss 0.8266 acc 0.751 | val loss 0.7585 acc 0.754 *
[densenet121 trial4] Epoch  36/100 | LR: 2.91e-07 | train loss 0.8220 acc 0.757 | val loss 0.7616 acc 0.754
[densenet121 trial4] Epoch  37/100 | LR: 2.91e-07 | train loss 0.8290 acc 0.760 | val loss 0.7602 acc 0.757
[densenet121 trial4] Epoch  38/100 | LR: 2.91e-07 | train loss 0.8235 acc 0.743 | val loss 0.7656 acc 0.765
[densenet121 trial4] Epoch  39/100 | LR: 2.91e-07 | train loss 0.8239 acc 0.748 | val loss 0.7621 acc 0.765
[densenet121 trial4] Epoch  40/100 | LR: 2.91e-07 | train loss 0.8186 acc 0.751 | val loss 0.7566 acc 0.768 *
[densenet121 trial4] Epoch  41/100 | LR: 2.91e-07 | train loss 0.8190 acc 0.760 | val loss 0.7597 acc 0.751
[densenet121 trial4] Epoch  42/100 | LR: 2.91e-07 | train loss 0.8163 acc 0.755 | val loss 0.7558 acc 0.765 *
[densenet121 trial4] Epoch  43/100 | LR: 2.91e-07 | train loss 0.8111 acc 0.763 | val loss 0.7512 acc 0.742 *
[densenet121 trial4] Epoch  44/100 | LR: 2.91e-07 | train loss 0.8268 acc 0.744 | val loss 0.7579 acc 0.771
[densenet121 trial4] Epoch  45/100 | LR: 2.91e-07 | train loss 0.8061 acc 0.757 | val loss 0.7559 acc 0.768
[densenet121 trial4] Epoch  46/100 | LR: 2.91e-07 | train loss 0.8000 acc 0.777 | val loss 0.7599 acc 0.748
[densenet121 trial4] Epoch  47/100 | LR: 2.91e-07 | train loss 0.8090 acc 0.767 | val loss 0.7523 acc 0.748
[densenet121 trial4] Epoch  48/100 | LR: 2.91e-07 | train loss 0.8211 acc 0.750 | val loss 0.7541 acc 0.768
[densenet121 trial4] Epoch  49/100 | LR: 2.91e-07 | train loss 0.8081 acc 0.765 | val loss 0.7559 acc 0.748
[densenet121 trial4] Epoch  50/100 | LR: 2.91e-07 | train loss 0.8129 acc 0.760 | val loss 0.7540 acc 0.760
[densenet121 trial4] Epoch  51/100 | LR: 2.91e-07 | train loss 0.7987 acc 0.762 | val loss 0.7437 acc 0.771 *
[densenet121 trial4] Epoch  52/100 | LR: 2.91e-07 | train loss 0.8036 acc 0.767 | val loss 0.7454 acc 0.762
[densenet121 trial4] Epoch  53/100 | LR: 2.91e-07 | train loss 0.8065 acc 0.762 | val loss 0.7496 acc 0.745
[densenet121 trial4] Epoch  54/100 | LR: 2.91e-08 | train loss 0.8024 acc 0.754 | val loss 0.7489 acc 0.762
[densenet121 trial4] Epoch  55/100 | LR: 2.91e-08 | train loss 0.8002 acc 0.759 | val loss 0.7485 acc 0.751
[densenet121 trial4] Epoch  56/100 | LR: 2.91e-08 | train loss 0.8079 acc 0.753 | val loss 0.7506 acc 0.765
[densenet121 trial4] Epoch  57/100 | LR: 2.91e-08 | train loss 0.8126 acc 0.747 | val loss 0.7394 acc 0.748 *
[densenet121 trial4] Epoch  58/100 | LR: 2.91e-08 | train loss 0.8032 acc 0.757 | val loss 0.7471 acc 0.757
[densenet121 trial4] Epoch  59/100 | LR: 2.91e-08 | train loss 0.8128 acc 0.751 | val loss 0.7465 acc 0.754
[densenet121 trial4] Epoch  60/100 | LR: 2.91e-08 | train loss 0.7852 acc 0.773 | val loss 0.7445 acc 0.762
[densenet121 trial4] Epoch  61/100 | LR: 2.91e-08 | train loss 0.8091 acc 0.756 | val loss 0.7419 acc 0.760
[densenet121 trial4] Epoch  62/100 | LR: 2.91e-08 | train loss 0.8022 acc 0.762 | val loss 0.7450 acc 0.765
[densenet121 trial4] Epoch  63/100 | LR: 2.91e-08 | train loss 0.8061 acc 0.745 | val loss 0.7373 acc 0.751 *
[densenet121 trial4] Epoch  64/100 | LR: 2.91e-08 | train loss 0.8136 acc 0.751 | val loss 0.7444 acc 0.760
[densenet121 trial4] Epoch  65/100 | LR: 2.91e-08 | train loss 0.8023 acc 0.770 | val loss 0.7469 acc 0.768
[densenet121 trial4] Epoch  66/100 | LR: 2.91e-08 | train loss 0.7950 acc 0.765 | val loss 0.7404 acc 0.762
[densenet121 trial4] Epoch  67/100 | LR: 2.91e-08 | train loss 0.8136 acc 0.755 | val loss 0.7525 acc 0.765
[densenet121 trial4] Epoch  68/100 | LR: 2.91e-08 | train loss 0.7929 acc 0.770 | val loss 0.7501 acc 0.762
[densenet121 trial4] Epoch  69/100 | LR: 2.91e-08 | train loss 0.7928 acc 0.757 | val loss 0.7428 acc 0.771
[densenet121 trial4] Epoch  70/100 | LR: 2.91e-08 | train loss 0.8166 acc 0.748 | val loss 0.7349 acc 0.742 *
[densenet121 trial4] Epoch  71/100 | LR: 2.91e-08 | train loss 0.8031 acc 0.763 | val loss 0.7384 acc 0.771
[densenet121 trial4] Epoch  72/100 | LR: 2.91e-08 | train loss 0.8009 acc 0.762 | val loss 0.7476 acc 0.765
[densenet121 trial4] Epoch  73/100 | LR: 2.91e-08 | train loss 0.8030 acc 0.765 | val loss 0.7495 acc 0.751
[densenet121 trial4] Epoch  74/100 | LR: 2.91e-08 | train loss 0.8048 acc 0.759 | val loss 0.7429 acc 0.771
[densenet121 trial4] Epoch  75/100 | LR: 2.91e-08 | train loss 0.7998 acc 0.760 | val loss 0.7433 acc 0.757
[densenet121 trial4] Epoch  76/100 | LR: 2.91e-08 | train loss 0.8032 acc 0.757 | val loss 0.7457 acc 0.762
[densenet121 trial4] Epoch  77/100 | LR: 2.91e-08 | train loss 0.8073 acc 0.748 | val loss 0.7447 acc 0.760
[densenet121 trial4] Epoch  78/100 | LR: 2.91e-08 | train loss 0.7882 acc 0.771 | val loss 0.7468 acc 0.771
[densenet121 trial4] Epoch  79/100 | LR: 2.91e-08 | train loss 0.7987 acc 0.770 | val loss 0.7416 acc 0.768
[densenet121 trial4] Epoch  80/100 | LR: 2.91e-08 | train loss 0.8021 acc 0.774 | val loss 0.7503 acc 0.762

[densenet121 trial4] No val loss improvement for 10 epochs — stopping early at epoch 80.

[densenet121 trial4] Restored best checkpoint (val loss = 0.7349)
[00:57:15] [densenet121] trial 4 finished: best val_acc=0.7419 (at val_loss=0.7349)
[I 2026-09-29 00:57:15,186] Trial 4 finished with value: 0.7419354838709677 and parameters: {'hidden_layers': 1, 'neurons': 512, 'lr': 2.907208890659845e-06, 'beta1': 0.9306886095119211, 'step_size': 27, 'batch_size': 96}. Best is trial 1 with value: 0.7947214076246334.
[00:57:15] [densenet121] trial 5: H=2 N=512 lr=5.13e-05 beta1=0.513 step_size=8 batch_size=48 (micro_batch=16, accum_steps=3)
[warn] ../cnn_dataset_split_facility_test-NoordelikeWerke/aerobic_zone/test does not exist -- using an empty split.
[densenet121 trial5] Using gradient accumulation: 3 micro-batches per optimizer step (effective batch size ≈ micro_batch x 3).
[densenet121 trial5] Epoch   1/100 | LR: 5.13e-05 | train loss 1.0318 acc 0.611 | val loss 0.8674 acc 0.730 *
[densenet121 trial5] Epoch   2/100 | LR: 5.13e-05 | train loss 0.7918 acc 0.755 | val loss 0.6995 acc 0.677 *
[densenet121 trial5] Epoch   3/100 | LR: 5.13e-05 | train loss 0.6596 acc 0.763 | val loss 0.5357 acc 0.768 *
[densenet121 trial5] Epoch   4/100 | LR: 5.13e-05 | train loss 0.5980 acc 0.763 | val loss 0.5974 acc 0.713
[densenet121 trial5] Epoch   5/100 | LR: 5.13e-05 | train loss 0.5508 acc 0.790 | val loss 0.5207 acc 0.768 *
[densenet121 trial5] Epoch   6/100 | LR: 5.13e-05 | train loss 0.4743 acc 0.822 | val loss 0.5691 acc 0.742
[densenet121 trial5] Epoch   7/100 | LR: 5.13e-05 | train loss 0.4528 acc 0.827 | val loss 0.5778 acc 0.701
[densenet121 trial5] Epoch   8/100 | LR: 5.13e-06 | train loss 0.4541 acc 0.827 | val loss 0.5773 acc 0.748
[densenet121 trial5] Epoch   9/100 | LR: 5.13e-06 | train loss 0.3798 acc 0.866 | val loss 0.5129 acc 0.780 *
[densenet121 trial5] Epoch  10/100 | LR: 5.13e-06 | train loss 0.3728 acc 0.870 | val loss 0.5415 acc 0.765
[densenet121 trial5] Epoch  11/100 | LR: 5.13e-06 | train loss 0.3546 acc 0.870 | val loss 0.5013 acc 0.786 *
[densenet121 trial5] Epoch  12/100 | LR: 5.13e-06 | train loss 0.3539 acc 0.879 | val loss 0.5354 acc 0.762
[densenet121 trial5] Epoch  13/100 | LR: 5.13e-06 | train loss 0.3842 acc 0.869 | val loss 0.4989 acc 0.783 *
[densenet121 trial5] Epoch  14/100 | LR: 5.13e-06 | train loss 0.3494 acc 0.870 | val loss 0.5150 acc 0.760
[densenet121 trial5] Epoch  15/100 | LR: 5.13e-06 | train loss 0.3536 acc 0.874 | val loss 0.5363 acc 0.760
[densenet121 trial5] Epoch  16/100 | LR: 5.13e-07 | train loss 0.3271 acc 0.882 | val loss 0.5375 acc 0.771
[densenet121 trial5] Epoch  17/100 | LR: 5.13e-07 | train loss 0.3283 acc 0.880 | val loss 0.5359 acc 0.774
[densenet121 trial5] Epoch  18/100 | LR: 5.13e-07 | train loss 0.3576 acc 0.876 | val loss 0.5267 acc 0.777
[densenet121 trial5] Epoch  19/100 | LR: 5.13e-07 | train loss 0.3621 acc 0.867 | val loss 0.5276 acc 0.780
[densenet121 trial5] Epoch  20/100 | LR: 5.13e-07 | train loss 0.3363 acc 0.872 | val loss 0.5391 acc 0.765
[densenet121 trial5] Epoch  21/100 | LR: 5.13e-07 | train loss 0.3240 acc 0.879 | val loss 0.5724 acc 0.762
[densenet121 trial5] Epoch  22/100 | LR: 5.13e-07 | train loss 0.3228 acc 0.884 | val loss 0.5395 acc 0.762
[densenet121 trial5] Epoch  23/100 | LR: 5.13e-07 | train loss 0.3326 acc 0.879 | val loss 0.5399 acc 0.777

[densenet121 trial5] No val loss improvement for 10 epochs — stopping early at epoch 23.

[densenet121 trial5] Restored best checkpoint (val loss = 0.4989)
[01:00:48] [densenet121] trial 5 finished: best val_acc=0.7830 (at val_loss=0.4989)
[I 2026-09-29 01:00:48,134] Trial 5 finished with value: 0.782991202346041 and parameters: {'hidden_layers': 2, 'neurons': 512, 'lr': 5.1305517605898387e-05, 'beta1': 0.5126841442453035, 'step_size': 8, 'batch_size': 48}. Best is trial 1 with value: 0.7947214076246334.
[01:00:48] [densenet121] trial 6: H=2 N=512 lr=3.06e-03 beta1=0.901 step_size=11 batch_size=32 (micro_batch=16, accum_steps=2)
[warn] ../cnn_dataset_split_facility_test-NoordelikeWerke/aerobic_zone/test does not exist -- using an empty split.
[densenet121 trial6] Using gradient accumulation: 2 micro-batches per optimizer step (effective batch size ≈ micro_batch x 2).
[densenet121 trial6] Epoch   1/100 | LR: 3.06e-03 | train loss 1.1662 acc 0.400 | val loss 1.1120 acc 0.226 *
[densenet121 trial6] Epoch   2/100 | LR: 3.06e-03 | train loss 1.0835 acc 0.484 | val loss 1.0432 acc 0.516 *
[densenet121 trial6] Epoch   3/100 | LR: 3.06e-03 | train loss 1.0631 acc 0.529 | val loss 1.0823 acc 0.504
[densenet121 trial6] Epoch   4/100 | LR: 3.06e-03 | train loss 1.0793 acc 0.465 | val loss 0.9765 acc 0.581 *
[densenet121 trial6] Epoch   5/100 | LR: 3.06e-03 | train loss 1.0413 acc 0.578 | val loss 0.9574 acc 0.630 *
[I 2026-09-29 01:01:27,730] Trial 6 pruned. 
[01:01:27] [densenet121] trial 7: H=1 N=512 lr=2.24e-05 beta1=0.971 step_size=16 batch_size=32 (micro_batch=16, accum_steps=2)
[warn] ../cnn_dataset_split_facility_test-NoordelikeWerke/aerobic_zone/test does not exist -- using an empty split.
[densenet121 trial7] Using gradient accumulation: 2 micro-batches per optimizer step (effective batch size ≈ micro_batch x 2).
[densenet121 trial7] Epoch   1/100 | LR: 2.24e-05 | train loss 1.0541 acc 0.532 | val loss 0.9360 acc 0.704 *
[densenet121 trial7] Epoch   2/100 | LR: 2.24e-05 | train loss 0.9334 acc 0.717 | val loss 0.8202 acc 0.710 *
[densenet121 trial7] Epoch   3/100 | LR: 2.24e-05 | train loss 0.8262 acc 0.721 | val loss 0.7119 acc 0.757 *
[densenet121 trial7] Epoch   4/100 | LR: 2.24e-05 | train loss 0.7107 acc 0.760 | val loss 0.6460 acc 0.736 *
[densenet121 trial7] Epoch   5/100 | LR: 2.24e-05 | train loss 0.6696 acc 0.748 | val loss 0.5752 acc 0.760 *
[densenet121 trial7] Epoch   6/100 | LR: 2.24e-05 | train loss 0.6070 acc 0.781 | val loss 0.5364 acc 0.774 *
[densenet121 trial7] Epoch   7/100 | LR: 2.24e-05 | train loss 0.5924 acc 0.763 | val loss 0.5362 acc 0.760 *
[densenet121 trial7] Epoch   8/100 | LR: 2.24e-05 | train loss 0.5461 acc 0.807 | val loss 0.5294 acc 0.762 *
[densenet121 trial7] Epoch   9/100 | LR: 2.24e-05 | train loss 0.5332 acc 0.800 | val loss 0.5478 acc 0.745
[densenet121 trial7] Epoch  10/100 | LR: 2.24e-05 | train loss 0.4919 acc 0.812 | val loss 0.5291 acc 0.765 *
[densenet121 trial7] Epoch  11/100 | LR: 2.24e-05 | train loss 0.4851 acc 0.827 | val loss 0.4819 acc 0.795 *
[densenet121 trial7] Epoch  12/100 | LR: 2.24e-05 | train loss 0.4529 acc 0.846 | val loss 0.5167 acc 0.768
[densenet121 trial7] Epoch  13/100 | LR: 2.24e-05 | train loss 0.4316 acc 0.835 | val loss 0.5190 acc 0.768
[densenet121 trial7] Epoch  14/100 | LR: 2.24e-05 | train loss 0.4120 acc 0.850 | val loss 0.5560 acc 0.739
[densenet121 trial7] Epoch  15/100 | LR: 2.24e-05 | train loss 0.3910 acc 0.854 | val loss 0.4732 acc 0.789 *
[densenet121 trial7] Epoch  16/100 | LR: 2.24e-06 | train loss 0.3660 acc 0.868 | val loss 0.4929 acc 0.780
[densenet121 trial7] Epoch  17/100 | LR: 2.24e-06 | train loss 0.3509 acc 0.879 | val loss 0.5305 acc 0.762
[densenet121 trial7] Epoch  18/100 | LR: 2.24e-06 | train loss 0.3908 acc 0.864 | val loss 0.4973 acc 0.792
[densenet121 trial7] Epoch  19/100 | LR: 2.24e-06 | train loss 0.3734 acc 0.869 | val loss 0.5269 acc 0.760
[densenet121 trial7] Epoch  20/100 | LR: 2.24e-06 | train loss 0.3719 acc 0.873 | val loss 0.5072 acc 0.780
[densenet121 trial7] Epoch  21/100 | LR: 2.24e-06 | train loss 0.3543 acc 0.872 | val loss 0.5250 acc 0.774
[densenet121 trial7] Epoch  22/100 | LR: 2.24e-06 | train loss 0.3320 acc 0.882 | val loss 0.5127 acc 0.783
[densenet121 trial7] Epoch  23/100 | LR: 2.24e-06 | train loss 0.3269 acc 0.886 | val loss 0.5266 acc 0.774
[densenet121 trial7] Epoch  24/100 | LR: 2.24e-06 | train loss 0.3508 acc 0.884 | val loss 0.5228 acc 0.777
[densenet121 trial7] Epoch  25/100 | LR: 2.24e-06 | train loss 0.3526 acc 0.874 | val loss 0.5169 acc 0.777

[densenet121 trial7] No val loss improvement for 10 epochs — stopping early at epoch 25.

[densenet121 trial7] Restored best checkpoint (val loss = 0.4732)
[01:04:44] [densenet121] trial 7 finished: best val_acc=0.7889 (at val_loss=0.4732)
[I 2026-09-29 01:04:44,496] Trial 7 finished with value: 0.7888563049853372 and parameters: {'hidden_layers': 1, 'neurons': 512, 'lr': 2.2410971619109514e-05, 'beta1': 0.970511942252347, 'step_size': 16, 'batch_size': 32}. Best is trial 1 with value: 0.7947214076246334.
[01:04:44] [densenet121] trial 8: H=2 N=2048 lr=9.08e-06 beta1=0.572 step_size=22 batch_size=8 (micro_batch=8, accum_steps=1)
[warn] ../cnn_dataset_split_facility_test-NoordelikeWerke/aerobic_zone/test does not exist -- using an empty split.
[densenet121 trial8] Epoch   1/100 | LR: 9.08e-06 | train loss 1.0144 acc 0.631 | val loss 0.8111 acc 0.742 *
[densenet121 trial8] Epoch   2/100 | LR: 9.08e-06 | train loss 0.8378 acc 0.720 | val loss 0.6405 acc 0.748 *
[densenet121 trial8] Epoch   3/100 | LR: 9.08e-06 | train loss 0.7448 acc 0.733 | val loss 0.6052 acc 0.739 *
[densenet121 trial8] Epoch   4/100 | LR: 9.08e-06 | train loss 0.7060 acc 0.743 | val loss 0.5875 acc 0.757 *
[densenet121 trial8] Epoch   5/100 | LR: 9.08e-06 | train loss 0.6657 acc 0.751 | val loss 0.5739 acc 0.739 *
[densenet121 trial8] Epoch   6/100 | LR: 9.08e-06 | train loss 0.6497 acc 0.760 | val loss 0.5723 acc 0.745 *
[densenet121 trial8] Epoch   7/100 | LR: 9.08e-06 | train loss 0.6123 acc 0.782 | val loss 0.5667 acc 0.733 *
[densenet121 trial8] Epoch   8/100 | LR: 9.08e-06 | train loss 0.6230 acc 0.757 | val loss 0.5477 acc 0.771 *
[densenet121 trial8] Epoch   9/100 | LR: 9.08e-06 | train loss 0.5938 acc 0.789 | val loss 0.5171 acc 0.789 *
[densenet121 trial8] Epoch  10/100 | LR: 9.08e-06 | train loss 0.5823 acc 0.788 | val loss 0.5131 acc 0.789 *
[densenet121 trial8] Epoch  11/100 | LR: 9.08e-06 | train loss 0.5445 acc 0.799 | val loss 0.4550 acc 0.821 *
[densenet121 trial8] Epoch  12/100 | LR: 9.08e-06 | train loss 0.5328 acc 0.811 | val loss 0.6142 acc 0.754
[densenet121 trial8] Epoch  13/100 | LR: 9.08e-06 | train loss 0.5697 acc 0.782 | val loss 0.5430 acc 0.733
[densenet121 trial8] Epoch  14/100 | LR: 9.08e-06 | train loss 0.5092 acc 0.815 | val loss 0.4927 acc 0.777
[densenet121 trial8] Epoch  15/100 | LR: 9.08e-06 | train loss 0.5155 acc 0.810 | val loss 0.5650 acc 0.765
[densenet121 trial8] Epoch  16/100 | LR: 9.08e-06 | train loss 0.5101 acc 0.814 | val loss 0.5130 acc 0.786
[densenet121 trial8] Epoch  17/100 | LR: 9.08e-06 | train loss 0.4716 acc 0.836 | val loss 0.5628 acc 0.762
[densenet121 trial8] Epoch  18/100 | LR: 9.08e-06 | train loss 0.4803 acc 0.817 | val loss 0.5549 acc 0.751
[densenet121 trial8] Epoch  19/100 | LR: 9.08e-06 | train loss 0.4606 acc 0.827 | val loss 0.5039 acc 0.771
[densenet121 trial8] Epoch  20/100 | LR: 9.08e-06 | train loss 0.4362 acc 0.848 | val loss 0.6034 acc 0.742
[densenet121 trial8] Epoch  21/100 | LR: 9.08e-06 | train loss 0.3939 acc 0.862 | val loss 0.5980 acc 0.754

[densenet121 trial8] No val loss improvement for 10 epochs — stopping early at epoch 21.

[densenet121 trial8] Restored best checkpoint (val loss = 0.4550)
[01:08:42] [densenet121] trial 8 finished: best val_acc=0.8211 (at val_loss=0.4550)
[I 2026-09-29 01:08:42,738] Trial 8 finished with value: 0.8211143695014663 and parameters: {'hidden_layers': 2, 'neurons': 2048, 'lr': 9.083381663660597e-06, 'beta1': 0.5723025411735203, 'step_size': 22, 'batch_size': 8}. Best is trial 8 with value: 0.8211143695014663.
[01:08:42] [densenet121] trial 9: H=3 N=512 lr=2.31e-04 beta1=0.838 step_size=5 batch_size=96 (micro_batch=16, accum_steps=6)
[warn] ../cnn_dataset_split_facility_test-NoordelikeWerke/aerobic_zone/test does not exist -- using an empty split.
[densenet121 trial9] Using gradient accumulation: 6 micro-batches per optimizer step (effective batch size ≈ micro_batch x 6).
[densenet121 trial9] Epoch   1/100 | LR: 2.31e-04 | train loss 0.9942 acc 0.631 | val loss 0.7195 acc 0.698 *
[densenet121 trial9] Epoch   2/100 | LR: 2.31e-04 | train loss 0.7291 acc 0.722 | val loss 0.6047 acc 0.707 *
[densenet121 trial9] Epoch   3/100 | LR: 2.31e-04 | train loss 0.6575 acc 0.718 | val loss 0.5600 acc 0.754 *
[densenet121 trial9] Epoch   4/100 | LR: 2.31e-04 | train loss 0.6028 acc 0.777 | val loss 0.5630 acc 0.724
[densenet121 trial9] Epoch   5/100 | LR: 2.31e-05 | train loss 0.5661 acc 0.789 | val loss 0.6236 acc 0.721
[densenet121 trial9] Epoch   6/100 | LR: 2.31e-05 | train loss 0.4939 acc 0.798 | val loss 0.5130 acc 0.760 *
[densenet121 trial9] Epoch   7/100 | LR: 2.31e-05 | train loss 0.4396 acc 0.830 | val loss 0.4921 acc 0.774 *
[densenet121 trial9] Epoch   8/100 | LR: 2.31e-05 | train loss 0.4197 acc 0.836 | val loss 0.4965 acc 0.783
[densenet121 trial9] Epoch   9/100 | LR: 2.31e-05 | train loss 0.4165 acc 0.847 | val loss 0.5105 acc 0.762
[densenet121 trial9] Epoch  10/100 | LR: 2.31e-06 | train loss 0.4051 acc 0.841 | val loss 0.5312 acc 0.760
[densenet121 trial9] Epoch  11/100 | LR: 2.31e-06 | train loss 0.3617 acc 0.862 | val loss 0.5072 acc 0.762
[densenet121 trial9] Epoch  12/100 | LR: 2.31e-06 | train loss 0.3748 acc 0.869 | val loss 0.4884 acc 0.786 *
[densenet121 trial9] Epoch  13/100 | LR: 2.31e-06 | train loss 0.3830 acc 0.862 | val loss 0.4983 acc 0.771
[densenet121 trial9] Epoch  14/100 | LR: 2.31e-06 | train loss 0.3737 acc 0.855 | val loss 0.5370 acc 0.771
[densenet121 trial9] Epoch  15/100 | LR: 2.31e-07 | train loss 0.3732 acc 0.863 | val loss 0.5089 acc 0.774
[densenet121 trial9] Epoch  16/100 | LR: 2.31e-07 | train loss 0.3877 acc 0.855 | val loss 0.4994 acc 0.777
[densenet121 trial9] Epoch  17/100 | LR: 2.31e-07 | train loss 0.3903 acc 0.855 | val loss 0.4960 acc 0.780
[densenet121 trial9] Epoch  18/100 | LR: 2.31e-07 | train loss 0.3650 acc 0.872 | val loss 0.5089 acc 0.765
[densenet121 trial9] Epoch  19/100 | LR: 2.31e-07 | train loss 0.3705 acc 0.867 | val loss 0.4479 acc 0.789 *
[densenet121 trial9] Epoch  20/100 | LR: 2.31e-08 | train loss 0.3900 acc 0.857 | val loss 0.5260 acc 0.768
[densenet121 trial9] Epoch  21/100 | LR: 2.31e-08 | train loss 0.3882 acc 0.861 | val loss 0.4966 acc 0.760
[densenet121 trial9] Epoch  22/100 | LR: 2.31e-08 | train loss 0.3937 acc 0.854 | val loss 0.4793 acc 0.777
[densenet121 trial9] Epoch  23/100 | LR: 2.31e-08 | train loss 0.3597 acc 0.864 | val loss 0.5054 acc 0.774
[densenet121 trial9] Epoch  24/100 | LR: 2.31e-08 | train loss 0.3721 acc 0.865 | val loss 0.5234 acc 0.757
[densenet121 trial9] Epoch  25/100 | LR: 2.31e-09 | train loss 0.3795 acc 0.852 | val loss 0.5151 acc 0.757
[densenet121 trial9] Epoch  26/100 | LR: 2.31e-09 | train loss 0.3707 acc 0.862 | val loss 0.4898 acc 0.771
[densenet121 trial9] Epoch  27/100 | LR: 2.31e-09 | train loss 0.3689 acc 0.869 | val loss 0.5031 acc 0.768
[densenet121 trial9] Epoch  28/100 | LR: 2.31e-09 | train loss 0.3853 acc 0.857 | val loss 0.5129 acc 0.765
[densenet121 trial9] Epoch  29/100 | LR: 2.31e-09 | train loss 0.3706 acc 0.857 | val loss 0.4889 acc 0.771

[densenet121 trial9] No val loss improvement for 10 epochs — stopping early at epoch 29.

[densenet121 trial9] Restored best checkpoint (val loss = 0.4479)
[01:12:28] [densenet121] trial 9 finished: best val_acc=0.7889 (at val_loss=0.4479)
[I 2026-09-29 01:12:29,015] Trial 9 finished with value: 0.7888563049853372 and parameters: {'hidden_layers': 3, 'neurons': 512, 'lr': 0.00023097861492693574, 'beta1': 0.8381046165592989, 'step_size': 5, 'batch_size': 96}. Best is trial 8 with value: 0.8211143695014663.
[01:12:29] [densenet121] trial 10: H=2 N=2048 lr=1.45e-05 beta1=0.571 step_size=30 batch_size=24 (micro_batch=16, accum_steps=2)
[warn] ../cnn_dataset_split_facility_test-NoordelikeWerke/aerobic_zone/test does not exist -- using an empty split.
[densenet121 trial10] Using gradient accumulation: 2 micro-batches per optimizer step (effective batch size ≈ micro_batch x 2).
[densenet121 trial10] Epoch   1/100 | LR: 1.45e-05 | train loss 1.0480 acc 0.612 | val loss 0.9400 acc 0.713 *
[densenet121 trial10] Epoch   2/100 | LR: 1.45e-05 | train loss 0.8811 acc 0.739 | val loss 0.7323 acc 0.736 *
[densenet121 trial10] Epoch   3/100 | LR: 1.45e-05 | train loss 0.7241 acc 0.761 | val loss 0.6613 acc 0.713 *
[densenet121 trial10] Epoch   4/100 | LR: 1.45e-05 | train loss 0.6253 acc 0.775 | val loss 0.6251 acc 0.713 *
[densenet121 trial10] Epoch   5/100 | LR: 1.45e-05 | train loss 0.6197 acc 0.767 | val loss 0.6263 acc 0.701
[densenet121 trial10] Epoch   6/100 | LR: 1.45e-05 | train loss 0.5822 acc 0.780 | val loss 0.5499 acc 0.748 *
[densenet121 trial10] Epoch   7/100 | LR: 1.45e-05 | train loss 0.5717 acc 0.779 | val loss 0.5459 acc 0.748 *
[densenet121 trial10] Epoch   8/100 | LR: 1.45e-05 | train loss 0.5324 acc 0.803 | val loss 0.5227 acc 0.771 *
[densenet121 trial10] Epoch   9/100 | LR: 1.45e-05 | train loss 0.5241 acc 0.815 | val loss 0.5304 acc 0.774
[densenet121 trial10] Epoch  10/100 | LR: 1.45e-05 | train loss 0.4850 acc 0.822 | val loss 0.5061 acc 0.789 *
[densenet121 trial10] Epoch  11/100 | LR: 1.45e-05 | train loss 0.5189 acc 0.812 | val loss 0.5401 acc 0.762
[densenet121 trial10] Epoch  12/100 | LR: 1.45e-05 | train loss 0.4397 acc 0.832 | val loss 0.5204 acc 0.771
[densenet121 trial10] Epoch  13/100 | LR: 1.45e-05 | train loss 0.4644 acc 0.811 | val loss 0.4833 acc 0.780 *
[densenet121 trial10] Epoch  14/100 | LR: 1.45e-05 | train loss 0.4307 acc 0.845 | val loss 0.4699 acc 0.815 *
[densenet121 trial10] Epoch  15/100 | LR: 1.45e-05 | train loss 0.4129 acc 0.863 | val loss 0.5023 acc 0.786
[densenet121 trial10] Epoch  16/100 | LR: 1.45e-05 | train loss 0.4039 acc 0.859 | val loss 0.4986 acc 0.792
[densenet121 trial10] Epoch  17/100 | LR: 1.45e-05 | train loss 0.3585 acc 0.868 | val loss 0.5560 acc 0.760
[densenet121 trial10] Epoch  18/100 | LR: 1.45e-05 | train loss 0.3742 acc 0.857 | val loss 0.5369 acc 0.771
[densenet121 trial10] Epoch  19/100 | LR: 1.45e-05 | train loss 0.3588 acc 0.869 | val loss 0.5196 acc 0.771
[densenet121 trial10] Epoch  20/100 | LR: 1.45e-05 | train loss 0.3496 acc 0.870 | val loss 0.5467 acc 0.754
[densenet121 trial10] Epoch  21/100 | LR: 1.45e-05 | train loss 0.3127 acc 0.886 | val loss 0.5389 acc 0.768
[densenet121 trial10] Epoch  22/100 | LR: 1.45e-05 | train loss 0.3272 acc 0.884 | val loss 0.5872 acc 0.748
[densenet121 trial10] Epoch  23/100 | LR: 1.45e-05 | train loss 0.2712 acc 0.902 | val loss 0.5664 acc 0.760
[densenet121 trial10] Epoch  24/100 | LR: 1.45e-05 | train loss 0.3043 acc 0.880 | val loss 0.6178 acc 0.742

[densenet121 trial10] No val loss improvement for 10 epochs — stopping early at epoch 24.

[densenet121 trial10] Restored best checkpoint (val loss = 0.4699)
[01:15:39] [densenet121] trial 10 finished: best val_acc=0.8152 (at val_loss=0.4699)
[I 2026-09-29 01:15:39,223] Trial 10 finished with value: 0.8152492668621701 and parameters: {'hidden_layers': 2, 'neurons': 2048, 'lr': 1.4507630561073118e-05, 'beta1': 0.5708063966841861, 'step_size': 30, 'batch_size': 24}. Best is trial 8 with value: 0.8211143695014663.
[01:15:39] [densenet121] trial 11: H=2 N=2048 lr=1.31e-06 beta1=0.671 step_size=26 batch_size=8 (micro_batch=8, accum_steps=1)
[warn] ../cnn_dataset_split_facility_test-NoordelikeWerke/aerobic_zone/test does not exist -- using an empty split.
[densenet121 trial11] Epoch   1/100 | LR: 1.31e-06 | train loss 1.0877 acc 0.545 | val loss 1.0595 acc 0.666 *
[densenet121 trial11] Epoch   2/100 | LR: 1.31e-06 | train loss 1.0656 acc 0.648 | val loss 1.0162 acc 0.701 *
[densenet121 trial11] Epoch   3/100 | LR: 1.31e-06 | train loss 1.0463 acc 0.696 | val loss 0.9878 acc 0.727 *
[densenet121 trial11] Epoch   4/100 | LR: 1.31e-06 | train loss 1.0243 acc 0.698 | val loss 0.9628 acc 0.707 *
[densenet121 trial11] Epoch   5/100 | LR: 1.31e-06 | train loss 0.9977 acc 0.706 | val loss 0.9307 acc 0.727 *
[densenet121 trial11] Epoch   6/100 | LR: 1.31e-06 | train loss 0.9647 acc 0.721 | val loss 0.8844 acc 0.718 *
[I 2026-09-29 01:16:47,704] Trial 11 pruned. 
[01:16:47] [densenet121] trial 12: H=2 N=2048 lr=4.57e-05 beta1=0.713 step_size=37 batch_size=24 (micro_batch=16, accum_steps=2)
[warn] ../cnn_dataset_split_facility_test-NoordelikeWerke/aerobic_zone/test does not exist -- using an empty split.
[densenet121 trial12] Using gradient accumulation: 2 micro-batches per optimizer step (effective batch size ≈ micro_batch x 2).
[densenet121 trial12] Epoch   1/100 | LR: 4.57e-05 | train loss 0.9117 acc 0.670 | val loss 0.6207 acc 0.745 *
[densenet121 trial12] Epoch   2/100 | LR: 4.57e-05 | train loss 0.6703 acc 0.750 | val loss 0.5990 acc 0.718 *
[densenet121 trial12] Epoch   3/100 | LR: 4.57e-05 | train loss 0.6185 acc 0.762 | val loss 0.5584 acc 0.733 *
[densenet121 trial12] Epoch   4/100 | LR: 4.57e-05 | train loss 0.5298 acc 0.797 | val loss 0.5378 acc 0.774 *
[densenet121 trial12] Epoch   5/100 | LR: 4.57e-05 | train loss 0.5211 acc 0.810 | val loss 0.4883 acc 0.789 *
[densenet121 trial12] Epoch   6/100 | LR: 4.57e-05 | train loss 0.5011 acc 0.820 | val loss 0.4668 acc 0.774 *
[densenet121 trial12] Epoch   7/100 | LR: 4.57e-05 | train loss 0.4209 acc 0.850 | val loss 0.5232 acc 0.760
[densenet121 trial12] Epoch   8/100 | LR: 4.57e-05 | train loss 0.3829 acc 0.857 | val loss 0.4730 acc 0.780
[densenet121 trial12] Epoch   9/100 | LR: 4.57e-05 | train loss 0.3926 acc 0.851 | val loss 0.5487 acc 0.774
[densenet121 trial12] Epoch  10/100 | LR: 4.57e-05 | train loss 0.3839 acc 0.867 | val loss 0.4786 acc 0.774
[densenet121 trial12] Epoch  11/100 | LR: 4.57e-05 | train loss 0.3200 acc 0.888 | val loss 0.5944 acc 0.745
[densenet121 trial12] Epoch  12/100 | LR: 4.57e-05 | train loss 0.3375 acc 0.878 | val loss 0.5917 acc 0.765
[densenet121 trial12] Epoch  13/100 | LR: 4.57e-05 | train loss 0.2938 acc 0.897 | val loss 0.5185 acc 0.795
[densenet121 trial12] Epoch  14/100 | LR: 4.57e-05 | train loss 0.2877 acc 0.897 | val loss 0.6025 acc 0.795
[densenet121 trial12] Epoch  15/100 | LR: 4.57e-05 | train loss 0.2484 acc 0.910 | val loss 0.4947 acc 0.804
[densenet121 trial12] Epoch  16/100 | LR: 4.57e-05 | train loss 0.2431 acc 0.922 | val loss 0.5074 acc 0.789

[densenet121 trial12] No val loss improvement for 10 epochs — stopping early at epoch 16.

[densenet121 trial12] Restored best checkpoint (val loss = 0.4668)
[01:18:54] [densenet121] trial 12 finished: best val_acc=0.7742 (at val_loss=0.4668)
[I 2026-09-29 01:18:54,505] Trial 12 finished with value: 0.7741935483870968 and parameters: {'hidden_layers': 2, 'neurons': 2048, 'lr': 4.567304223505894e-05, 'beta1': 0.7127554583487964, 'step_size': 37, 'batch_size': 24}. Best is trial 8 with value: 0.8211143695014663.
[01:18:54] [densenet121] trial 13: H=2 N=2048 lr=8.32e-06 beta1=0.565 step_size=20 batch_size=24 (micro_batch=16, accum_steps=2)
[warn] ../cnn_dataset_split_facility_test-NoordelikeWerke/aerobic_zone/test does not exist -- using an empty split.
[densenet121 trial13] Using gradient accumulation: 2 micro-batches per optimizer step (effective batch size ≈ micro_batch x 2).
[densenet121 trial13] Epoch   1/100 | LR: 8.32e-06 | train loss 1.0768 acc 0.590 | val loss 1.0155 acc 0.716 *
[densenet121 trial13] Epoch   2/100 | LR: 8.32e-06 | train loss 1.0098 acc 0.715 | val loss 0.9475 acc 0.710 *
[densenet121 trial13] Epoch   3/100 | LR: 8.32e-06 | train loss 0.9094 acc 0.738 | val loss 0.8122 acc 0.730 *
[densenet121 trial13] Epoch   4/100 | LR: 8.32e-06 | train loss 0.7993 acc 0.749 | val loss 0.6661 acc 0.745 *
[densenet121 trial13] Epoch   5/100 | LR: 8.32e-06 | train loss 0.7457 acc 0.751 | val loss 0.6529 acc 0.733 *
[densenet121 trial13] Epoch   6/100 | LR: 8.32e-06 | train loss 0.6862 acc 0.765 | val loss 0.6320 acc 0.710 *
[I 2026-09-29 01:19:42,166] Trial 13 pruned. 
[01:19:42] [densenet121] trial 14: H=2 N=2048 lr=3.42e-04 beta1=0.532 step_size=29 batch_size=24 (micro_batch=16, accum_steps=2)
[warn] ../cnn_dataset_split_facility_test-NoordelikeWerke/aerobic_zone/test does not exist -- using an empty split.
[densenet121 trial14] Using gradient accumulation: 2 micro-batches per optimizer step (effective batch size ≈ micro_batch x 2).
[densenet121 trial14] Epoch   1/100 | LR: 3.42e-04 | train loss 0.8545 acc 0.654 | val loss 0.5996 acc 0.727 *
[densenet121 trial14] Epoch   2/100 | LR: 3.42e-04 | train loss 0.7403 acc 0.708 | val loss 0.6162 acc 0.757
[densenet121 trial14] Epoch   3/100 | LR: 3.42e-04 | train loss 0.6912 acc 0.738 | val loss 0.7007 acc 0.701
[densenet121 trial14] Epoch   4/100 | LR: 3.42e-04 | train loss 0.6836 acc 0.746 | val loss 0.6270 acc 0.736
[densenet121 trial14] Epoch   5/100 | LR: 3.42e-04 | train loss 0.6612 acc 0.764 | val loss 0.5386 acc 0.768 *
[densenet121 trial14] Epoch   6/100 | LR: 3.42e-04 | train loss 0.5985 acc 0.766 | val loss 0.6733 acc 0.768
[densenet121 trial14] Epoch   7/100 | LR: 3.42e-04 | train loss 0.5835 acc 0.792 | val loss 0.5499 acc 0.754
[densenet121 trial14] Epoch   8/100 | LR: 3.42e-04 | train loss 0.5751 acc 0.764 | val loss 0.4862 acc 0.777 *
[densenet121 trial14] Epoch   9/100 | LR: 3.42e-04 | train loss 0.5450 acc 0.800 | val loss 0.5241 acc 0.795
[densenet121 trial14] Epoch  10/100 | LR: 3.42e-04 | train loss 0.4978 acc 0.807 | val loss 0.5604 acc 0.765
[densenet121 trial14] Epoch  11/100 | LR: 3.42e-04 | train loss 0.4945 acc 0.802 | val loss 0.6061 acc 0.721
[densenet121 trial14] Epoch  12/100 | LR: 3.42e-04 | train loss 0.4661 acc 0.820 | val loss 0.5427 acc 0.789
[densenet121 trial14] Epoch  13/100 | LR: 3.42e-04 | train loss 0.4870 acc 0.838 | val loss 0.6935 acc 0.686
[densenet121 trial14] Epoch  14/100 | LR: 3.42e-04 | train loss 0.4456 acc 0.830 | val loss 0.5196 acc 0.801
[densenet121 trial14] Epoch  15/100 | LR: 3.42e-04 | train loss 0.4966 acc 0.809 | val loss 0.5242 acc 0.751
[densenet121 trial14] Epoch  16/100 | LR: 3.42e-04 | train loss 0.4522 acc 0.831 | val loss 0.5187 acc 0.777
[densenet121 trial14] Epoch  17/100 | LR: 3.42e-04 | train loss 0.4071 acc 0.847 | val loss 0.5512 acc 0.786
[densenet121 trial14] Epoch  18/100 | LR: 3.42e-04 | train loss 0.3953 acc 0.854 | val loss 0.5603 acc 0.760

[densenet121 trial14] No val loss improvement for 10 epochs — stopping early at epoch 18.

[densenet121 trial14] Restored best checkpoint (val loss = 0.4862)
[01:22:04] [densenet121] trial 14 finished: best val_acc=0.7771 (at val_loss=0.4862)
[I 2026-09-29 01:22:04,677] Trial 14 finished with value: 0.7771260997067448 and parameters: {'hidden_layers': 2, 'neurons': 2048, 'lr': 0.0003422078923791186, 'beta1': 0.531798491739625, 'step_size': 29, 'batch_size': 24}. Best is trial 8 with value: 0.8211143695014663.
[01:22:04] [densenet121] trial 15: H=2 N=1024 lr=2.38e-06 beta1=0.540 step_size=32 batch_size=48 (micro_batch=16, accum_steps=3)
[warn] ../cnn_dataset_split_facility_test-NoordelikeWerke/aerobic_zone/test does not exist -- using an empty split.
[densenet121 trial15] Using gradient accumulation: 3 micro-batches per optimizer step (effective batch size ≈ micro_batch x 3).
[densenet121 trial15] Epoch   1/100 | LR: 2.38e-06 | train loss 1.0942 acc 0.447 | val loss 1.0862 acc 0.419 *
[densenet121 trial15] Epoch   2/100 | LR: 2.38e-06 | train loss 1.0880 acc 0.528 | val loss 1.0760 acc 0.499 *
[densenet121 trial15] Epoch   3/100 | LR: 2.38e-06 | train loss 1.0786 acc 0.607 | val loss 1.0659 acc 0.551 *
[densenet121 trial15] Epoch   4/100 | LR: 2.38e-06 | train loss 1.0690 acc 0.623 | val loss 1.0512 acc 0.619 *
[densenet121 trial15] Epoch   5/100 | LR: 2.38e-06 | train loss 1.0576 acc 0.666 | val loss 1.0411 acc 0.660 *
[I 2026-09-29 01:22:44,156] Trial 15 pruned. 
[01:22:44] [densenet121] trial 16: H=0 N=2048 lr=2.36e-05 beta1=0.637 step_size=28 batch_size=32 (micro_batch=16, accum_steps=2)
[warn] ../cnn_dataset_split_facility_test-NoordelikeWerke/aerobic_zone/test does not exist -- using an empty split.
[densenet121 trial16] Using gradient accumulation: 2 micro-batches per optimizer step (effective batch size ≈ micro_batch x 2).
[densenet121 trial16] Epoch   1/100 | LR: 2.36e-05 | train loss 0.9851 acc 0.588 | val loss 0.8493 acc 0.654 *
[densenet121 trial16] Epoch   2/100 | LR: 2.36e-05 | train loss 0.8066 acc 0.734 | val loss 0.7339 acc 0.689 *
[densenet121 trial16] Epoch   3/100 | LR: 2.36e-05 | train loss 0.7330 acc 0.743 | val loss 0.6796 acc 0.698 *
[densenet121 trial16] Epoch   4/100 | LR: 2.36e-05 | train loss 0.6537 acc 0.768 | val loss 0.6528 acc 0.704 *
[densenet121 trial16] Epoch   5/100 | LR: 2.36e-05 | train loss 0.6407 acc 0.768 | val loss 0.6216 acc 0.718 *
[I 2026-09-29 01:23:23,632] Trial 16 pruned. 
[01:23:23] [densenet121] trial 17: H=2 N=2048 lr=2.00e-06 beta1=0.510 step_size=14 batch_size=8 (micro_batch=8, accum_steps=1)
[warn] ../cnn_dataset_split_facility_test-NoordelikeWerke/aerobic_zone/test does not exist -- using an empty split.
[densenet121 trial17] Epoch   1/100 | LR: 2.00e-06 | train loss 1.0815 acc 0.523 | val loss 1.0229 acc 0.551 *
[densenet121 trial17] Epoch   2/100 | LR: 2.00e-06 | train loss 1.0512 acc 0.678 | val loss 0.9904 acc 0.698 *
[densenet121 trial17] Epoch   3/100 | LR: 2.00e-06 | train loss 1.0145 acc 0.703 | val loss 0.9286 acc 0.736 *
[densenet121 trial17] Epoch   4/100 | LR: 2.00e-06 | train loss 0.9648 acc 0.714 | val loss 0.8636 acc 0.730 *
[densenet121 trial17] Epoch   5/100 | LR: 2.00e-06 | train loss 0.9118 acc 0.724 | val loss 0.7895 acc 0.748 *
[densenet121 trial17] Epoch   6/100 | LR: 2.00e-06 | train loss 0.8613 acc 0.734 | val loss 0.7392 acc 0.748 *
[I 2026-09-29 01:24:32,280] Trial 17 pruned. 
[01:24:32] [densenet121] trial 18: H=2 N=512 lr=3.99e-05 beta1=0.556 step_size=33 batch_size=16 (micro_batch=16, accum_steps=1)
[warn] ../cnn_dataset_split_facility_test-NoordelikeWerke/aerobic_zone/test does not exist -- using an empty split.
[densenet121 trial18] Epoch   1/100 | LR: 3.99e-05 | train loss 0.9492 acc 0.631 | val loss 0.6688 acc 0.792 *
[densenet121 trial18] Epoch   2/100 | LR: 3.99e-05 | train loss 0.7235 acc 0.748 | val loss 0.5683 acc 0.745 *
[densenet121 trial18] Epoch   3/100 | LR: 3.99e-05 | train loss 0.5939 acc 0.762 | val loss 0.5157 acc 0.786 *
[densenet121 trial18] Epoch   4/100 | LR: 3.99e-05 | train loss 0.5546 acc 0.787 | val loss 0.5678 acc 0.745
[densenet121 trial18] Epoch   5/100 | LR: 3.99e-05 | train loss 0.5343 acc 0.796 | val loss 0.5871 acc 0.707
[densenet121 trial18] Epoch   6/100 | LR: 3.99e-05 | train loss 0.4859 acc 0.820 | val loss 0.5855 acc 0.730
[densenet121 trial18] Epoch   7/100 | LR: 3.99e-05 | train loss 0.4867 acc 0.815 | val loss 0.4713 acc 0.792 *
[densenet121 trial18] Epoch   8/100 | LR: 3.99e-05 | train loss 0.3906 acc 0.850 | val loss 0.5526 acc 0.765
[densenet121 trial18] Epoch   9/100 | LR: 3.99e-05 | train loss 0.4025 acc 0.853 | val loss 0.5129 acc 0.771
[densenet121 trial18] Epoch  10/100 | LR: 3.99e-05 | train loss 0.3649 acc 0.864 | val loss 0.6280 acc 0.762
[densenet121 trial18] Epoch  11/100 | LR: 3.99e-05 | train loss 0.3183 acc 0.882 | val loss 0.4991 acc 0.801
[densenet121 trial18] Epoch  12/100 | LR: 3.99e-05 | train loss 0.2985 acc 0.891 | val loss 0.6258 acc 0.762
[densenet121 trial18] Epoch  13/100 | LR: 3.99e-05 | train loss 0.3025 acc 0.887 | val loss 0.5713 acc 0.798
[densenet121 trial18] Epoch  14/100 | LR: 3.99e-05 | train loss 0.2750 acc 0.902 | val loss 0.5256 acc 0.824
[densenet121 trial18] Epoch  15/100 | LR: 3.99e-05 | train loss 0.2606 acc 0.907 | val loss 0.6317 acc 0.783
[densenet121 trial18] Epoch  16/100 | LR: 3.99e-05 | train loss 0.2530 acc 0.913 | val loss 0.5381 acc 0.815
[densenet121 trial18] Epoch  17/100 | LR: 3.99e-05 | train loss 0.1931 acc 0.932 | val loss 0.5882 acc 0.780

[densenet121 trial18] No val loss improvement for 10 epochs — stopping early at epoch 17.

[densenet121 trial18] Restored best checkpoint (val loss = 0.4713)
[01:26:48] [densenet121] trial 18 finished: best val_acc=0.7918 (at val_loss=0.4713)
[I 2026-09-29 01:26:48,316] Trial 18 finished with value: 0.7917888563049853 and parameters: {'hidden_layers': 2, 'neurons': 512, 'lr': 3.987521915220892e-05, 'beta1': 0.5563554043929175, 'step_size': 33, 'batch_size': 16}. Best is trial 8 with value: 0.8211143695014663.
[01:26:48] [densenet121] trial 19: H=2 N=2048 lr=3.16e-04 beta1=0.742 step_size=20 batch_size=8 (micro_batch=8, accum_steps=1)
[warn] ../cnn_dataset_split_facility_test-NoordelikeWerke/aerobic_zone/test does not exist -- using an empty split.
[densenet121 trial19] Epoch   1/100 | LR: 3.16e-04 | train loss 0.9872 acc 0.596 | val loss 0.8489 acc 0.481 *
[densenet121 trial19] Epoch   2/100 | LR: 3.16e-04 | train loss 0.8873 acc 0.697 | val loss 0.7799 acc 0.730 *
[densenet121 trial19] Epoch   3/100 | LR: 3.16e-04 | train loss 0.8298 acc 0.729 | val loss 0.6571 acc 0.777 *
[densenet121 trial19] Epoch   4/100 | LR: 3.16e-04 | train loss 0.8129 acc 0.713 | val loss 0.7219 acc 0.742
[densenet121 trial19] Epoch   5/100 | LR: 3.16e-04 | train loss 0.8264 acc 0.700 | val loss 0.6383 acc 0.768 *
[densenet121 trial19] Epoch   6/100 | LR: 3.16e-04 | train loss 0.7657 acc 0.733 | val loss 0.6029 acc 0.736 *
[densenet121 trial19] Epoch   7/100 | LR: 3.16e-04 | train loss 0.7779 acc 0.713 | val loss 0.7160 acc 0.695
[densenet121 trial19] Epoch   8/100 | LR: 3.16e-04 | train loss 0.7382 acc 0.732 | val loss 0.8136 acc 0.704
[densenet121 trial19] Epoch   9/100 | LR: 3.16e-04 | train loss 0.7162 acc 0.745 | val loss 0.6016 acc 0.745 *
[densenet121 trial19] Epoch  10/100 | LR: 3.16e-04 | train loss 0.6681 acc 0.748 | val loss 0.4995 acc 0.798 *
[densenet121 trial19] Epoch  11/100 | LR: 3.16e-04 | train loss 0.6755 acc 0.746 | val loss 0.5308 acc 0.789
[densenet121 trial19] Epoch  12/100 | LR: 3.16e-04 | train loss 0.6869 acc 0.721 | val loss 0.6237 acc 0.721
[densenet121 trial19] Epoch  13/100 | LR: 3.16e-04 | train loss 0.6426 acc 0.758 | val loss 0.5429 acc 0.751
[densenet121 trial19] Epoch  14/100 | LR: 3.16e-04 | train loss 0.6525 acc 0.738 | val loss 0.4936 acc 0.786 *
[densenet121 trial19] Epoch  15/100 | LR: 3.16e-04 | train loss 0.6552 acc 0.748 | val loss 0.5194 acc 0.792
[densenet121 trial19] Epoch  16/100 | LR: 3.16e-04 | train loss 0.6291 acc 0.750 | val loss 0.6502 acc 0.733
[densenet121 trial19] Epoch  17/100 | LR: 3.16e-04 | train loss 0.6443 acc 0.752 | val loss 0.4890 acc 0.792 *
[densenet121 trial19] Epoch  18/100 | LR: 3.16e-04 | train loss 0.6062 acc 0.752 | val loss 0.4899 acc 0.751
[densenet121 trial19] Epoch  19/100 | LR: 3.16e-04 | train loss 0.6155 acc 0.758 | val loss 0.5059 acc 0.783
[densenet121 trial19] Epoch  20/100 | LR: 3.16e-05 | train loss 0.6200 acc 0.763 | val loss 0.6040 acc 0.683
[densenet121 trial19] Epoch  21/100 | LR: 3.16e-05 | train loss 0.5071 acc 0.798 | val loss 0.5912 acc 0.721
[densenet121 trial19] Epoch  22/100 | LR: 3.16e-05 | train loss 0.4536 acc 0.813 | val loss 0.4597 acc 0.792 *
[densenet121 trial19] Epoch  23/100 | LR: 3.16e-05 | train loss 0.4322 acc 0.833 | val loss 0.4389 acc 0.806 *
[densenet121 trial19] Epoch  24/100 | LR: 3.16e-05 | train loss 0.4013 acc 0.846 | val loss 0.4277 acc 0.815 *
[densenet121 trial19] Epoch  25/100 | LR: 3.16e-05 | train loss 0.3826 acc 0.855 | val loss 0.4263 acc 0.815 *
[densenet121 trial19] Epoch  26/100 | LR: 3.16e-05 | train loss 0.3542 acc 0.861 | val loss 0.4190 acc 0.830 *
[densenet121 trial19] Epoch  27/100 | LR: 3.16e-05 | train loss 0.3838 acc 0.853 | val loss 0.4185 acc 0.824 *
[densenet121 trial19] Epoch  28/100 | LR: 3.16e-05 | train loss 0.3558 acc 0.857 | val loss 0.4636 acc 0.815
[densenet121 trial19] Epoch  29/100 | LR: 3.16e-05 | train loss 0.3221 acc 0.889 | val loss 0.4098 acc 0.833 *
[densenet121 trial19] Epoch  30/100 | LR: 3.16e-05 | train loss 0.3213 acc 0.879 | val loss 0.4391 acc 0.824
[densenet121 trial19] Epoch  31/100 | LR: 3.16e-05 | train loss 0.3093 acc 0.889 | val loss 0.4510 acc 0.812
[densenet121 trial19] Epoch  32/100 | LR: 3.16e-05 | train loss 0.3008 acc 0.884 | val loss 0.5514 acc 0.768
[densenet121 trial19] Epoch  33/100 | LR: 3.16e-05 | train loss 0.2933 acc 0.888 | val loss 0.4832 acc 0.818
[densenet121 trial19] Epoch  34/100 | LR: 3.16e-05 | train loss 0.2953 acc 0.886 | val loss 0.4685 acc 0.806
[densenet121 trial19] Epoch  35/100 | LR: 3.16e-05 | train loss 0.2754 acc 0.907 | val loss 0.4181 acc 0.848
[densenet121 trial19] Epoch  36/100 | LR: 3.16e-05 | train loss 0.2704 acc 0.902 | val loss 0.3997 acc 0.845 *
[densenet121 trial19] Epoch  37/100 | LR: 3.16e-05 | train loss 0.2679 acc 0.906 | val loss 0.4654 acc 0.836
[densenet121 trial19] Epoch  38/100 | LR: 3.16e-05 | train loss 0.2564 acc 0.904 | val loss 0.4167 acc 0.842
[densenet121 trial19] Epoch  39/100 | LR: 3.16e-05 | train loss 0.2241 acc 0.925 | val loss 0.4286 acc 0.839
[densenet121 trial19] Epoch  40/100 | LR: 3.16e-06 | train loss 0.2429 acc 0.917 | val loss 0.5263 acc 0.812
[densenet121 trial19] Epoch  41/100 | LR: 3.16e-06 | train loss 0.2386 acc 0.898 | val loss 0.4666 acc 0.821
[densenet121 trial19] Epoch  42/100 | LR: 3.16e-06 | train loss 0.2097 acc 0.913 | val loss 0.4727 acc 0.836
[densenet121 trial19] Epoch  43/100 | LR: 3.16e-06 | train loss 0.2126 acc 0.922 | val loss 0.4792 acc 0.821
[densenet121 trial19] Epoch  44/100 | LR: 3.16e-06 | train loss 0.2114 acc 0.929 | val loss 0.4323 acc 0.856
[densenet121 trial19] Epoch  45/100 | LR: 3.16e-06 | train loss 0.2187 acc 0.926 | val loss 0.4418 acc 0.850
[densenet121 trial19] Epoch  46/100 | LR: 3.16e-06 | train loss 0.2030 acc 0.934 | val loss 0.5115 acc 0.824

[densenet121 trial19] No val loss improvement for 10 epochs — stopping early at epoch 46.

[densenet121 trial19] Restored best checkpoint (val loss = 0.3997)
[01:35:30] [densenet121] trial 19 finished: best val_acc=0.8446 (at val_loss=0.3997)
[I 2026-09-29 01:35:30,522] Trial 19 finished with value: 0.844574780058651 and parameters: {'hidden_layers': 2, 'neurons': 2048, 'lr': 0.00031598234259563667, 'beta1': 0.7423010728285778, 'step_size': 20, 'batch_size': 8}. Best is trial 19 with value: 0.844574780058651.
[01:35:30] === densenet121 done: 14 completed, 6 pruned. Best trial #19: val_acc=0.8446 params={'hidden_layers': 2, 'neurons': 2048, 'lr': 0.00031598234259563667, 'beta1': 0.7423010728285778, 'step_size': 20, 'batch_size': 8} ===
[01:35:30] Saved tuned hyperparameters for densenet121 to tuned_hyperparams_aerobic_zone.json
[01:35:30] [densenet121] finished in 70.7 min
[01:35:30] All requested architectures tuned in 70.7 min total.
Using device: cuda
Test set ID (derived from DATASET_ROOT): NoordelikeWerke
Train-time augmentation: on
[warn] ../cnn_dataset_split_facility_test-NoordelikeWerke/aerobic_zone/test does not exist -- using an empty split.
Classes found (3): ['Dysfunctional', 'Functional', 'Suboptimal']
Train: 1402 | Val: 341 | Test: 0
[01:40:35] Dataset root: ../cnn_dataset_split_facility_test-NoordelikeWerke  Component: aerobic_zone
[01:40:35] Architectures to tune (1): ['resnet50']
[01:40:35] Trials per architecture: 20
[I 2026-09-29 01:40:36,015] A new study created in RDB with name: aerobic_zone_resnet50_tune
[01:40:36] === resnet50: 0/20 trials already recorded, 20 remaining, img_size=(112, 224) ===
[01:40:36] [resnet50] trial 0: H=1 N=512 lr=2.92e-03 beta1=0.800 step_size=30 batch_size=16 (micro_batch=16, accum_steps=1)
[warn] ../cnn_dataset_split_facility_test-NoordelikeWerke/aerobic_zone/test does not exist -- using an empty split.
Using device: cuda
Test set ID (derived from DATASET_ROOT): NoordelikeWerke
Train-time augmentation: on
[warn] ../cnn_dataset_split_facility_test-NoordelikeWerke/aerobic_zone/test does not exist -- using an empty split.
Classes found (3): ['Dysfunctional', 'Functional', 'Suboptimal']
Train: 1402 | Val: 341 | Test: 0
[resnet50 trial0] Epoch   1/100 | LR: 2.92e-03 | train loss 1.1525 acc 0.426 | val loss 7.5199 acc 0.499 *
[resnet50 trial0] Epoch   2/100 | LR: 2.92e-03 | train loss 1.1276 acc 0.418 | val loss 1.9518 acc 0.317 *
[resnet50 trial0] Epoch   3/100 | LR: 2.92e-03 | train loss 1.0966 acc 0.523 | val loss 0.9365 acc 0.584 *
[resnet50 trial0] Epoch   4/100 | LR: 2.92e-03 | train loss 1.0703 acc 0.464 | val loss 1.2737 acc 0.548
[resnet50 trial0] Epoch   5/100 | LR: 2.92e-03 | train loss 1.1134 acc 0.448 | val loss 1.0672 acc 0.587
[resnet50 trial0] Epoch   6/100 | LR: 2.92e-03 | train loss 1.1301 acc 0.490 | val loss 1.0711 acc 0.531
[resnet50 trial0] Epoch   7/100 | LR: 2.92e-03 | train loss 1.1090 acc 0.459 | val loss 1.0766 acc 0.452
[resnet50 trial0] Epoch   8/100 | LR: 2.92e-03 | train loss 1.1001 acc 0.458 | val loss 3.0240 acc 0.446
[resnet50 trial0] Epoch   9/100 | LR: 2.92e-03 | train loss 1.0970 acc 0.500 | val loss 1.2178 acc 0.434
[resnet50 trial0] Epoch  10/100 | LR: 2.92e-03 | train loss 1.1111 acc 0.463 | val loss 1.0843 acc 0.545
[resnet50 trial0] Epoch  11/100 | LR: 2.92e-03 | train loss 1.0879 acc 0.496 | val loss 1.0264 acc 0.543
[resnet50 trial0] Epoch  12/100 | LR: 2.92e-03 | train loss 1.0982 acc 0.462 | val loss 1.0701 acc 0.446
[resnet50 trial0] Epoch  13/100 | LR: 2.92e-03 | train loss 1.0832 acc 0.516 | val loss 1.2519 acc 0.501

[resnet50 trial0] No val loss improvement for 10 epochs — stopping early at epoch 13.

[resnet50 trial0] Restored best checkpoint (val loss = 0.9365)
[01:42:17] [resnet50] trial 0 finished: best val_acc=0.5836 (at val_loss=0.9365)
[I 2026-09-29 01:42:17,846] Trial 0 finished with value: 0.5835777126099707 and parameters: {'hidden_layers': 1, 'neurons': 512, 'lr': 0.0029154431891537554, 'beta1': 0.7999563908598613, 'step_size': 30, 'batch_size': 16}. Best is trial 0 with value: 0.5835777126099707.
[01:42:17] [resnet50] trial 1: H=2 N=2048 lr=1.38e-03 beta1=0.600 step_size=23 batch_size=96 (micro_batch=16, accum_steps=6)
[warn] ../cnn_dataset_split_facility_test-NoordelikeWerke/aerobic_zone/test does not exist -- using an empty split.
[resnet50 trial1] Using gradient accumulation: 6 micro-batches per optimizer step (effective batch size ≈ micro_batch x 6).
[resnet50 trial1] Epoch   1/100 | LR: 1.38e-03 | train loss 0.9952 acc 0.576 | val loss 1.1907 acc 0.487 *
[resnet50 trial1] Epoch   2/100 | LR: 1.38e-03 | train loss 0.8967 acc 0.678 | val loss 1.2475 acc 0.578
[resnet50 trial1] Epoch   3/100 | LR: 1.38e-03 | train loss 0.8558 acc 0.684 | val loss 0.6517 acc 0.736 *
[resnet50 trial1] Epoch   4/100 | LR: 1.38e-03 | train loss 0.7914 acc 0.653 | val loss 0.8408 acc 0.657
[resnet50 trial1] Epoch   5/100 | LR: 1.38e-03 | train loss 0.8718 acc 0.652 | val loss 0.6960 acc 0.698
[resnet50 trial1] Epoch   6/100 | LR: 1.38e-03 | train loss 0.7954 acc 0.683 | val loss 0.5576 acc 0.760 *
[resnet50 trial1] Epoch   7/100 | LR: 1.38e-03 | train loss 0.7731 acc 0.678 | val loss 1.0536 acc 0.698
[resnet50 trial1] Epoch   8/100 | LR: 1.38e-03 | train loss 0.7384 acc 0.718 | val loss 0.8593 acc 0.613
[resnet50 trial1] Epoch   9/100 | LR: 1.38e-03 | train loss 0.7432 acc 0.721 | val loss 1.2439 acc 0.566
[resnet50 trial1] Epoch  10/100 | LR: 1.38e-03 | train loss 0.7196 acc 0.710 | val loss 0.6257 acc 0.710
[resnet50 trial1] Epoch  11/100 | LR: 1.38e-03 | train loss 0.6631 acc 0.744 | val loss 0.7585 acc 0.721
[resnet50 trial1] Epoch  12/100 | LR: 1.38e-03 | train loss 0.6435 acc 0.742 | val loss 0.4819 acc 0.804 *
[resnet50 trial1] Epoch  13/100 | LR: 1.38e-03 | train loss 0.7180 acc 0.740 | val loss 0.7248 acc 0.680
[resnet50 trial1] Epoch  14/100 | LR: 1.38e-03 | train loss 0.7044 acc 0.706 | val loss 0.5670 acc 0.765
[resnet50 trial1] Epoch  15/100 | LR: 1.38e-03 | train loss 0.6641 acc 0.747 | val loss 0.6475 acc 0.674
[resnet50 trial1] Epoch  16/100 | LR: 1.38e-03 | train loss 0.6125 acc 0.764 | val loss 0.5600 acc 0.768
[resnet50 trial1] Epoch  17/100 | LR: 1.38e-03 | train loss 0.6079 acc 0.755 | val loss 0.5983 acc 0.733
[resnet50 trial1] Epoch  18/100 | LR: 1.38e-03 | train loss 0.6107 acc 0.755 | val loss 0.6159 acc 0.692
[resnet50 trial1] Epoch  19/100 | LR: 1.38e-03 | train loss 0.6211 acc 0.735 | val loss 0.5976 acc 0.716
[resnet50 trial1] Epoch  20/100 | LR: 1.38e-03 | train loss 0.6060 acc 0.760 | val loss 0.8701 acc 0.672
[resnet50 trial1] Epoch  21/100 | LR: 1.38e-03 | train loss 0.5904 acc 0.771 | val loss 0.8119 acc 0.692
[resnet50 trial1] Epoch  22/100 | LR: 1.38e-03 | train loss 0.5534 acc 0.784 | val loss 0.6667 acc 0.672

[resnet50 trial1] No val loss improvement for 10 epochs — stopping early at epoch 22.

[resnet50 trial1] Restored best checkpoint (val loss = 0.4819)
[01:45:15] [resnet50] trial 1 finished: best val_acc=0.8035 (at val_loss=0.4819)
[I 2026-09-29 01:45:15,819] Trial 1 finished with value: 0.8035190615835777 and parameters: {'hidden_layers': 2, 'neurons': 2048, 'lr': 0.0013826232179369874, 'beta1': 0.5996372172970215, 'step_size': 23, 'batch_size': 96}. Best is trial 1 with value: 0.8035190615835777.
[01:45:15] [resnet50] trial 2: H=2 N=1024 lr=4.34e-03 beta1=0.629 step_size=28 batch_size=48 (micro_batch=16, accum_steps=3)
[warn] ../cnn_dataset_split_facility_test-NoordelikeWerke/aerobic_zone/test does not exist -- using an empty split.
[resnet50 trial2] Using gradient accumulation: 3 micro-batches per optimizer step (effective batch size ≈ micro_batch x 3).
[resnet50 trial2] Epoch   1/100 | LR: 4.34e-03 | train loss 1.1477 acc 0.345 | val loss 1.0939 acc 0.469 *
[resnet50 trial2] Epoch   2/100 | LR: 4.34e-03 | train loss 1.1016 acc 0.447 | val loss 1.0881 acc 0.469 *
[resnet50 trial2] Epoch   3/100 | LR: 4.34e-03 | train loss 1.1090 acc 0.456 | val loss 1.0786 acc 0.504 *
[resnet50 trial2] Epoch   4/100 | LR: 4.34e-03 | train loss 1.1086 acc 0.480 | val loss 1.0642 acc 0.469 *
[resnet50 trial2] Epoch   5/100 | LR: 4.34e-03 | train loss 1.1108 acc 0.447 | val loss 1.0735 acc 0.469
[resnet50 trial2] Epoch   6/100 | LR: 4.34e-03 | train loss 1.0984 acc 0.458 | val loss 1.0788 acc 0.408
[resnet50 trial2] Epoch   7/100 | LR: 4.34e-03 | train loss 1.1018 acc 0.438 | val loss 1.0784 acc 0.469
[resnet50 trial2] Epoch   8/100 | LR: 4.34e-03 | train loss 1.1295 acc 0.414 | val loss 1.3309 acc 0.469
[resnet50 trial2] Epoch   9/100 | LR: 4.34e-03 | train loss 1.1078 acc 0.425 | val loss 1.0844 acc 0.408
[resnet50 trial2] Epoch  10/100 | LR: 4.34e-03 | train loss 1.0982 acc 0.399 | val loss 1.0842 acc 0.419
[resnet50 trial2] Epoch  11/100 | LR: 4.34e-03 | train loss 1.1007 acc 0.402 | val loss 1.0828 acc 0.411
[resnet50 trial2] Epoch  12/100 | LR: 4.34e-03 | train loss 1.0991 acc 0.413 | val loss 1.0817 acc 0.478
[resnet50 trial2] Epoch  13/100 | LR: 4.34e-03 | train loss 1.0988 acc 0.469 | val loss 1.0835 acc 0.469
[resnet50 trial2] Epoch  14/100 | LR: 4.34e-03 | train loss 1.1073 acc 0.416 | val loss 1.0804 acc 0.469

[resnet50 trial2] No val loss improvement for 10 epochs — stopping early at epoch 14.

[resnet50 trial2] Restored best checkpoint (val loss = 1.0642)
[01:47:07] [resnet50] trial 2 finished: best val_acc=0.4692 (at val_loss=1.0642)
[I 2026-09-29 01:47:07,678] Trial 2 finished with value: 0.46920821114369504 and parameters: {'hidden_layers': 2, 'neurons': 1024, 'lr': 0.004337920697490943, 'beta1': 0.6291312108184084, 'step_size': 28, 'batch_size': 48}. Best is trial 1 with value: 0.8035190615835777.
[01:47:07] [resnet50] trial 3: H=1 N=2048 lr=1.22e-05 beta1=0.914 step_size=17 batch_size=64 (micro_batch=16, accum_steps=4)
[warn] ../cnn_dataset_split_facility_test-NoordelikeWerke/aerobic_zone/test does not exist -- using an empty split.
[resnet50 trial3] Using gradient accumulation: 4 micro-batches per optimizer step (effective batch size ≈ micro_batch x 4).
[resnet50 trial3] Epoch   1/100 | LR: 1.22e-05 | train loss 1.0851 acc 0.550 | val loss 1.0501 acc 0.625 *
[resnet50 trial3] Epoch   2/100 | LR: 1.22e-05 | train loss 1.0506 acc 0.682 | val loss 1.0091 acc 0.648 *
[resnet50 trial3] Epoch   3/100 | LR: 1.22e-05 | train loss 1.0094 acc 0.698 | val loss 0.9602 acc 0.683 *
[resnet50 trial3] Epoch   4/100 | LR: 1.22e-05 | train loss 0.9593 acc 0.700 | val loss 0.9212 acc 0.689 *
[resnet50 trial3] Epoch   5/100 | LR: 1.22e-05 | train loss 0.9006 acc 0.718 | val loss 0.8593 acc 0.698 *
[resnet50 trial3] Epoch   6/100 | LR: 1.22e-05 | train loss 0.8541 acc 0.728 | val loss 0.8091 acc 0.716 *
[resnet50 trial3] Epoch   7/100 | LR: 1.22e-05 | train loss 0.8165 acc 0.732 | val loss 0.7615 acc 0.701 *
[resnet50 trial3] Epoch   8/100 | LR: 1.22e-05 | train loss 0.7850 acc 0.734 | val loss 0.7743 acc 0.698
[resnet50 trial3] Epoch   9/100 | LR: 1.22e-05 | train loss 0.7732 acc 0.720 | val loss 0.7566 acc 0.721 *
[resnet50 trial3] Epoch  10/100 | LR: 1.22e-05 | train loss 0.7554 acc 0.723 | val loss 0.6999 acc 0.716 *
[resnet50 trial3] Epoch  11/100 | LR: 1.22e-05 | train loss 0.6964 acc 0.766 | val loss 0.7090 acc 0.695
[resnet50 trial3] Epoch  12/100 | LR: 1.22e-05 | train loss 0.6819 acc 0.757 | val loss 0.6902 acc 0.674 *
[resnet50 trial3] Epoch  13/100 | LR: 1.22e-05 | train loss 0.6624 acc 0.751 | val loss 0.6978 acc 0.666
[resnet50 trial3] Epoch  14/100 | LR: 1.22e-05 | train loss 0.6519 acc 0.748 | val loss 0.7031 acc 0.639
[resnet50 trial3] Epoch  15/100 | LR: 1.22e-05 | train loss 0.6144 acc 0.757 | val loss 0.6568 acc 0.701 *
[resnet50 trial3] Epoch  16/100 | LR: 1.22e-05 | train loss 0.6103 acc 0.771 | val loss 0.6951 acc 0.666
[resnet50 trial3] Epoch  17/100 | LR: 1.22e-06 | train loss 0.6066 acc 0.758 | val loss 0.7088 acc 0.669
[resnet50 trial3] Epoch  18/100 | LR: 1.22e-06 | train loss 0.5862 acc 0.770 | val loss 0.6642 acc 0.680
[resnet50 trial3] Epoch  19/100 | LR: 1.22e-06 | train loss 0.5642 acc 0.781 | val loss 0.6715 acc 0.677
[resnet50 trial3] Epoch  20/100 | LR: 1.22e-06 | train loss 0.5760 acc 0.770 | val loss 0.6523 acc 0.689 *
[resnet50 trial3] Epoch  21/100 | LR: 1.22e-06 | train loss 0.5986 acc 0.769 | val loss 0.6466 acc 0.701 *
[resnet50 trial3] Epoch  22/100 | LR: 1.22e-06 | train loss 0.5885 acc 0.769 | val loss 0.6826 acc 0.672
[resnet50 trial3] Epoch  23/100 | LR: 1.22e-06 | train loss 0.5852 acc 0.782 | val loss 0.6724 acc 0.677
[resnet50 trial3] Epoch  24/100 | LR: 1.22e-06 | train loss 0.5677 acc 0.780 | val loss 0.6789 acc 0.669
[resnet50 trial3] Epoch  25/100 | LR: 1.22e-06 | train loss 0.5801 acc 0.786 | val loss 0.6692 acc 0.680
[resnet50 trial3] Epoch  26/100 | LR: 1.22e-06 | train loss 0.5612 acc 0.776 | val loss 0.6553 acc 0.692
[resnet50 trial3] Epoch  27/100 | LR: 1.22e-06 | train loss 0.5612 acc 0.785 | val loss 0.6622 acc 0.674
[resnet50 trial3] Epoch  28/100 | LR: 1.22e-06 | train loss 0.5941 acc 0.790 | val loss 0.6348 acc 0.701 *
[resnet50 trial3] Epoch  29/100 | LR: 1.22e-06 | train loss 0.5497 acc 0.802 | val loss 0.6649 acc 0.695
[resnet50 trial3] Epoch  30/100 | LR: 1.22e-06 | train loss 0.5728 acc 0.781 | val loss 0.6605 acc 0.692
[resnet50 trial3] Epoch  31/100 | LR: 1.22e-06 | train loss 0.5696 acc 0.779 | val loss 0.6445 acc 0.698
[resnet50 trial3] Epoch  32/100 | LR: 1.22e-06 | train loss 0.5564 acc 0.792 | val loss 0.6501 acc 0.692
[resnet50 trial3] Epoch  33/100 | LR: 1.22e-06 | train loss 0.5914 acc 0.774 | val loss 0.6510 acc 0.692
[resnet50 trial3] Epoch  34/100 | LR: 1.22e-07 | train loss 0.5808 acc 0.777 | val loss 0.6602 acc 0.695
[resnet50 trial3] Epoch  35/100 | LR: 1.22e-07 | train loss 0.5656 acc 0.781 | val loss 0.6843 acc 0.674
[resnet50 trial3] Epoch  36/100 | LR: 1.22e-07 | train loss 0.5604 acc 0.783 | val loss 0.6665 acc 0.674
[resnet50 trial3] Epoch  37/100 | LR: 1.22e-07 | train loss 0.5768 acc 0.772 | val loss 0.6540 acc 0.695
[resnet50 trial3] Epoch  38/100 | LR: 1.22e-07 | train loss 0.5629 acc 0.790 | val loss 0.6216 acc 0.698 *
[resnet50 trial3] Epoch  39/100 | LR: 1.22e-07 | train loss 0.5686 acc 0.774 | val loss 0.6345 acc 0.701
[resnet50 trial3] Epoch  40/100 | LR: 1.22e-07 | train loss 0.5492 acc 0.794 | val loss 0.6855 acc 0.689
[resnet50 trial3] Epoch  41/100 | LR: 1.22e-07 | train loss 0.5779 acc 0.763 | val loss 0.6530 acc 0.701
[resnet50 trial3] Epoch  42/100 | LR: 1.22e-07 | train loss 0.5841 acc 0.777 | val loss 0.6255 acc 0.695
[resnet50 trial3] Epoch  43/100 | LR: 1.22e-07 | train loss 0.5590 acc 0.782 | val loss 0.6442 acc 0.692
[resnet50 trial3] Epoch  44/100 | LR: 1.22e-07 | train loss 0.5498 acc 0.794 | val loss 0.6506 acc 0.689
[resnet50 trial3] Epoch  45/100 | LR: 1.22e-07 | train loss 0.5612 acc 0.792 | val loss 0.6382 acc 0.698
[resnet50 trial3] Epoch  46/100 | LR: 1.22e-07 | train loss 0.5678 acc 0.782 | val loss 0.6921 acc 0.657
[resnet50 trial3] Epoch  47/100 | LR: 1.22e-07 | train loss 0.5726 acc 0.790 | val loss 0.6342 acc 0.695
[resnet50 trial3] Epoch  48/100 | LR: 1.22e-07 | train loss 0.5661 acc 0.782 | val loss 0.6760 acc 0.669

[resnet50 trial3] No val loss improvement for 10 epochs — stopping early at epoch 48.

[resnet50 trial3] Restored best checkpoint (val loss = 0.6216)
[01:53:44] [resnet50] trial 3 finished: best val_acc=0.6979 (at val_loss=0.6216)
[I 2026-09-29 01:53:44,604] Trial 3 finished with value: 0.6979472140762464 and parameters: {'hidden_layers': 1, 'neurons': 2048, 'lr': 1.2172958098369984e-05, 'beta1': 0.9135400170668128, 'step_size': 17, 'batch_size': 64}. Best is trial 1 with value: 0.8035190615835777.
[01:53:44] [resnet50] trial 4: H=1 N=512 lr=2.91e-06 beta1=0.931 step_size=27 batch_size=96 (micro_batch=16, accum_steps=6)
[warn] ../cnn_dataset_split_facility_test-NoordelikeWerke/aerobic_zone/test does not exist -- using an empty split.
[resnet50 trial4] Using gradient accumulation: 6 micro-batches per optimizer step (effective batch size ≈ micro_batch x 6).
[resnet50 trial4] Epoch   1/100 | LR: 2.91e-06 | train loss 1.0999 acc 0.447 | val loss 1.0862 acc 0.463 *
[resnet50 trial4] Epoch   2/100 | LR: 2.91e-06 | train loss 1.0937 acc 0.461 | val loss 1.0823 acc 0.466 *
[resnet50 trial4] Epoch   3/100 | LR: 2.91e-06 | train loss 1.0938 acc 0.464 | val loss 1.0787 acc 0.469 *
[resnet50 trial4] Epoch   4/100 | LR: 2.91e-06 | train loss 1.0912 acc 0.470 | val loss 1.0762 acc 0.472 *
[resnet50 trial4] Epoch   5/100 | LR: 2.91e-06 | train loss 1.0863 acc 0.488 | val loss 1.0720 acc 0.499 *
[resnet50 trial4] Epoch   6/100 | LR: 2.91e-06 | train loss 1.0848 acc 0.511 | val loss 1.0686 acc 0.519 *
[resnet50 trial4] Epoch   7/100 | LR: 2.91e-06 | train loss 1.0793 acc 0.539 | val loss 1.0637 acc 0.548 *
[resnet50 trial4] Epoch   8/100 | LR: 2.91e-06 | train loss 1.0722 acc 0.580 | val loss 1.0586 acc 0.578 *
[resnet50 trial4] Epoch   9/100 | LR: 2.91e-06 | train loss 1.0695 acc 0.603 | val loss 1.0544 acc 0.589 *
[resnet50 trial4] Epoch  10/100 | LR: 2.91e-06 | train loss 1.0670 acc 0.623 | val loss 1.0504 acc 0.610 *
[resnet50 trial4] Epoch  11/100 | LR: 2.91e-06 | train loss 1.0658 acc 0.634 | val loss 1.0450 acc 0.639 *
[resnet50 trial4] Epoch  12/100 | LR: 2.91e-06 | train loss 1.0576 acc 0.670 | val loss 1.0402 acc 0.657 *
[resnet50 trial4] Epoch  13/100 | LR: 2.91e-06 | train loss 1.0517 acc 0.653 | val loss 1.0352 acc 0.674 *
[resnet50 trial4] Epoch  14/100 | LR: 2.91e-06 | train loss 1.0473 acc 0.665 | val loss 1.0371 acc 0.666
[resnet50 trial4] Epoch  15/100 | LR: 2.91e-06 | train loss 1.0430 acc 0.679 | val loss 1.0239 acc 0.674 *
[resnet50 trial4] Epoch  16/100 | LR: 2.91e-06 | train loss 1.0331 acc 0.687 | val loss 1.0173 acc 0.674 *
[resnet50 trial4] Epoch  17/100 | LR: 2.91e-06 | train loss 1.0286 acc 0.683 | val loss 1.0145 acc 0.683 *
[resnet50 trial4] Epoch  18/100 | LR: 2.91e-06 | train loss 1.0182 acc 0.696 | val loss 1.0035 acc 0.672 *
[resnet50 trial4] Epoch  19/100 | LR: 2.91e-06 | train loss 1.0137 acc 0.689 | val loss 0.9932 acc 0.677 *
[resnet50 trial4] Epoch  20/100 | LR: 2.91e-06 | train loss 1.0059 acc 0.688 | val loss 0.9860 acc 0.692 *
[resnet50 trial4] Epoch  21/100 | LR: 2.91e-06 | train loss 0.9954 acc 0.700 | val loss 0.9760 acc 0.689 *
[resnet50 trial4] Epoch  22/100 | LR: 2.91e-06 | train loss 0.9855 acc 0.700 | val loss 0.9716 acc 0.695 *
[resnet50 trial4] Epoch  23/100 | LR: 2.91e-06 | train loss 0.9787 acc 0.704 | val loss 0.9604 acc 0.695 *
[resnet50 trial4] Epoch  24/100 | LR: 2.91e-06 | train loss 0.9692 acc 0.711 | val loss 0.9549 acc 0.701 *
[resnet50 trial4] Epoch  25/100 | LR: 2.91e-06 | train loss 0.9521 acc 0.709 | val loss 0.9478 acc 0.710 *
[resnet50 trial4] Epoch  26/100 | LR: 2.91e-06 | train loss 0.9465 acc 0.710 | val loss 0.9307 acc 0.716 *
[resnet50 trial4] Epoch  27/100 | LR: 2.91e-07 | train loss 0.9332 acc 0.712 | val loss 0.9185 acc 0.707 *
[resnet50 trial4] Epoch  28/100 | LR: 2.91e-07 | train loss 0.9243 acc 0.727 | val loss 0.9241 acc 0.710
[resnet50 trial4] Epoch  29/100 | LR: 2.91e-07 | train loss 0.9296 acc 0.697 | val loss 0.9226 acc 0.716
[resnet50 trial4] Epoch  30/100 | LR: 2.91e-07 | train loss 0.9295 acc 0.717 | val loss 0.9124 acc 0.716 *
[resnet50 trial4] Epoch  31/100 | LR: 2.91e-07 | train loss 0.9298 acc 0.711 | val loss 0.9141 acc 0.716
[resnet50 trial4] Epoch  32/100 | LR: 2.91e-07 | train loss 0.9321 acc 0.704 | val loss 0.9118 acc 0.713 *
[resnet50 trial4] Epoch  33/100 | LR: 2.91e-07 | train loss 0.9265 acc 0.713 | val loss 0.9215 acc 0.704
[resnet50 trial4] Epoch  34/100 | LR: 2.91e-07 | train loss 0.9268 acc 0.720 | val loss 0.9145 acc 0.713
[resnet50 trial4] Epoch  35/100 | LR: 2.91e-07 | train loss 0.9220 acc 0.715 | val loss 0.9080 acc 0.710 *
[resnet50 trial4] Epoch  36/100 | LR: 2.91e-07 | train loss 0.9174 acc 0.711 | val loss 0.9143 acc 0.710
[resnet50 trial4] Epoch  37/100 | LR: 2.91e-07 | train loss 0.9270 acc 0.705 | val loss 0.9101 acc 0.716
[resnet50 trial4] Epoch  38/100 | LR: 2.91e-07 | train loss 0.9197 acc 0.709 | val loss 0.9128 acc 0.707
[resnet50 trial4] Epoch  39/100 | LR: 2.91e-07 | train loss 0.9228 acc 0.713 | val loss 0.9094 acc 0.716
[resnet50 trial4] Epoch  40/100 | LR: 2.91e-07 | train loss 0.9155 acc 0.715 | val loss 0.9128 acc 0.713
[resnet50 trial4] Epoch  41/100 | LR: 2.91e-07 | train loss 0.9176 acc 0.707 | val loss 0.9072 acc 0.713 *
[resnet50 trial4] Epoch  42/100 | LR: 2.91e-07 | train loss 0.9195 acc 0.717 | val loss 0.8956 acc 0.716 *
[resnet50 trial4] Epoch  43/100 | LR: 2.91e-07 | train loss 0.9165 acc 0.715 | val loss 0.8952 acc 0.716 *
[resnet50 trial4] Epoch  44/100 | LR: 2.91e-07 | train loss 0.9123 acc 0.713 | val loss 0.9212 acc 0.713
[resnet50 trial4] Epoch  45/100 | LR: 2.91e-07 | train loss 0.9142 acc 0.713 | val loss 0.8936 acc 0.724 *
[resnet50 trial4] Epoch  46/100 | LR: 2.91e-07 | train loss 0.9162 acc 0.712 | val loss 0.8944 acc 0.718
[resnet50 trial4] Epoch  47/100 | LR: 2.91e-07 | train loss 0.9121 acc 0.729 | val loss 0.8972 acc 0.713
[resnet50 trial4] Epoch  48/100 | LR: 2.91e-07 | train loss 0.9055 acc 0.718 | val loss 0.8935 acc 0.718 *
[resnet50 trial4] Epoch  49/100 | LR: 2.91e-07 | train loss 0.9174 acc 0.718 | val loss 0.8979 acc 0.716
[resnet50 trial4] Epoch  50/100 | LR: 2.91e-07 | train loss 0.9072 acc 0.720 | val loss 0.8850 acc 0.721 *
[resnet50 trial4] Epoch  51/100 | LR: 2.91e-07 | train loss 0.9066 acc 0.716 | val loss 0.8946 acc 0.718
[resnet50 trial4] Epoch  52/100 | LR: 2.91e-07 | train loss 0.9099 acc 0.716 | val loss 0.8965 acc 0.713
[resnet50 trial4] Epoch  53/100 | LR: 2.91e-07 | train loss 0.8985 acc 0.724 | val loss 0.8828 acc 0.718 *
[resnet50 trial4] Epoch  54/100 | LR: 2.91e-08 | train loss 0.9008 acc 0.723 | val loss 0.8906 acc 0.713
[resnet50 trial4] Epoch  55/100 | LR: 2.91e-08 | train loss 0.9058 acc 0.715 | val loss 0.8894 acc 0.710
[resnet50 trial4] Epoch  56/100 | LR: 2.91e-08 | train loss 0.9055 acc 0.713 | val loss 0.8979 acc 0.713
[resnet50 trial4] Epoch  57/100 | LR: 2.91e-08 | train loss 0.9047 acc 0.725 | val loss 0.8834 acc 0.724
[resnet50 trial4] Epoch  58/100 | LR: 2.91e-08 | train loss 0.9027 acc 0.723 | val loss 0.8955 acc 0.707
[resnet50 trial4] Epoch  59/100 | LR: 2.91e-08 | train loss 0.9051 acc 0.722 | val loss 0.8906 acc 0.716
[resnet50 trial4] Epoch  60/100 | LR: 2.91e-08 | train loss 0.9009 acc 0.718 | val loss 0.8970 acc 0.718
[resnet50 trial4] Epoch  61/100 | LR: 2.91e-08 | train loss 0.9057 acc 0.719 | val loss 0.8920 acc 0.721
[resnet50 trial4] Epoch  62/100 | LR: 2.91e-08 | train loss 0.9029 acc 0.723 | val loss 0.9034 acc 0.718
[resnet50 trial4] Epoch  63/100 | LR: 2.91e-08 | train loss 0.9031 acc 0.723 | val loss 0.8859 acc 0.710

[resnet50 trial4] No val loss improvement for 10 epochs — stopping early at epoch 63.

[resnet50 trial4] Restored best checkpoint (val loss = 0.8828)
[02:02:14] [resnet50] trial 4 finished: best val_acc=0.7185 (at val_loss=0.8828)
[I 2026-09-29 02:02:14,138] Trial 4 finished with value: 0.718475073313783 and parameters: {'hidden_layers': 1, 'neurons': 512, 'lr': 2.907208890659845e-06, 'beta1': 0.9306886095119211, 'step_size': 27, 'batch_size': 96}. Best is trial 1 with value: 0.8035190615835777.
[02:02:14] [resnet50] trial 5: H=2 N=512 lr=5.13e-05 beta1=0.513 step_size=8 batch_size=48 (micro_batch=16, accum_steps=3)
[warn] ../cnn_dataset_split_facility_test-NoordelikeWerke/aerobic_zone/test does not exist -- using an empty split.
[resnet50 trial5] Using gradient accumulation: 3 micro-batches per optimizer step (effective batch size ≈ micro_batch x 3).
[resnet50 trial5] Epoch   1/100 | LR: 5.13e-05 | train loss 1.0622 acc 0.586 | val loss 0.9115 acc 0.692 *
[resnet50 trial5] Epoch   2/100 | LR: 5.13e-05 | train loss 0.8580 acc 0.718 | val loss 0.6584 acc 0.745 *
[resnet50 trial5] Epoch   3/100 | LR: 5.13e-05 | train loss 0.7465 acc 0.741 | val loss 0.6489 acc 0.698 *
[resnet50 trial5] Epoch   4/100 | LR: 5.13e-05 | train loss 0.6699 acc 0.750 | val loss 0.6256 acc 0.692 *
[resnet50 trial5] Epoch   5/100 | LR: 5.13e-05 | train loss 0.6160 acc 0.753 | val loss 0.6126 acc 0.695 *
[resnet50 trial5] Epoch   6/100 | LR: 5.13e-05 | train loss 0.5492 acc 0.783 | val loss 0.6042 acc 0.683 *
[resnet50 trial5] Epoch   7/100 | LR: 5.13e-05 | train loss 0.5240 acc 0.799 | val loss 0.6052 acc 0.710
[resnet50 trial5] Epoch   8/100 | LR: 5.13e-06 | train loss 0.4969 acc 0.815 | val loss 0.5493 acc 0.742 *
[resnet50 trial5] Epoch   9/100 | LR: 5.13e-06 | train loss 0.4649 acc 0.826 | val loss 0.6088 acc 0.713
[resnet50 trial5] Epoch  10/100 | LR: 5.13e-06 | train loss 0.4559 acc 0.833 | val loss 0.5920 acc 0.718
[resnet50 trial5] Epoch  11/100 | LR: 5.13e-06 | train loss 0.4489 acc 0.829 | val loss 0.5903 acc 0.742
[resnet50 trial5] Epoch  12/100 | LR: 5.13e-06 | train loss 0.4584 acc 0.820 | val loss 0.6210 acc 0.713
[resnet50 trial5] Epoch  13/100 | LR: 5.13e-06 | train loss 0.4386 acc 0.841 | val loss 0.6032 acc 0.713
[resnet50 trial5] Epoch  14/100 | LR: 5.13e-06 | train loss 0.4490 acc 0.827 | val loss 0.5840 acc 0.733
[resnet50 trial5] Epoch  15/100 | LR: 5.13e-06 | train loss 0.4189 acc 0.831 | val loss 0.6079 acc 0.721
[resnet50 trial5] Epoch  16/100 | LR: 5.13e-07 | train loss 0.4059 acc 0.845 | val loss 0.5607 acc 0.751
[resnet50 trial5] Epoch  17/100 | LR: 5.13e-07 | train loss 0.4196 acc 0.844 | val loss 0.5525 acc 0.742
[resnet50 trial5] Epoch  18/100 | LR: 5.13e-07 | train loss 0.4188 acc 0.845 | val loss 0.5792 acc 0.730

[resnet50 trial5] No val loss improvement for 10 epochs — stopping early at epoch 18.

[resnet50 trial5] Restored best checkpoint (val loss = 0.5493)
[02:04:42] [resnet50] trial 5 finished: best val_acc=0.7419 (at val_loss=0.5493)
[I 2026-09-29 02:04:42,335] Trial 5 finished with value: 0.7419354838709677 and parameters: {'hidden_layers': 2, 'neurons': 512, 'lr': 5.1305517605898387e-05, 'beta1': 0.5126841442453035, 'step_size': 8, 'batch_size': 48}. Best is trial 1 with value: 0.8035190615835777.
[02:04:42] [resnet50] trial 6: H=2 N=512 lr=3.06e-03 beta1=0.901 step_size=11 batch_size=32 (micro_batch=16, accum_steps=2)
[warn] ../cnn_dataset_split_facility_test-NoordelikeWerke/aerobic_zone/test does not exist -- using an empty split.
[resnet50 trial6] Using gradient accumulation: 2 micro-batches per optimizer step (effective batch size ≈ micro_batch x 2).
[resnet50 trial6] Epoch   1/100 | LR: 3.06e-03 | train loss 1.1075 acc 0.379 | val loss 1.0735 acc 0.501 *
[resnet50 trial6] Epoch   2/100 | LR: 3.06e-03 | train loss 1.0933 acc 0.436 | val loss 1.0930 acc 0.490
[resnet50 trial6] Epoch   3/100 | LR: 3.06e-03 | train loss 1.0787 acc 0.497 | val loss 1.0099 acc 0.663 *
[resnet50 trial6] Epoch   4/100 | LR: 3.06e-03 | train loss 1.0345 acc 0.617 | val loss 1.1057 acc 0.680
[resnet50 trial6] Epoch   5/100 | LR: 3.06e-03 | train loss 1.0077 acc 0.638 | val loss 1.0605 acc 0.645
[resnet50 trial6] Epoch   6/100 | LR: 3.06e-03 | train loss 1.0327 acc 0.607 | val loss 1.0543 acc 0.569
[resnet50 trial6] Epoch   7/100 | LR: 3.06e-03 | train loss 0.9766 acc 0.620 | val loss 0.9872 acc 0.457 *
[resnet50 trial6] Epoch   8/100 | LR: 3.06e-03 | train loss 0.9763 acc 0.626 | val loss 0.8969 acc 0.680 *
[resnet50 trial6] Epoch   9/100 | LR: 3.06e-03 | train loss 0.9383 acc 0.658 | val loss 0.8562 acc 0.543 *
[resnet50 trial6] Epoch  10/100 | LR: 3.06e-03 | train loss 0.9454 acc 0.634 | val loss 0.8426 acc 0.651 *
[resnet50 trial6] Epoch  11/100 | LR: 3.06e-04 | train loss 0.9261 acc 0.637 | val loss 0.7632 acc 0.701 *
[resnet50 trial6] Epoch  12/100 | LR: 3.06e-04 | train loss 0.8785 acc 0.660 | val loss 0.7573 acc 0.660 *
[resnet50 trial6] Epoch  13/100 | LR: 3.06e-04 | train loss 0.8476 acc 0.660 | val loss 0.7411 acc 0.677 *
[resnet50 trial6] Epoch  14/100 | LR: 3.06e-04 | train loss 0.8337 acc 0.673 | val loss 0.6979 acc 0.695 *
[resnet50 trial6] Epoch  15/100 | LR: 3.06e-04 | train loss 0.8147 acc 0.680 | val loss 0.7023 acc 0.674
[resnet50 trial6] Epoch  16/100 | LR: 3.06e-04 | train loss 0.8228 acc 0.656 | val loss 0.7541 acc 0.657
[I 2026-09-29 02:06:58,422] Trial 6 pruned. 
[02:06:58] [resnet50] trial 7: H=1 N=512 lr=2.24e-05 beta1=0.971 step_size=16 batch_size=32 (micro_batch=16, accum_steps=2)
[warn] ../cnn_dataset_split_facility_test-NoordelikeWerke/aerobic_zone/test does not exist -- using an empty split.
[resnet50 trial7] Using gradient accumulation: 2 micro-batches per optimizer step (effective batch size ≈ micro_batch x 2).
[resnet50 trial7] Epoch   1/100 | LR: 2.24e-05 | train loss 1.0831 acc 0.427 | val loss 1.0391 acc 0.642 *
[resnet50 trial7] Epoch   2/100 | LR: 2.24e-05 | train loss 1.0145 acc 0.693 | val loss 0.9381 acc 0.683 *
[resnet50 trial7] Epoch   3/100 | LR: 2.24e-05 | train loss 0.9402 acc 0.714 | val loss 0.8392 acc 0.721 *
[resnet50 trial7] Epoch   4/100 | LR: 2.24e-05 | train loss 0.8429 acc 0.733 | val loss 0.7690 acc 0.710 *
[resnet50 trial7] Epoch   5/100 | LR: 2.24e-05 | train loss 0.7808 acc 0.733 | val loss 0.7313 acc 0.704 *
[resnet50 trial7] Epoch   6/100 | LR: 2.24e-05 | train loss 0.7236 acc 0.748 | val loss 0.6708 acc 0.721 *
[resnet50 trial7] Epoch   7/100 | LR: 2.24e-05 | train loss 0.6944 acc 0.752 | val loss 0.6437 acc 0.733 *
[resnet50 trial7] Epoch   8/100 | LR: 2.24e-05 | train loss 0.6360 acc 0.765 | val loss 0.6325 acc 0.695 *
[resnet50 trial7] Epoch   9/100 | LR: 2.24e-05 | train loss 0.6196 acc 0.765 | val loss 0.5660 acc 0.745 *
[resnet50 trial7] Epoch  10/100 | LR: 2.24e-05 | train loss 0.6114 acc 0.771 | val loss 0.6125 acc 0.710
[resnet50 trial7] Epoch  11/100 | LR: 2.24e-05 | train loss 0.5514 acc 0.782 | val loss 0.6036 acc 0.710
[resnet50 trial7] Epoch  12/100 | LR: 2.24e-05 | train loss 0.5265 acc 0.804 | val loss 0.5686 acc 0.748
[resnet50 trial7] Epoch  13/100 | LR: 2.24e-05 | train loss 0.5075 acc 0.806 | val loss 0.6397 acc 0.698
[resnet50 trial7] Epoch  14/100 | LR: 2.24e-05 | train loss 0.4791 acc 0.815 | val loss 0.5338 acc 0.751 *
[resnet50 trial7] Epoch  15/100 | LR: 2.24e-05 | train loss 0.4663 acc 0.827 | val loss 0.5960 acc 0.721
[resnet50 trial7] Epoch  16/100 | LR: 2.24e-06 | train loss 0.4301 acc 0.834 | val loss 0.5873 acc 0.754
[resnet50 trial7] Epoch  17/100 | LR: 2.24e-06 | train loss 0.4376 acc 0.835 | val loss 0.5559 acc 0.757
[resnet50 trial7] Epoch  18/100 | LR: 2.24e-06 | train loss 0.4306 acc 0.835 | val loss 0.5947 acc 0.745
[resnet50 trial7] Epoch  19/100 | LR: 2.24e-06 | train loss 0.4456 acc 0.830 | val loss 0.5976 acc 0.733
[resnet50 trial7] Epoch  20/100 | LR: 2.24e-06 | train loss 0.4027 acc 0.842 | val loss 0.5951 acc 0.736
[resnet50 trial7] Epoch  21/100 | LR: 2.24e-06 | train loss 0.4210 acc 0.845 | val loss 0.5780 acc 0.754
[resnet50 trial7] Epoch  22/100 | LR: 2.24e-06 | train loss 0.4147 acc 0.850 | val loss 0.5841 acc 0.736
[resnet50 trial7] Epoch  23/100 | LR: 2.24e-06 | train loss 0.4094 acc 0.858 | val loss 0.5985 acc 0.730
[resnet50 trial7] Epoch  24/100 | LR: 2.24e-06 | train loss 0.3963 acc 0.845 | val loss 0.5837 acc 0.727

[resnet50 trial7] No val loss improvement for 10 epochs — stopping early at epoch 24.

[resnet50 trial7] Restored best checkpoint (val loss = 0.5338)
[02:10:39] [resnet50] trial 7 finished: best val_acc=0.7507 (at val_loss=0.5338)
[I 2026-09-29 02:10:39,573] Trial 7 finished with value: 0.750733137829912 and parameters: {'hidden_layers': 1, 'neurons': 512, 'lr': 2.2410971619109514e-05, 'beta1': 0.970511942252347, 'step_size': 16, 'batch_size': 32}. Best is trial 1 with value: 0.8035190615835777.
[02:10:39] [resnet50] trial 8: H=2 N=2048 lr=9.08e-06 beta1=0.572 step_size=22 batch_size=8 (micro_batch=8, accum_steps=1)
[warn] ../cnn_dataset_split_facility_test-NoordelikeWerke/aerobic_zone/test does not exist -- using an empty split.
[resnet50 trial8] Epoch   1/100 | LR: 9.08e-06 | train loss 1.0696 acc 0.611 | val loss 0.9907 acc 0.677 *
[resnet50 trial8] Epoch   2/100 | LR: 9.08e-06 | train loss 0.9361 acc 0.708 | val loss 0.8536 acc 0.718 *
[resnet50 trial8] Epoch   3/100 | LR: 9.08e-06 | train loss 0.8214 acc 0.726 | val loss 0.7713 acc 0.707 *
[resnet50 trial8] Epoch   4/100 | LR: 9.08e-06 | train loss 0.7668 acc 0.743 | val loss 0.7642 acc 0.625 *
[resnet50 trial8] Epoch   5/100 | LR: 9.08e-06 | train loss 0.7398 acc 0.733 | val loss 0.6743 acc 0.718 *
[resnet50 trial8] Epoch   6/100 | LR: 9.08e-06 | train loss 0.6951 acc 0.742 | val loss 0.6260 acc 0.733 *
[resnet50 trial8] Epoch   7/100 | LR: 9.08e-06 | train loss 0.6687 acc 0.731 | val loss 0.6365 acc 0.695
[resnet50 trial8] Epoch   8/100 | LR: 9.08e-06 | train loss 0.6625 acc 0.754 | val loss 0.6421 acc 0.704
[resnet50 trial8] Epoch   9/100 | LR: 9.08e-06 | train loss 0.6357 acc 0.767 | val loss 0.6305 acc 0.716
[resnet50 trial8] Epoch  10/100 | LR: 9.08e-06 | train loss 0.6809 acc 0.733 | val loss 0.6577 acc 0.716
[resnet50 trial8] Epoch  11/100 | LR: 9.08e-06 | train loss 0.6057 acc 0.778 | val loss 0.6553 acc 0.707
[resnet50 trial8] Epoch  12/100 | LR: 9.08e-06 | train loss 0.5687 acc 0.797 | val loss 0.7406 acc 0.642
[resnet50 trial8] Epoch  13/100 | LR: 9.08e-06 | train loss 0.5589 acc 0.792 | val loss 0.5916 acc 0.727 *
[resnet50 trial8] Epoch  14/100 | LR: 9.08e-06 | train loss 0.5896 acc 0.768 | val loss 0.7110 acc 0.698
[resnet50 trial8] Epoch  15/100 | LR: 9.08e-06 | train loss 0.5377 acc 0.804 | val loss 0.5814 acc 0.718 *
[resnet50 trial8] Epoch  16/100 | LR: 9.08e-06 | train loss 0.5315 acc 0.788 | val loss 0.5736 acc 0.742 *
[I 2026-09-29 02:13:05,829] Trial 8 pruned. 
[02:13:05] [resnet50] trial 9: H=3 N=512 lr=2.31e-04 beta1=0.838 step_size=5 batch_size=96 (micro_batch=16, accum_steps=6)
[warn] ../cnn_dataset_split_facility_test-NoordelikeWerke/aerobic_zone/test does not exist -- using an empty split.
[resnet50 trial9] Using gradient accumulation: 6 micro-batches per optimizer step (effective batch size ≈ micro_batch x 6).
[resnet50 trial9] Epoch   1/100 | LR: 2.31e-04 | train loss 1.0239 acc 0.408 | val loss 0.7343 acc 0.733 *
[resnet50 trial9] Epoch   2/100 | LR: 2.31e-04 | train loss 0.7710 acc 0.741 | val loss 0.5759 acc 0.751 *
[resnet50 trial9] Epoch   3/100 | LR: 2.31e-04 | train loss 0.6407 acc 0.749 | val loss 0.6219 acc 0.689
[resnet50 trial9] Epoch   4/100 | LR: 2.31e-04 | train loss 0.6351 acc 0.733 | val loss 0.6695 acc 0.672
[resnet50 trial9] Epoch   5/100 | LR: 2.31e-05 | train loss 0.6221 acc 0.756 | val loss 0.7805 acc 0.633
[resnet50 trial9] Epoch   6/100 | LR: 2.31e-05 | train loss 0.5313 acc 0.788 | val loss 0.6174 acc 0.736
[resnet50 trial9] Epoch   7/100 | LR: 2.31e-05 | train loss 0.4852 acc 0.822 | val loss 0.6130 acc 0.730
[resnet50 trial9] Epoch   8/100 | LR: 2.31e-05 | train loss 0.4789 acc 0.819 | val loss 0.5823 acc 0.742
[resnet50 trial9] Epoch   9/100 | LR: 2.31e-05 | train loss 0.4735 acc 0.815 | val loss 0.6203 acc 0.727
[resnet50 trial9] Epoch  10/100 | LR: 2.31e-06 | train loss 0.4391 acc 0.834 | val loss 0.6187 acc 0.745
[resnet50 trial9] Epoch  11/100 | LR: 2.31e-06 | train loss 0.4283 acc 0.831 | val loss 0.5744 acc 0.751 *
[resnet50 trial9] Epoch  12/100 | LR: 2.31e-06 | train loss 0.4157 acc 0.830 | val loss 0.5840 acc 0.748
[resnet50 trial9] Epoch  13/100 | LR: 2.31e-06 | train loss 0.4506 acc 0.824 | val loss 0.5425 acc 0.762 *
[resnet50 trial9] Epoch  14/100 | LR: 2.31e-06 | train loss 0.4438 acc 0.828 | val loss 0.5565 acc 0.751
[resnet50 trial9] Epoch  15/100 | LR: 2.31e-07 | train loss 0.4363 acc 0.833 | val loss 0.5448 acc 0.760
[resnet50 trial9] Epoch  16/100 | LR: 2.31e-07 | train loss 0.4083 acc 0.833 | val loss 0.5586 acc 0.757
[resnet50 trial9] Epoch  17/100 | LR: 2.31e-07 | train loss 0.4156 acc 0.843 | val loss 0.5996 acc 0.742
[resnet50 trial9] Epoch  18/100 | LR: 2.31e-07 | train loss 0.4175 acc 0.843 | val loss 0.5790 acc 0.751
[resnet50 trial9] Epoch  19/100 | LR: 2.31e-07 | train loss 0.4191 acc 0.839 | val loss 0.5810 acc 0.739
[resnet50 trial9] Epoch  20/100 | LR: 2.31e-08 | train loss 0.4254 acc 0.845 | val loss 0.5373 acc 0.762 *
[resnet50 trial9] Epoch  21/100 | LR: 2.31e-08 | train loss 0.4152 acc 0.849 | val loss 0.5356 acc 0.765 *
[resnet50 trial9] Epoch  22/100 | LR: 2.31e-08 | train loss 0.4634 acc 0.822 | val loss 0.5990 acc 0.751
[resnet50 trial9] Epoch  23/100 | LR: 2.31e-08 | train loss 0.4242 acc 0.847 | val loss 0.5683 acc 0.751
[resnet50 trial9] Epoch  24/100 | LR: 2.31e-08 | train loss 0.4148 acc 0.846 | val loss 0.5651 acc 0.760
[resnet50 trial9] Epoch  25/100 | LR: 2.31e-09 | train loss 0.4467 acc 0.830 | val loss 0.5589 acc 0.751
[resnet50 trial9] Epoch  26/100 | LR: 2.31e-09 | train loss 0.4226 acc 0.835 | val loss 0.5766 acc 0.748
[resnet50 trial9] Epoch  27/100 | LR: 2.31e-09 | train loss 0.4416 acc 0.840 | val loss 0.6143 acc 0.736
[resnet50 trial9] Epoch  28/100 | LR: 2.31e-09 | train loss 0.4267 acc 0.837 | val loss 0.5709 acc 0.745
[resnet50 trial9] Epoch  29/100 | LR: 2.31e-09 | train loss 0.4427 acc 0.817 | val loss 0.5566 acc 0.754
[resnet50 trial9] Epoch  30/100 | LR: 2.31e-10 | train loss 0.4191 acc 0.840 | val loss 0.6127 acc 0.736
[resnet50 trial9] Epoch  31/100 | LR: 2.31e-10 | train loss 0.4153 acc 0.838 | val loss 0.5574 acc 0.760

[resnet50 trial9] No val loss improvement for 10 epochs — stopping early at epoch 31.

[resnet50 trial9] Restored best checkpoint (val loss = 0.5356)
[02:17:58] [resnet50] trial 9 finished: best val_acc=0.7654 (at val_loss=0.5356)
[I 2026-09-29 02:17:58,854] Trial 9 finished with value: 0.7653958944281525 and parameters: {'hidden_layers': 3, 'neurons': 512, 'lr': 0.00023097861492693574, 'beta1': 0.8381046165592989, 'step_size': 5, 'batch_size': 96}. Best is trial 1 with value: 0.8035190615835777.
[02:17:58] [resnet50] trial 10: H=2 N=2048 lr=6.20e-03 beta1=0.629 step_size=14 batch_size=96 (micro_batch=16, accum_steps=6)
[warn] ../cnn_dataset_split_facility_test-NoordelikeWerke/aerobic_zone/test does not exist -- using an empty split.
[resnet50 trial10] Using gradient accumulation: 6 micro-batches per optimizer step (effective batch size ≈ micro_batch x 6).
[resnet50 trial10] Epoch   1/100 | LR: 6.20e-03 | train loss 10.6968 acc 0.395 | val loss 24.3766 acc 0.519 *
[resnet50 trial10] Epoch   2/100 | LR: 6.20e-03 | train loss 1.1239 acc 0.437 | val loss 1.1023 acc 0.152 *
[resnet50 trial10] Epoch   3/100 | LR: 6.20e-03 | train loss 1.0999 acc 0.257 | val loss 1.0762 acc 0.469 *
[resnet50 trial10] Epoch   4/100 | LR: 6.20e-03 | train loss 1.0973 acc 0.484 | val loss 1.0442 acc 0.481 *
[resnet50 trial10] Epoch   5/100 | LR: 6.20e-03 | train loss 1.0892 acc 0.492 | val loss 0.9699 acc 0.636 *
[I 2026-09-29 02:18:44,697] Trial 10 pruned. 
[02:18:44] [resnet50] trial 11: H=2 N=2048 lr=2.55e-04 beta1=0.877 step_size=6 batch_size=96 (micro_batch=16, accum_steps=6)
[warn] ../cnn_dataset_split_facility_test-NoordelikeWerke/aerobic_zone/test does not exist -- using an empty split.
[resnet50 trial11] Using gradient accumulation: 6 micro-batches per optimizer step (effective batch size ≈ micro_batch x 6).
[resnet50 trial11] Epoch   1/100 | LR: 2.55e-04 | train loss 0.9458 acc 0.609 | val loss 0.7987 acc 0.628 *
[resnet50 trial11] Epoch   2/100 | LR: 2.55e-04 | train loss 0.7208 acc 0.712 | val loss 0.7739 acc 0.672 *
[resnet50 trial11] Epoch   3/100 | LR: 2.55e-04 | train loss 0.6119 acc 0.733 | val loss 0.5279 acc 0.771 *
[resnet50 trial11] Epoch   4/100 | LR: 2.55e-04 | train loss 0.6138 acc 0.747 | val loss 0.5979 acc 0.704
[resnet50 trial11] Epoch   5/100 | LR: 2.55e-04 | train loss 0.5102 acc 0.812 | val loss 0.5704 acc 0.762
[resnet50 trial11] Epoch   6/100 | LR: 2.55e-05 | train loss 0.5396 acc 0.785 | val loss 0.5358 acc 0.724
[resnet50 trial11] Epoch   7/100 | LR: 2.55e-05 | train loss 0.5173 acc 0.805 | val loss 0.5226 acc 0.736 *
[resnet50 trial11] Epoch   8/100 | LR: 2.55e-05 | train loss 0.4575 acc 0.832 | val loss 0.5187 acc 0.760 *
[resnet50 trial11] Epoch   9/100 | LR: 2.55e-05 | train loss 0.4313 acc 0.835 | val loss 0.5084 acc 0.760 *
[resnet50 trial11] Epoch  10/100 | LR: 2.55e-05 | train loss 0.3798 acc 0.854 | val loss 0.5231 acc 0.751
[resnet50 trial11] Epoch  11/100 | LR: 2.55e-05 | train loss 0.3901 acc 0.853 | val loss 0.4743 acc 0.783 *
[resnet50 trial11] Epoch  12/100 | LR: 2.55e-06 | train loss 0.3581 acc 0.875 | val loss 0.5263 acc 0.762
[resnet50 trial11] Epoch  13/100 | LR: 2.55e-06 | train loss 0.3730 acc 0.852 | val loss 0.5130 acc 0.760
[resnet50 trial11] Epoch  14/100 | LR: 2.55e-06 | train loss 0.3328 acc 0.882 | val loss 0.4842 acc 0.777
[resnet50 trial11] Epoch  15/100 | LR: 2.55e-06 | train loss 0.3498 acc 0.870 | val loss 0.5345 acc 0.754
[resnet50 trial11] Epoch  16/100 | LR: 2.55e-06 | train loss 0.3437 acc 0.879 | val loss 0.4989 acc 0.780
[resnet50 trial11] Epoch  17/100 | LR: 2.55e-06 | train loss 0.3303 acc 0.881 | val loss 0.5599 acc 0.751
[resnet50 trial11] Epoch  18/100 | LR: 2.55e-07 | train loss 0.3416 acc 0.872 | val loss 0.5918 acc 0.757
[resnet50 trial11] Epoch  19/100 | LR: 2.55e-07 | train loss 0.3302 acc 0.869 | val loss 0.5633 acc 0.745
[resnet50 trial11] Epoch  20/100 | LR: 2.55e-07 | train loss 0.3493 acc 0.868 | val loss 0.5254 acc 0.751
[resnet50 trial11] Epoch  21/100 | LR: 2.55e-07 | train loss 0.3349 acc 0.872 | val loss 0.4772 acc 0.777

[resnet50 trial11] No val loss improvement for 10 epochs — stopping early at epoch 21.

[resnet50 trial11] Restored best checkpoint (val loss = 0.4743)
[02:21:47] [resnet50] trial 11 finished: best val_acc=0.7830 (at val_loss=0.4743)
[I 2026-09-29 02:21:47,185] Trial 11 finished with value: 0.782991202346041 and parameters: {'hidden_layers': 2, 'neurons': 2048, 'lr': 0.00025464765649380305, 'beta1': 0.876983516570074, 'step_size': 6, 'batch_size': 96}. Best is trial 1 with value: 0.8035190615835777.
[02:21:47] [resnet50] trial 12: H=2 N=2048 lr=8.95e-04 beta1=0.832 step_size=39 batch_size=96 (micro_batch=16, accum_steps=6)
[warn] ../cnn_dataset_split_facility_test-NoordelikeWerke/aerobic_zone/test does not exist -- using an empty split.
[resnet50 trial12] Using gradient accumulation: 6 micro-batches per optimizer step (effective batch size ≈ micro_batch x 6).
[resnet50 trial12] Epoch   1/100 | LR: 8.95e-04 | train loss 1.0424 acc 0.451 | val loss 0.6564 acc 0.727 *
[resnet50 trial12] Epoch   2/100 | LR: 8.95e-04 | train loss 0.7864 acc 0.718 | val loss 0.5436 acc 0.739 *
[resnet50 trial12] Epoch   3/100 | LR: 8.95e-04 | train loss 0.7268 acc 0.735 | val loss 0.5694 acc 0.754
[resnet50 trial12] Epoch   4/100 | LR: 8.95e-04 | train loss 0.7158 acc 0.708 | val loss 0.6952 acc 0.674
[resnet50 trial12] Epoch   5/100 | LR: 8.95e-04 | train loss 0.7306 acc 0.673 | val loss 0.6012 acc 0.751
[resnet50 trial12] Epoch   6/100 | LR: 8.95e-04 | train loss 0.7070 acc 0.745 | val loss 0.5356 acc 0.760 *
[resnet50 trial12] Epoch   7/100 | LR: 8.95e-04 | train loss 0.6525 acc 0.744 | val loss 0.6582 acc 0.716
[resnet50 trial12] Epoch   8/100 | LR: 8.95e-04 | train loss 0.6156 acc 0.778 | val loss 0.6230 acc 0.739
[resnet50 trial12] Epoch   9/100 | LR: 8.95e-04 | train loss 0.6116 acc 0.748 | val loss 0.4688 acc 0.804 *
[resnet50 trial12] Epoch  10/100 | LR: 8.95e-04 | train loss 0.6041 acc 0.774 | val loss 0.5022 acc 0.804
[resnet50 trial12] Epoch  11/100 | LR: 8.95e-04 | train loss 0.5441 acc 0.787 | val loss 0.6789 acc 0.721
[resnet50 trial12] Epoch  12/100 | LR: 8.95e-04 | train loss 0.5311 acc 0.803 | val loss 0.6212 acc 0.742
[resnet50 trial12] Epoch  13/100 | LR: 8.95e-04 | train loss 0.5288 acc 0.792 | val loss 0.4951 acc 0.774
[resnet50 trial12] Epoch  14/100 | LR: 8.95e-04 | train loss 0.4875 acc 0.811 | val loss 0.4639 acc 0.780 *
[resnet50 trial12] Epoch  15/100 | LR: 8.95e-04 | train loss 0.5394 acc 0.783 | val loss 0.4281 acc 0.804 *
[resnet50 trial12] Epoch  16/100 | LR: 8.95e-04 | train loss 0.5137 acc 0.812 | val loss 0.5572 acc 0.777
[resnet50 trial12] Epoch  17/100 | LR: 8.95e-04 | train loss 0.4908 acc 0.822 | val loss 0.6571 acc 0.716
[resnet50 trial12] Epoch  18/100 | LR: 8.95e-04 | train loss 0.4724 acc 0.802 | val loss 0.5459 acc 0.745
[resnet50 trial12] Epoch  19/100 | LR: 8.95e-04 | train loss 0.4180 acc 0.834 | val loss 0.5768 acc 0.783
[resnet50 trial12] Epoch  20/100 | LR: 8.95e-04 | train loss 0.4149 acc 0.833 | val loss 0.4288 acc 0.833
[resnet50 trial12] Epoch  21/100 | LR: 8.95e-04 | train loss 0.4273 acc 0.830 | val loss 0.6566 acc 0.771
[resnet50 trial12] Epoch  22/100 | LR: 8.95e-04 | train loss 0.4128 acc 0.841 | val loss 0.5128 acc 0.786
[resnet50 trial12] Epoch  23/100 | LR: 8.95e-04 | train loss 0.3525 acc 0.868 | val loss 0.7582 acc 0.718
[resnet50 trial12] Epoch  24/100 | LR: 8.95e-04 | train loss 0.4410 acc 0.815 | val loss 0.6614 acc 0.751
[resnet50 trial12] Epoch  25/100 | LR: 8.95e-04 | train loss 0.4046 acc 0.849 | val loss 0.6440 acc 0.739

[resnet50 trial12] No val loss improvement for 10 epochs — stopping early at epoch 25.

[resnet50 trial12] Restored best checkpoint (val loss = 0.4281)
[02:25:28] [resnet50] trial 12 finished: best val_acc=0.8035 (at val_loss=0.4281)
[I 2026-09-29 02:25:28,708] Trial 12 finished with value: 0.8035190615835777 and parameters: {'hidden_layers': 2, 'neurons': 2048, 'lr': 0.0008953026715345153, 'beta1': 0.8321348697772839, 'step_size': 39, 'batch_size': 96}. Best is trial 1 with value: 0.8035190615835777.
[02:25:28] [resnet50] trial 13: H=2 N=2048 lr=4.06e-04 beta1=0.604 step_size=23 batch_size=96 (micro_batch=16, accum_steps=6)
[warn] ../cnn_dataset_split_facility_test-NoordelikeWerke/aerobic_zone/test does not exist -- using an empty split.
[resnet50 trial13] Using gradient accumulation: 6 micro-batches per optimizer step (effective batch size ≈ micro_batch x 6).
[resnet50 trial13] Epoch   1/100 | LR: 4.06e-04 | train loss 0.9186 acc 0.626 | val loss 0.6871 acc 0.674 *
[resnet50 trial13] Epoch   2/100 | LR: 4.06e-04 | train loss 0.7645 acc 0.676 | val loss 0.6912 acc 0.660
[resnet50 trial13] Epoch   3/100 | LR: 4.06e-04 | train loss 0.6639 acc 0.762 | val loss 0.5822 acc 0.739 *
[resnet50 trial13] Epoch   4/100 | LR: 4.06e-04 | train loss 0.5968 acc 0.775 | val loss 0.5381 acc 0.768 *
[resnet50 trial13] Epoch   5/100 | LR: 4.06e-04 | train loss 0.5498 acc 0.797 | val loss 0.7649 acc 0.689
[resnet50 trial13] Epoch   6/100 | LR: 4.06e-04 | train loss 0.5495 acc 0.792 | val loss 0.5971 acc 0.757
[resnet50 trial13] Epoch   7/100 | LR: 4.06e-04 | train loss 0.4647 acc 0.824 | val loss 0.6387 acc 0.698
[resnet50 trial13] Epoch   8/100 | LR: 4.06e-04 | train loss 0.4682 acc 0.798 | val loss 0.6770 acc 0.651
[resnet50 trial13] Epoch   9/100 | LR: 4.06e-04 | train loss 0.4627 acc 0.833 | val loss 0.4765 acc 0.818 *
[resnet50 trial13] Epoch  10/100 | LR: 4.06e-04 | train loss 0.4236 acc 0.847 | val loss 0.5272 acc 0.765
[resnet50 trial13] Epoch  11/100 | LR: 4.06e-04 | train loss 0.3434 acc 0.882 | val loss 0.5081 acc 0.786
[resnet50 trial13] Epoch  12/100 | LR: 4.06e-04 | train loss 0.3629 acc 0.859 | val loss 0.5189 acc 0.804
[resnet50 trial13] Epoch  13/100 | LR: 4.06e-04 | train loss 0.3790 acc 0.868 | val loss 1.0070 acc 0.657
[resnet50 trial13] Epoch  14/100 | LR: 4.06e-04 | train loss 0.2857 acc 0.896 | val loss 0.6792 acc 0.754
[resnet50 trial13] Epoch  15/100 | LR: 4.06e-04 | train loss 0.2949 acc 0.894 | val loss 0.6832 acc 0.745
[resnet50 trial13] Epoch  16/100 | LR: 4.06e-04 | train loss 0.2443 acc 0.914 | val loss 0.5453 acc 0.833
[resnet50 trial13] Epoch  17/100 | LR: 4.06e-04 | train loss 0.3042 acc 0.894 | val loss 0.6196 acc 0.812
[resnet50 trial13] Epoch  18/100 | LR: 4.06e-04 | train loss 0.2261 acc 0.917 | val loss 0.6330 acc 0.780
[resnet50 trial13] Epoch  19/100 | LR: 4.06e-04 | train loss 0.2055 acc 0.930 | val loss 0.7724 acc 0.762

[resnet50 trial13] No val loss improvement for 10 epochs — stopping early at epoch 19.

[resnet50 trial13] Restored best checkpoint (val loss = 0.4765)
[02:28:18] [resnet50] trial 13 finished: best val_acc=0.8182 (at val_loss=0.4765)
[I 2026-09-29 02:28:18,740] Trial 13 finished with value: 0.8181818181818182 and parameters: {'hidden_layers': 2, 'neurons': 2048, 'lr': 0.00040646782152631836, 'beta1': 0.6041090336546044, 'step_size': 23, 'batch_size': 96}. Best is trial 13 with value: 0.8181818181818182.
[02:28:18] [resnet50] trial 14: H=2 N=2048 lr=3.59e-04 beta1=0.659 step_size=26 batch_size=96 (micro_batch=16, accum_steps=6)
[warn] ../cnn_dataset_split_facility_test-NoordelikeWerke/aerobic_zone/test does not exist -- using an empty split.
[resnet50 trial14] Using gradient accumulation: 6 micro-batches per optimizer step (effective batch size ≈ micro_batch x 6).
[resnet50 trial14] Epoch   1/100 | LR: 3.59e-04 | train loss 0.9260 acc 0.611 | val loss 0.8248 acc 0.554 *
[resnet50 trial14] Epoch   2/100 | LR: 3.59e-04 | train loss 0.7401 acc 0.695 | val loss 0.8131 acc 0.628 *
[resnet50 trial14] Epoch   3/100 | LR: 3.59e-04 | train loss 0.6234 acc 0.744 | val loss 0.6631 acc 0.692 *
[resnet50 trial14] Epoch   4/100 | LR: 3.59e-04 | train loss 0.6471 acc 0.742 | val loss 0.4933 acc 0.748 *
[resnet50 trial14] Epoch   5/100 | LR: 3.59e-04 | train loss 0.5712 acc 0.787 | val loss 1.0071 acc 0.504
[resnet50 trial14] Epoch   6/100 | LR: 3.59e-04 | train loss 0.5305 acc 0.790 | val loss 0.5765 acc 0.754
[resnet50 trial14] Epoch   7/100 | LR: 3.59e-04 | train loss 0.4995 acc 0.824 | val loss 0.6668 acc 0.730
[resnet50 trial14] Epoch   8/100 | LR: 3.59e-04 | train loss 0.4766 acc 0.837 | val loss 0.6137 acc 0.707
[resnet50 trial14] Epoch   9/100 | LR: 3.59e-04 | train loss 0.4617 acc 0.820 | val loss 0.5991 acc 0.724
[resnet50 trial14] Epoch  10/100 | LR: 3.59e-04 | train loss 0.3831 acc 0.857 | val loss 0.6562 acc 0.780
[resnet50 trial14] Epoch  11/100 | LR: 3.59e-04 | train loss 0.3976 acc 0.857 | val loss 0.8227 acc 0.757
[resnet50 trial14] Epoch  12/100 | LR: 3.59e-04 | train loss 0.3408 acc 0.886 | val loss 0.5008 acc 0.812
[resnet50 trial14] Epoch  13/100 | LR: 3.59e-04 | train loss 0.3255 acc 0.882 | val loss 0.6192 acc 0.768
[resnet50 trial14] Epoch  14/100 | LR: 3.59e-04 | train loss 0.3220 acc 0.887 | val loss 0.6011 acc 0.774

[resnet50 trial14] No val loss improvement for 10 epochs — stopping early at epoch 14.

[resnet50 trial14] Restored best checkpoint (val loss = 0.4933)
[02:30:24] [resnet50] trial 14 finished: best val_acc=0.7478 (at val_loss=0.4933)
[I 2026-09-29 02:30:24,993] Trial 14 finished with value: 0.7478005865102639 and parameters: {'hidden_layers': 2, 'neurons': 2048, 'lr': 0.000358839214283198, 'beta1': 0.6587652722507441, 'step_size': 26, 'batch_size': 96}. Best is trial 13 with value: 0.8181818181818182.
[02:30:25] [resnet50] trial 15: H=0 N=2048 lr=1.69e-03 beta1=0.541 step_size=20 batch_size=8 (micro_batch=8, accum_steps=1)
[warn] ../cnn_dataset_split_facility_test-NoordelikeWerke/aerobic_zone/test does not exist -- using an empty split.
[resnet50 trial15] Epoch   1/100 | LR: 1.69e-03 | train loss 1.1465 acc 0.427 | val loss 1.3465 acc 0.452 *
[resnet50 trial15] Epoch   2/100 | LR: 1.69e-03 | train loss 1.1056 acc 0.461 | val loss 1.2794 acc 0.545 *
[resnet50 trial15] Epoch   3/100 | LR: 1.69e-03 | train loss 1.0779 acc 0.516 | val loss 1.1584 acc 0.645 *
[resnet50 trial15] Epoch   4/100 | LR: 1.69e-03 | train loss 1.0842 acc 0.516 | val loss 0.9426 acc 0.601 *
[resnet50 trial15] Epoch   5/100 | LR: 1.69e-03 | train loss 1.0001 acc 0.578 | val loss 0.8326 acc 0.630 *
[I 2026-09-29 02:31:12,085] Trial 15 pruned. 
[02:31:12] [resnet50] trial 16: H=2 N=1024 lr=3.17e-04 beta1=0.646 step_size=13 batch_size=96 (micro_batch=16, accum_steps=6)
[warn] ../cnn_dataset_split_facility_test-NoordelikeWerke/aerobic_zone/test does not exist -- using an empty split.
[resnet50 trial16] Using gradient accumulation: 6 micro-batches per optimizer step (effective batch size ≈ micro_batch x 6).
[resnet50 trial16] Epoch   1/100 | LR: 3.17e-04 | train loss 0.9359 acc 0.646 | val loss 0.6933 acc 0.701 *
[resnet50 trial16] Epoch   2/100 | LR: 3.17e-04 | train loss 0.7443 acc 0.724 | val loss 0.7292 acc 0.648
[resnet50 trial16] Epoch   3/100 | LR: 3.17e-04 | train loss 0.6853 acc 0.733 | val loss 0.7425 acc 0.660
[resnet50 trial16] Epoch   4/100 | LR: 3.17e-04 | train loss 0.5986 acc 0.780 | val loss 0.9117 acc 0.654
[resnet50 trial16] Epoch   5/100 | LR: 3.17e-04 | train loss 0.5565 acc 0.789 | val loss 0.5919 acc 0.727 *
[resnet50 trial16] Epoch   6/100 | LR: 3.17e-04 | train loss 0.5257 acc 0.796 | val loss 0.7023 acc 0.716
[resnet50 trial16] Epoch   7/100 | LR: 3.17e-04 | train loss 0.4638 acc 0.835 | val loss 0.6256 acc 0.771
[resnet50 trial16] Epoch   8/100 | LR: 3.17e-04 | train loss 0.4585 acc 0.839 | val loss 0.4739 acc 0.798 *
[resnet50 trial16] Epoch   9/100 | LR: 3.17e-04 | train loss 0.3956 acc 0.850 | val loss 0.4531 acc 0.806 *
[resnet50 trial16] Epoch  10/100 | LR: 3.17e-04 | train loss 0.3898 acc 0.843 | val loss 0.5678 acc 0.795
[resnet50 trial16] Epoch  11/100 | LR: 3.17e-04 | train loss 0.3701 acc 0.865 | val loss 0.4776 acc 0.804
[resnet50 trial16] Epoch  12/100 | LR: 3.17e-04 | train loss 0.3475 acc 0.872 | val loss 0.5980 acc 0.757
[resnet50 trial16] Epoch  13/100 | LR: 3.17e-05 | train loss 0.3050 acc 0.887 | val loss 0.5011 acc 0.806
[resnet50 trial16] Epoch  14/100 | LR: 3.17e-05 | train loss 0.2690 acc 0.910 | val loss 0.5178 acc 0.786
[resnet50 trial16] Epoch  15/100 | LR: 3.17e-05 | train loss 0.2174 acc 0.918 | val loss 0.5322 acc 0.792
[resnet50 trial16] Epoch  16/100 | LR: 3.17e-05 | train loss 0.1864 acc 0.934 | val loss 0.5210 acc 0.801
[resnet50 trial16] Epoch  17/100 | LR: 3.17e-05 | train loss 0.1728 acc 0.941 | val loss 0.5236 acc 0.809
[resnet50 trial16] Epoch  18/100 | LR: 3.17e-05 | train loss 0.1579 acc 0.941 | val loss 0.5518 acc 0.786
[resnet50 trial16] Epoch  19/100 | LR: 3.17e-05 | train loss 0.1290 acc 0.958 | val loss 0.5520 acc 0.818

[resnet50 trial16] No val loss improvement for 10 epochs — stopping early at epoch 19.

[resnet50 trial16] Restored best checkpoint (val loss = 0.4531)
[02:34:04] [resnet50] trial 16 finished: best val_acc=0.8065 (at val_loss=0.4531)
[I 2026-09-29 02:34:04,863] Trial 16 finished with value: 0.8064516129032258 and parameters: {'hidden_layers': 2, 'neurons': 1024, 'lr': 0.00031657296485851236, 'beta1': 0.6455355959555564, 'step_size': 13, 'batch_size': 96}. Best is trial 13 with value: 0.8181818181818182.
[02:34:04] [resnet50] trial 17: H=2 N=2048 lr=2.52e-04 beta1=0.610 step_size=10 batch_size=96 (micro_batch=16, accum_steps=6)
[warn] ../cnn_dataset_split_facility_test-NoordelikeWerke/aerobic_zone/test does not exist -- using an empty split.
[resnet50 trial17] Using gradient accumulation: 6 micro-batches per optimizer step (effective batch size ≈ micro_batch x 6).
[resnet50 trial17] Epoch   1/100 | LR: 2.52e-04 | train loss 0.9335 acc 0.616 | val loss 0.6148 acc 0.757 *
[resnet50 trial17] Epoch   2/100 | LR: 2.52e-04 | train loss 0.6899 acc 0.743 | val loss 0.5975 acc 0.739 *
[resnet50 trial17] Epoch   3/100 | LR: 2.52e-04 | train loss 0.6179 acc 0.759 | val loss 0.5375 acc 0.754 *
[resnet50 trial17] Epoch   4/100 | LR: 2.52e-04 | train loss 0.5876 acc 0.764 | val loss 0.7975 acc 0.716
[resnet50 trial17] Epoch   5/100 | LR: 2.52e-04 | train loss 0.5621 acc 0.777 | val loss 0.5871 acc 0.733
[resnet50 trial17] Epoch   6/100 | LR: 2.52e-04 | train loss 0.4855 acc 0.821 | val loss 0.5787 acc 0.760
[resnet50 trial17] Epoch   7/100 | LR: 2.52e-04 | train loss 0.4252 acc 0.830 | val loss 0.5229 acc 0.786 *
[resnet50 trial17] Epoch   8/100 | LR: 2.52e-04 | train loss 0.4069 acc 0.836 | val loss 0.5076 acc 0.786 *
[resnet50 trial17] Epoch   9/100 | LR: 2.52e-04 | train loss 0.4140 acc 0.847 | val loss 0.6176 acc 0.710
[resnet50 trial17] Epoch  10/100 | LR: 2.52e-05 | train loss 0.3573 acc 0.865 | val loss 0.5345 acc 0.780
[resnet50 trial17] Epoch  11/100 | LR: 2.52e-05 | train loss 0.2944 acc 0.898 | val loss 0.4859 acc 0.792 *
[resnet50 trial17] Epoch  12/100 | LR: 2.52e-05 | train loss 0.2579 acc 0.899 | val loss 0.5214 acc 0.792
[resnet50 trial17] Epoch  13/100 | LR: 2.52e-05 | train loss 0.2664 acc 0.900 | val loss 0.5546 acc 0.768
[resnet50 trial17] Epoch  14/100 | LR: 2.52e-05 | train loss 0.2317 acc 0.909 | val loss 0.5054 acc 0.786
[resnet50 trial17] Epoch  15/100 | LR: 2.52e-05 | train loss 0.2075 acc 0.925 | val loss 0.5470 acc 0.786
[resnet50 trial17] Epoch  16/100 | LR: 2.52e-05 | train loss 0.2197 acc 0.917 | val loss 0.5099 acc 0.786
[resnet50 trial17] Epoch  17/100 | LR: 2.52e-05 | train loss 0.1989 acc 0.916 | val loss 0.4999 acc 0.783
[resnet50 trial17] Epoch  18/100 | LR: 2.52e-05 | train loss 0.1717 acc 0.927 | val loss 0.5205 acc 0.795
[resnet50 trial17] Epoch  19/100 | LR: 2.52e-05 | train loss 0.1888 acc 0.937 | val loss 0.5552 acc 0.798
[resnet50 trial17] Epoch  20/100 | LR: 2.52e-06 | train loss 0.1913 acc 0.928 | val loss 0.5507 acc 0.789
[resnet50 trial17] Epoch  21/100 | LR: 2.52e-06 | train loss 0.1740 acc 0.928 | val loss 0.5454 acc 0.789

[resnet50 trial17] No val loss improvement for 10 epochs — stopping early at epoch 21.

[resnet50 trial17] Restored best checkpoint (val loss = 0.4859)
[02:37:18] [resnet50] trial 17 finished: best val_acc=0.7918 (at val_loss=0.4859)
[I 2026-09-29 02:37:18,358] Trial 17 finished with value: 0.7917888563049853 and parameters: {'hidden_layers': 2, 'neurons': 2048, 'lr': 0.00025185327353689237, 'beta1': 0.6098742560411665, 'step_size': 10, 'batch_size': 96}. Best is trial 13 with value: 0.8181818181818182.
[02:37:18] [resnet50] trial 18: H=2 N=2048 lr=1.15e-03 beta1=0.684 step_size=15 batch_size=48 (micro_batch=16, accum_steps=3)
[warn] ../cnn_dataset_split_facility_test-NoordelikeWerke/aerobic_zone/test does not exist -- using an empty split.
[resnet50 trial18] Using gradient accumulation: 3 micro-batches per optimizer step (effective batch size ≈ micro_batch x 3).
[resnet50 trial18] Epoch   1/100 | LR: 1.15e-03 | train loss 1.0314 acc 0.561 | val loss 0.8898 acc 0.425 *
[resnet50 trial18] Epoch   2/100 | LR: 1.15e-03 | train loss 0.8686 acc 0.674 | val loss 0.6329 acc 0.765 *
[resnet50 trial18] Epoch   3/100 | LR: 1.15e-03 | train loss 0.8491 acc 0.673 | val loss 0.6345 acc 0.777
[resnet50 trial18] Epoch   4/100 | LR: 1.15e-03 | train loss 0.7767 acc 0.711 | val loss 0.6701 acc 0.686
[resnet50 trial18] Epoch   5/100 | LR: 1.15e-03 | train loss 0.7644 acc 0.675 | val loss 2.9895 acc 0.645
[resnet50 trial18] Epoch   6/100 | LR: 1.15e-03 | train loss 0.7535 acc 0.726 | val loss 0.7400 acc 0.619
[resnet50 trial18] Epoch   7/100 | LR: 1.15e-03 | train loss 0.7613 acc 0.716 | val loss 0.7863 acc 0.736
[resnet50 trial18] Epoch   8/100 | LR: 1.15e-03 | train loss 0.8248 acc 0.677 | val loss 0.7739 acc 0.657
[resnet50 trial18] Epoch   9/100 | LR: 1.15e-03 | train loss 0.7917 acc 0.718 | val loss 0.8926 acc 0.578
[resnet50 trial18] Epoch  10/100 | LR: 1.15e-03 | train loss 0.7446 acc 0.700 | val loss 0.7463 acc 0.633
[resnet50 trial18] Epoch  11/100 | LR: 1.15e-03 | train loss 0.7090 acc 0.731 | val loss 0.8460 acc 0.663
[resnet50 trial18] Epoch  12/100 | LR: 1.15e-03 | train loss 0.6911 acc 0.720 | val loss 0.7935 acc 0.689

[resnet50 trial18] No val loss improvement for 10 epochs — stopping early at epoch 12.

[resnet50 trial18] Restored best checkpoint (val loss = 0.6329)
[02:39:11] [resnet50] trial 18 finished: best val_acc=0.7654 (at val_loss=0.6329)
[I 2026-09-29 02:39:11,374] Trial 18 finished with value: 0.7653958944281525 and parameters: {'hidden_layers': 2, 'neurons': 2048, 'lr': 0.0011534984924616298, 'beta1': 0.6841508040940355, 'step_size': 15, 'batch_size': 48}. Best is trial 13 with value: 0.8181818181818182.
[02:39:11] [resnet50] trial 19: H=2 N=2048 lr=9.04e-03 beta1=0.594 step_size=35 batch_size=96 (micro_batch=16, accum_steps=6)
[warn] ../cnn_dataset_split_facility_test-NoordelikeWerke/aerobic_zone/test does not exist -- using an empty split.
[resnet50 trial19] Using gradient accumulation: 6 micro-batches per optimizer step (effective batch size ≈ micro_batch x 6).
[resnet50 trial19] Epoch   1/100 | LR: 9.04e-03 | train loss 19.1550 acc 0.375 | val loss 8.0403 acc 0.393 *
[resnet50 trial19] Epoch   2/100 | LR: 9.04e-03 | train loss 1.1183 acc 0.466 | val loss 1.1491 acc 0.510 *
[resnet50 trial19] Epoch   3/100 | LR: 9.04e-03 | train loss 1.0980 acc 0.447 | val loss 1.0787 acc 0.513 *
[resnet50 trial19] Epoch   4/100 | LR: 9.04e-03 | train loss 1.0951 acc 0.452 | val loss 1.0484 acc 0.554 *
[resnet50 trial19] Epoch   5/100 | LR: 9.04e-03 | train loss 1.0830 acc 0.491 | val loss 1.0991 acc 0.408
[I 2026-09-29 02:39:57,928] Trial 19 pruned. 
[02:39:57] === resnet50 done: 15 completed, 5 pruned. Best trial #13: val_acc=0.8182 params={'hidden_layers': 2, 'neurons': 2048, 'lr': 0.00040646782152631836, 'beta1': 0.6041090336546044, 'step_size': 23, 'batch_size': 96} ===
[02:39:57] Saved tuned hyperparameters for resnet50 to tuned_hyperparams_aerobic_zone.json
[02:39:57] [resnet50] finished in 59.4 min
[02:39:57] All requested architectures tuned in 59.4 min total.
Using device: cuda
Test set ID (derived from DATASET_ROOT): NoordelikeWerke
Train-time augmentation: on
[warn] ../cnn_dataset_split_facility_test-NoordelikeWerke/aerobic_zone/test does not exist -- using an empty split.
Classes found (3): ['Dysfunctional', 'Functional', 'Suboptimal']
Train: 1402 | Val: 341 | Test: 0
[02:45:00] Dataset root: ../cnn_dataset_split_facility_test-NoordelikeWerke  Component: aerobic_zone
[02:45:00] Architectures to tune (1): ['convnext_tiny']
[02:45:00] Trials per architecture: 20
[I 2026-09-29 02:45:00,830] A new study created in RDB with name: aerobic_zone_convnext_tiny_tune
[02:45:00] === convnext_tiny: 0/20 trials already recorded, 20 remaining, img_size=(112, 224) ===
[02:45:00] [convnext_tiny] trial 0: H=1 N=512 lr=2.92e-03 beta1=0.800 step_size=30 batch_size=16 (micro_batch=16, accum_steps=1)
[warn] ../cnn_dataset_split_facility_test-NoordelikeWerke/aerobic_zone/test does not exist -- using an empty split.
Using device: cuda
Test set ID (derived from DATASET_ROOT): NoordelikeWerke
Train-time augmentation: on
[warn] ../cnn_dataset_split_facility_test-NoordelikeWerke/aerobic_zone/test does not exist -- using an empty split.
Classes found (3): ['Dysfunctional', 'Functional', 'Suboptimal']
Train: 1402 | Val: 341 | Test: 0
[convnext_tiny trial0] Epoch   1/100 | LR: 2.92e-03 | train loss 1.1325 acc 0.354 | val loss 1.0930 acc 0.408 *
[convnext_tiny trial0] Epoch   2/100 | LR: 2.92e-03 | train loss 1.0988 acc 0.413 | val loss 1.0843 acc 0.408 *
[convnext_tiny trial0] Epoch   3/100 | LR: 2.92e-03 | train loss 1.1176 acc 0.417 | val loss 1.0862 acc 0.469
[convnext_tiny trial0] Epoch   4/100 | LR: 2.92e-03 | train loss 1.0982 acc 0.444 | val loss 1.0820 acc 0.469 *
[convnext_tiny trial0] Epoch   5/100 | LR: 2.92e-03 | train loss 1.1058 acc 0.451 | val loss 1.0459 acc 0.408 *
[convnext_tiny trial0] Epoch   6/100 | LR: 2.92e-03 | train loss 1.1113 acc 0.379 | val loss 1.0785 acc 0.469
[convnext_tiny trial0] Epoch   7/100 | LR: 2.92e-03 | train loss 1.0980 acc 0.466 | val loss 1.0805 acc 0.469
[convnext_tiny trial0] Epoch   8/100 | LR: 2.92e-03 | train loss 1.0980 acc 0.426 | val loss 1.0781 acc 0.469
[convnext_tiny trial0] Epoch   9/100 | LR: 2.92e-03 | train loss 1.0977 acc 0.452 | val loss 1.0760 acc 0.469
[convnext_tiny trial0] Epoch  10/100 | LR: 2.92e-03 | train loss 1.0974 acc 0.406 | val loss 1.0771 acc 0.469
[convnext_tiny trial0] Epoch  11/100 | LR: 2.92e-03 | train loss 1.0970 acc 0.432 | val loss 1.0750 acc 0.469
[convnext_tiny trial0] Epoch  12/100 | LR: 2.92e-03 | train loss 1.1246 acc 0.375 | val loss 1.0827 acc 0.469
[convnext_tiny trial0] Epoch  13/100 | LR: 2.92e-03 | train loss 1.1013 acc 0.394 | val loss 1.0839 acc 0.469
[convnext_tiny trial0] Epoch  14/100 | LR: 2.92e-03 | train loss 1.0981 acc 0.423 | val loss 1.0780 acc 0.469
[convnext_tiny trial0] Epoch  15/100 | LR: 2.92e-03 | train loss 1.1047 acc 0.437 | val loss 1.0772 acc 0.408

[convnext_tiny trial0] No val loss improvement for 10 epochs — stopping early at epoch 15.

[convnext_tiny trial0] Restored best checkpoint (val loss = 1.0459)
[02:47:16] [convnext_tiny] trial 0 finished: best val_acc=0.4076 (at val_loss=1.0459)
[I 2026-09-29 02:47:16,856] Trial 0 finished with value: 0.40762463343108507 and parameters: {'hidden_layers': 1, 'neurons': 512, 'lr': 0.0029154431891537554, 'beta1': 0.7999563908598613, 'step_size': 30, 'batch_size': 16}. Best is trial 0 with value: 0.40762463343108507.
[02:47:16] [convnext_tiny] trial 1: H=2 N=2048 lr=1.38e-03 beta1=0.600 step_size=23 batch_size=96 (micro_batch=16, accum_steps=6)
[warn] ../cnn_dataset_split_facility_test-NoordelikeWerke/aerobic_zone/test does not exist -- using an empty split.
[convnext_tiny trial1] Using gradient accumulation: 6 micro-batches per optimizer step (effective batch size ≈ micro_batch x 6).
[convnext_tiny trial1] Epoch   1/100 | LR: 1.38e-03 | train loss 1.2417 acc 0.356 | val loss 1.0840 acc 0.408 *
[convnext_tiny trial1] Epoch   2/100 | LR: 1.38e-03 | train loss 1.0986 acc 0.435 | val loss 1.0933 acc 0.469
[convnext_tiny trial1] Epoch   3/100 | LR: 1.38e-03 | train loss 1.0982 acc 0.422 | val loss 1.0834 acc 0.469 *
[convnext_tiny trial1] Epoch   4/100 | LR: 1.38e-03 | train loss 1.1023 acc 0.437 | val loss 1.1120 acc 0.123
[convnext_tiny trial1] Epoch   5/100 | LR: 1.38e-03 | train loss 1.0997 acc 0.389 | val loss 1.0977 acc 0.469
[convnext_tiny trial1] Epoch   6/100 | LR: 1.38e-03 | train loss 1.0997 acc 0.456 | val loss 1.0908 acc 0.408
[convnext_tiny trial1] Epoch   7/100 | LR: 1.38e-03 | train loss 1.1001 acc 0.422 | val loss 1.0913 acc 0.408
[convnext_tiny trial1] Epoch   8/100 | LR: 1.38e-03 | train loss 1.0985 acc 0.449 | val loss 1.0880 acc 0.469
[convnext_tiny trial1] Epoch   9/100 | LR: 1.38e-03 | train loss 1.0995 acc 0.466 | val loss 1.0868 acc 0.469
[convnext_tiny trial1] Epoch  10/100 | LR: 1.38e-03 | train loss 1.0990 acc 0.412 | val loss 1.0839 acc 0.469
[convnext_tiny trial1] Epoch  11/100 | LR: 1.38e-03 | train loss 1.0979 acc 0.438 | val loss 1.0846 acc 0.469
[convnext_tiny trial1] Epoch  12/100 | LR: 1.38e-03 | train loss 1.0979 acc 0.467 | val loss 1.0829 acc 0.469 *
[convnext_tiny trial1] Epoch  13/100 | LR: 1.38e-03 | train loss 1.0979 acc 0.439 | val loss 1.0806 acc 0.469 *
[convnext_tiny trial1] Epoch  14/100 | LR: 1.38e-03 | train loss 1.0978 acc 0.431 | val loss 1.0808 acc 0.469
[convnext_tiny trial1] Epoch  15/100 | LR: 1.38e-03 | train loss 1.0988 acc 0.426 | val loss 1.0822 acc 0.469
[convnext_tiny trial1] Epoch  16/100 | LR: 1.38e-03 | train loss 1.0992 acc 0.460 | val loss 1.0775 acc 0.408 *
[convnext_tiny trial1] Epoch  17/100 | LR: 1.38e-03 | train loss 1.0986 acc 0.450 | val loss 1.0820 acc 0.469
[convnext_tiny trial1] Epoch  18/100 | LR: 1.38e-03 | train loss 1.0964 acc 0.471 | val loss 1.0587 acc 0.469 *
[convnext_tiny trial1] Epoch  19/100 | LR: 1.38e-03 | train loss 1.1004 acc 0.437 | val loss 1.0845 acc 0.408
[convnext_tiny trial1] Epoch  20/100 | LR: 1.38e-03 | train loss 1.0963 acc 0.425 | val loss 1.1759 acc 0.123
[convnext_tiny trial1] Epoch  21/100 | LR: 1.38e-03 | train loss 1.1159 acc 0.397 | val loss 1.0846 acc 0.469
[convnext_tiny trial1] Epoch  22/100 | LR: 1.38e-03 | train loss 1.0986 acc 0.467 | val loss 1.0831 acc 0.408
[convnext_tiny trial1] Epoch  23/100 | LR: 1.38e-04 | train loss 1.1025 acc 0.445 | val loss 1.0812 acc 0.469
[convnext_tiny trial1] Epoch  24/100 | LR: 1.38e-04 | train loss 1.1101 acc 0.463 | val loss 1.0812 acc 0.469
[convnext_tiny trial1] Epoch  25/100 | LR: 1.38e-04 | train loss 1.0971 acc 0.460 | val loss 1.0805 acc 0.469
[convnext_tiny trial1] Epoch  26/100 | LR: 1.38e-04 | train loss 1.0974 acc 0.468 | val loss 1.0805 acc 0.469
[convnext_tiny trial1] Epoch  27/100 | LR: 1.38e-04 | train loss 1.0969 acc 0.461 | val loss 1.0806 acc 0.469
[convnext_tiny trial1] Epoch  28/100 | LR: 1.38e-04 | train loss 1.0977 acc 0.464 | val loss 1.0803 acc 0.469

[convnext_tiny trial1] No val loss improvement for 10 epochs — stopping early at epoch 28.

[convnext_tiny trial1] Restored best checkpoint (val loss = 1.0587)
[02:51:23] [convnext_tiny] trial 1 finished: best val_acc=0.4692 (at val_loss=1.0587)
[I 2026-09-29 02:51:23,680] Trial 1 finished with value: 0.46920821114369504 and parameters: {'hidden_layers': 2, 'neurons': 2048, 'lr': 0.0013826232179369874, 'beta1': 0.5996372172970215, 'step_size': 23, 'batch_size': 96}. Best is trial 1 with value: 0.46920821114369504.
[02:51:23] [convnext_tiny] trial 2: H=2 N=1024 lr=4.34e-03 beta1=0.629 step_size=28 batch_size=48 (micro_batch=16, accum_steps=3)
[warn] ../cnn_dataset_split_facility_test-NoordelikeWerke/aerobic_zone/test does not exist -- using an empty split.
[convnext_tiny trial2] Using gradient accumulation: 3 micro-batches per optimizer step (effective batch size ≈ micro_batch x 3).
[convnext_tiny trial2] Epoch   1/100 | LR: 4.34e-03 | train loss 1.2942 acc 0.308 | val loss 1.1218 acc 0.123 *
[convnext_tiny trial2] Epoch   2/100 | LR: 4.34e-03 | train loss 1.2399 acc 0.397 | val loss 1.0900 acc 0.408 *
[convnext_tiny trial2] Epoch   3/100 | LR: 4.34e-03 | train loss 1.0995 acc 0.439 | val loss 1.0957 acc 0.469
[convnext_tiny trial2] Epoch   4/100 | LR: 4.34e-03 | train loss 1.0997 acc 0.444 | val loss 1.0900 acc 0.408 *
[convnext_tiny trial2] Epoch   5/100 | LR: 4.34e-03 | train loss 1.0982 acc 0.452 | val loss 1.0813 acc 0.469 *
[convnext_tiny trial2] Epoch   6/100 | LR: 4.34e-03 | train loss 1.0978 acc 0.441 | val loss 1.0806 acc 0.469 *
[convnext_tiny trial2] Epoch   7/100 | LR: 4.34e-03 | train loss 1.0989 acc 0.451 | val loss 1.0865 acc 0.408
[convnext_tiny trial2] Epoch   8/100 | LR: 4.34e-03 | train loss 1.0982 acc 0.447 | val loss 1.0784 acc 0.469 *
[convnext_tiny trial2] Epoch   9/100 | LR: 4.34e-03 | train loss 1.0986 acc 0.466 | val loss 1.0809 acc 0.469
[convnext_tiny trial2] Epoch  10/100 | LR: 4.34e-03 | train loss 1.0988 acc 0.427 | val loss 1.0805 acc 0.469
[convnext_tiny trial2] Epoch  11/100 | LR: 4.34e-03 | train loss 1.1009 acc 0.452 | val loss 1.0855 acc 0.408
[convnext_tiny trial2] Epoch  12/100 | LR: 4.34e-03 | train loss 1.0982 acc 0.407 | val loss 1.0816 acc 0.469
[convnext_tiny trial2] Epoch  13/100 | LR: 4.34e-03 | train loss 1.0977 acc 0.451 | val loss 1.0788 acc 0.408
[convnext_tiny trial2] Epoch  14/100 | LR: 4.34e-03 | train loss 1.1037 acc 0.398 | val loss 1.0791 acc 0.408
[convnext_tiny trial2] Epoch  15/100 | LR: 4.34e-03 | train loss 1.0974 acc 0.402 | val loss 1.0776 acc 0.469 *
[convnext_tiny trial2] Epoch  16/100 | LR: 4.34e-03 | train loss 1.0981 acc 0.422 | val loss 1.0797 acc 0.469
[convnext_tiny trial2] Epoch  17/100 | LR: 4.34e-03 | train loss 1.0981 acc 0.434 | val loss 1.0792 acc 0.408
[convnext_tiny trial2] Epoch  18/100 | LR: 4.34e-03 | train loss 1.0978 acc 0.415 | val loss 1.0778 acc 0.469
[convnext_tiny trial2] Epoch  19/100 | LR: 4.34e-03 | train loss 1.0979 acc 0.443 | val loss 1.0736 acc 0.469 *
[convnext_tiny trial2] Epoch  20/100 | LR: 4.34e-03 | train loss 1.0990 acc 0.444 | val loss 1.0757 acc 0.469
[convnext_tiny trial2] Epoch  21/100 | LR: 4.34e-03 | train loss 1.0977 acc 0.421 | val loss 1.0786 acc 0.408
[convnext_tiny trial2] Epoch  22/100 | LR: 4.34e-03 | train loss 1.0982 acc 0.424 | val loss 1.0809 acc 0.408
[convnext_tiny trial2] Epoch  23/100 | LR: 4.34e-03 | train loss 1.0978 acc 0.445 | val loss 1.0796 acc 0.469
[convnext_tiny trial2] Epoch  24/100 | LR: 4.34e-03 | train loss 1.0987 acc 0.408 | val loss 1.0830 acc 0.408
[convnext_tiny trial2] Epoch  25/100 | LR: 4.34e-03 | train loss 1.0991 acc 0.412 | val loss 1.0799 acc 0.408
[convnext_tiny trial2] Epoch  26/100 | LR: 4.34e-03 | train loss 1.0983 acc 0.422 | val loss 1.0732 acc 0.408 *
[convnext_tiny trial2] Epoch  27/100 | LR: 4.34e-03 | train loss 1.1029 acc 0.432 | val loss 1.0694 acc 0.408 *
[convnext_tiny trial2] Epoch  28/100 | LR: 4.34e-04 | train loss 1.1422 acc 0.385 | val loss 1.0767 acc 0.408
[convnext_tiny trial2] Epoch  29/100 | LR: 4.34e-04 | train loss 1.0972 acc 0.447 | val loss 1.0747 acc 0.469
[convnext_tiny trial2] Epoch  30/100 | LR: 4.34e-04 | train loss 1.0981 acc 0.466 | val loss 1.0767 acc 0.469
[convnext_tiny trial2] Epoch  31/100 | LR: 4.34e-04 | train loss 1.0976 acc 0.466 | val loss 1.0769 acc 0.469
[convnext_tiny trial2] Epoch  32/100 | LR: 4.34e-04 | train loss 1.0978 acc 0.466 | val loss 1.0775 acc 0.469
[convnext_tiny trial2] Epoch  33/100 | LR: 4.34e-04 | train loss 1.0970 acc 0.466 | val loss 1.0775 acc 0.469
[convnext_tiny trial2] Epoch  34/100 | LR: 4.34e-04 | train loss 1.0967 acc 0.466 | val loss 1.0776 acc 0.469
[convnext_tiny trial2] Epoch  35/100 | LR: 4.34e-04 | train loss 1.0974 acc 0.468 | val loss 1.0777 acc 0.469
[convnext_tiny trial2] Epoch  36/100 | LR: 4.34e-04 | train loss 1.0970 acc 0.443 | val loss 1.0775 acc 0.469
[convnext_tiny trial2] Epoch  37/100 | LR: 4.34e-04 | train loss 1.0976 acc 0.464 | val loss 1.0772 acc 0.469

[convnext_tiny trial2] No val loss improvement for 10 epochs — stopping early at epoch 37.

[convnext_tiny trial2] Restored best checkpoint (val loss = 1.0694)
[02:56:59] [convnext_tiny] trial 2 finished: best val_acc=0.4076 (at val_loss=1.0694)
[I 2026-09-29 02:56:59,867] Trial 2 finished with value: 0.40762463343108507 and parameters: {'hidden_layers': 2, 'neurons': 1024, 'lr': 0.004337920697490943, 'beta1': 0.6291312108184084, 'step_size': 28, 'batch_size': 48}. Best is trial 1 with value: 0.46920821114369504.
[02:56:59] [convnext_tiny] trial 3: H=1 N=2048 lr=1.22e-05 beta1=0.914 step_size=17 batch_size=64 (micro_batch=16, accum_steps=4)
[warn] ../cnn_dataset_split_facility_test-NoordelikeWerke/aerobic_zone/test does not exist -- using an empty split.
[convnext_tiny trial3] Using gradient accumulation: 4 micro-batches per optimizer step (effective batch size ≈ micro_batch x 4).
[convnext_tiny trial3] Epoch   1/100 | LR: 1.22e-05 | train loss 1.0795 acc 0.479 | val loss 1.0237 acc 0.616 *
[convnext_tiny trial3] Epoch   2/100 | LR: 1.22e-05 | train loss 1.0154 acc 0.650 | val loss 0.9607 acc 0.666 *
[convnext_tiny trial3] Epoch   3/100 | LR: 1.22e-05 | train loss 0.9618 acc 0.681 | val loss 0.8966 acc 0.686 *
[convnext_tiny trial3] Epoch   4/100 | LR: 1.22e-05 | train loss 0.8986 acc 0.709 | val loss 0.8446 acc 0.707 *
[convnext_tiny trial3] Epoch   5/100 | LR: 1.22e-05 | train loss 0.8465 acc 0.740 | val loss 0.7879 acc 0.736 *
[convnext_tiny trial3] Epoch   6/100 | LR: 1.22e-05 | train loss 0.7926 acc 0.760 | val loss 0.7605 acc 0.727 *
[convnext_tiny trial3] Epoch   7/100 | LR: 1.22e-05 | train loss 0.7459 acc 0.780 | val loss 0.7145 acc 0.727 *
[convnext_tiny trial3] Epoch   8/100 | LR: 1.22e-05 | train loss 0.7085 acc 0.780 | val loss 0.6844 acc 0.736 *
[convnext_tiny trial3] Epoch   9/100 | LR: 1.22e-05 | train loss 0.6547 acc 0.779 | val loss 0.6452 acc 0.745 *
[convnext_tiny trial3] Epoch  10/100 | LR: 1.22e-05 | train loss 0.6084 acc 0.795 | val loss 0.6070 acc 0.751 *
[convnext_tiny trial3] Epoch  11/100 | LR: 1.22e-05 | train loss 0.5674 acc 0.803 | val loss 0.5754 acc 0.757 *
[convnext_tiny trial3] Epoch  12/100 | LR: 1.22e-05 | train loss 0.5316 acc 0.808 | val loss 0.5923 acc 0.751
[convnext_tiny trial3] Epoch  13/100 | LR: 1.22e-05 | train loss 0.4812 acc 0.825 | val loss 0.5696 acc 0.771 *
[convnext_tiny trial3] Epoch  14/100 | LR: 1.22e-05 | train loss 0.4525 acc 0.833 | val loss 0.5268 acc 0.774 *
[convnext_tiny trial3] Epoch  15/100 | LR: 1.22e-05 | train loss 0.4249 acc 0.844 | val loss 0.4914 acc 0.804 *
[convnext_tiny trial3] Epoch  16/100 | LR: 1.22e-05 | train loss 0.4130 acc 0.858 | val loss 0.4834 acc 0.792 *
[convnext_tiny trial3] Epoch  17/100 | LR: 1.22e-06 | train loss 0.3920 acc 0.846 | val loss 0.4794 acc 0.806 *
[convnext_tiny trial3] Epoch  18/100 | LR: 1.22e-06 | train loss 0.3706 acc 0.871 | val loss 0.4921 acc 0.801
[convnext_tiny trial3] Epoch  19/100 | LR: 1.22e-06 | train loss 0.3625 acc 0.877 | val loss 0.4861 acc 0.806
[convnext_tiny trial3] Epoch  20/100 | LR: 1.22e-06 | train loss 0.3590 acc 0.872 | val loss 0.4836 acc 0.806
[convnext_tiny trial3] Epoch  21/100 | LR: 1.22e-06 | train loss 0.3604 acc 0.872 | val loss 0.4848 acc 0.806
[convnext_tiny trial3] Epoch  22/100 | LR: 1.22e-06 | train loss 0.3474 acc 0.879 | val loss 0.4850 acc 0.806
[convnext_tiny trial3] Epoch  23/100 | LR: 1.22e-06 | train loss 0.3473 acc 0.875 | val loss 0.4815 acc 0.801
[convnext_tiny trial3] Epoch  24/100 | LR: 1.22e-06 | train loss 0.3608 acc 0.867 | val loss 0.4814 acc 0.801
[convnext_tiny trial3] Epoch  25/100 | LR: 1.22e-06 | train loss 0.3451 acc 0.874 | val loss 0.4822 acc 0.804
[convnext_tiny trial3] Epoch  26/100 | LR: 1.22e-06 | train loss 0.3448 acc 0.870 | val loss 0.4831 acc 0.804
[convnext_tiny trial3] Epoch  27/100 | LR: 1.22e-06 | train loss 0.3467 acc 0.878 | val loss 0.4829 acc 0.806

[convnext_tiny trial3] No val loss improvement for 10 epochs — stopping early at epoch 27.

[convnext_tiny trial3] Restored best checkpoint (val loss = 0.4794)
[03:00:53] [convnext_tiny] trial 3 finished: best val_acc=0.8065 (at val_loss=0.4794)
[I 2026-09-29 03:00:53,261] Trial 3 finished with value: 0.8064516129032258 and parameters: {'hidden_layers': 1, 'neurons': 2048, 'lr': 1.2172958098369984e-05, 'beta1': 0.9135400170668128, 'step_size': 17, 'batch_size': 64}. Best is trial 3 with value: 0.8064516129032258.
[03:00:53] [convnext_tiny] trial 4: H=1 N=512 lr=2.91e-06 beta1=0.931 step_size=27 batch_size=96 (micro_batch=16, accum_steps=6)
[warn] ../cnn_dataset_split_facility_test-NoordelikeWerke/aerobic_zone/test does not exist -- using an empty split.
[convnext_tiny trial4] Using gradient accumulation: 6 micro-batches per optimizer step (effective batch size ≈ micro_batch x 6).
[convnext_tiny trial4] Epoch   1/100 | LR: 2.91e-06 | train loss 1.0937 acc 0.415 | val loss 1.0689 acc 0.513 *
[convnext_tiny trial4] Epoch   2/100 | LR: 2.91e-06 | train loss 1.0882 acc 0.466 | val loss 1.0600 acc 0.537 *
[convnext_tiny trial4] Epoch   3/100 | LR: 2.91e-06 | train loss 1.0761 acc 0.524 | val loss 1.0525 acc 0.575 *
[convnext_tiny trial4] Epoch   4/100 | LR: 2.91e-06 | train loss 1.0697 acc 0.531 | val loss 1.0446 acc 0.578 *
[convnext_tiny trial4] Epoch   5/100 | LR: 2.91e-06 | train loss 1.0624 acc 0.577 | val loss 1.0363 acc 0.607 *
[convnext_tiny trial4] Epoch   6/100 | LR: 2.91e-06 | train loss 1.0563 acc 0.594 | val loss 1.0294 acc 0.622 *
[convnext_tiny trial4] Epoch   7/100 | LR: 2.91e-06 | train loss 1.0497 acc 0.635 | val loss 1.0212 acc 0.625 *
[convnext_tiny trial4] Epoch   8/100 | LR: 2.91e-06 | train loss 1.0385 acc 0.643 | val loss 1.0118 acc 0.651 *
[convnext_tiny trial4] Epoch   9/100 | LR: 2.91e-06 | train loss 1.0329 acc 0.653 | val loss 1.0029 acc 0.648 *
[convnext_tiny trial4] Epoch  10/100 | LR: 2.91e-06 | train loss 1.0264 acc 0.657 | val loss 0.9950 acc 0.651 *
[convnext_tiny trial4] Epoch  11/100 | LR: 2.91e-06 | train loss 1.0189 acc 0.659 | val loss 0.9866 acc 0.660 *
[convnext_tiny trial4] Epoch  12/100 | LR: 2.91e-06 | train loss 1.0104 acc 0.665 | val loss 0.9763 acc 0.669 *
[convnext_tiny trial4] Epoch  13/100 | LR: 2.91e-06 | train loss 1.0002 acc 0.684 | val loss 0.9680 acc 0.672 *
[convnext_tiny trial4] Epoch  14/100 | LR: 2.91e-06 | train loss 0.9919 acc 0.699 | val loss 0.9573 acc 0.680 *
[convnext_tiny trial4] Epoch  15/100 | LR: 2.91e-06 | train loss 0.9801 acc 0.690 | val loss 0.9470 acc 0.683 *
[convnext_tiny trial4] Epoch  16/100 | LR: 2.91e-06 | train loss 0.9703 acc 0.700 | val loss 0.9367 acc 0.686 *
[convnext_tiny trial4] Epoch  17/100 | LR: 2.91e-06 | train loss 0.9653 acc 0.695 | val loss 0.9278 acc 0.683 *
[convnext_tiny trial4] Epoch  18/100 | LR: 2.91e-06 | train loss 0.9548 acc 0.700 | val loss 0.9177 acc 0.686 *
[convnext_tiny trial4] Epoch  19/100 | LR: 2.91e-06 | train loss 0.9415 acc 0.705 | val loss 0.9080 acc 0.689 *
[convnext_tiny trial4] Epoch  20/100 | LR: 2.91e-06 | train loss 0.9342 acc 0.711 | val loss 0.8973 acc 0.695 *
[convnext_tiny trial4] Epoch  21/100 | LR: 2.91e-06 | train loss 0.9230 acc 0.710 | val loss 0.8867 acc 0.698 *
[convnext_tiny trial4] Epoch  22/100 | LR: 2.91e-06 | train loss 0.9073 acc 0.720 | val loss 0.8755 acc 0.701 *
[convnext_tiny trial4] Epoch  23/100 | LR: 2.91e-06 | train loss 0.8976 acc 0.730 | val loss 0.8638 acc 0.718 *
[convnext_tiny trial4] Epoch  24/100 | LR: 2.91e-06 | train loss 0.8866 acc 0.733 | val loss 0.8525 acc 0.727 *
[convnext_tiny trial4] Epoch  25/100 | LR: 2.91e-06 | train loss 0.8702 acc 0.748 | val loss 0.8402 acc 0.727 *
[convnext_tiny trial4] Epoch  26/100 | LR: 2.91e-06 | train loss 0.8613 acc 0.752 | val loss 0.8280 acc 0.739 *
[convnext_tiny trial4] Epoch  27/100 | LR: 2.91e-07 | train loss 0.8510 acc 0.756 | val loss 0.8164 acc 0.739 *
[convnext_tiny trial4] Epoch  28/100 | LR: 2.91e-07 | train loss 0.8358 acc 0.759 | val loss 0.8150 acc 0.742 *
[convnext_tiny trial4] Epoch  29/100 | LR: 2.91e-07 | train loss 0.8303 acc 0.759 | val loss 0.8136 acc 0.742 *
[convnext_tiny trial4] Epoch  30/100 | LR: 2.91e-07 | train loss 0.8317 acc 0.762 | val loss 0.8122 acc 0.745 *
[convnext_tiny trial4] Epoch  31/100 | LR: 2.91e-07 | train loss 0.8308 acc 0.765 | val loss 0.8108 acc 0.745 *
[convnext_tiny trial4] Epoch  32/100 | LR: 2.91e-07 | train loss 0.8298 acc 0.774 | val loss 0.8094 acc 0.742 *
[convnext_tiny trial4] Epoch  33/100 | LR: 2.91e-07 | train loss 0.8287 acc 0.762 | val loss 0.8083 acc 0.745 *
[convnext_tiny trial4] Epoch  34/100 | LR: 2.91e-07 | train loss 0.8333 acc 0.760 | val loss 0.8070 acc 0.745 *
[convnext_tiny trial4] Epoch  35/100 | LR: 2.91e-07 | train loss 0.8249 acc 0.760 | val loss 0.8056 acc 0.745 *
[convnext_tiny trial4] Epoch  36/100 | LR: 2.91e-07 | train loss 0.8265 acc 0.768 | val loss 0.8043 acc 0.745 *
[convnext_tiny trial4] Epoch  37/100 | LR: 2.91e-07 | train loss 0.8259 acc 0.766 | val loss 0.8028 acc 0.742 *
[convnext_tiny trial4] Epoch  38/100 | LR: 2.91e-07 | train loss 0.8201 acc 0.766 | val loss 0.8016 acc 0.739 *
[convnext_tiny trial4] Epoch  39/100 | LR: 2.91e-07 | train loss 0.8216 acc 0.765 | val loss 0.8001 acc 0.739 *
[convnext_tiny trial4] Epoch  40/100 | LR: 2.91e-07 | train loss 0.8149 acc 0.777 | val loss 0.7987 acc 0.745 *
[convnext_tiny trial4] Epoch  41/100 | LR: 2.91e-07 | train loss 0.8188 acc 0.767 | val loss 0.7972 acc 0.742 *
[convnext_tiny trial4] Epoch  42/100 | LR: 2.91e-07 | train loss 0.8124 acc 0.775 | val loss 0.7957 acc 0.742 *
[convnext_tiny trial4] Epoch  43/100 | LR: 2.91e-07 | train loss 0.8174 acc 0.766 | val loss 0.7945 acc 0.742 *
[convnext_tiny trial4] Epoch  44/100 | LR: 2.91e-07 | train loss 0.8140 acc 0.774 | val loss 0.7932 acc 0.739 *
[convnext_tiny trial4] Epoch  45/100 | LR: 2.91e-07 | train loss 0.8058 acc 0.770 | val loss 0.7919 acc 0.739 *
[convnext_tiny trial4] Epoch  46/100 | LR: 2.91e-07 | train loss 0.8050 acc 0.777 | val loss 0.7907 acc 0.739 *
[convnext_tiny trial4] Epoch  47/100 | LR: 2.91e-07 | train loss 0.8087 acc 0.774 | val loss 0.7895 acc 0.739 *
[convnext_tiny trial4] Epoch  48/100 | LR: 2.91e-07 | train loss 0.8049 acc 0.771 | val loss 0.7881 acc 0.739 *
[convnext_tiny trial4] Epoch  49/100 | LR: 2.91e-07 | train loss 0.8080 acc 0.773 | val loss 0.7868 acc 0.739 *
[convnext_tiny trial4] Epoch  50/100 | LR: 2.91e-07 | train loss 0.8120 acc 0.775 | val loss 0.7854 acc 0.739 *
[convnext_tiny trial4] Epoch  51/100 | LR: 2.91e-07 | train loss 0.8092 acc 0.773 | val loss 0.7839 acc 0.739 *
[convnext_tiny trial4] Epoch  52/100 | LR: 2.91e-07 | train loss 0.7953 acc 0.785 | val loss 0.7825 acc 0.739 *
[convnext_tiny trial4] Epoch  53/100 | LR: 2.91e-07 | train loss 0.8008 acc 0.762 | val loss 0.7810 acc 0.739 *
[convnext_tiny trial4] Epoch  54/100 | LR: 2.91e-08 | train loss 0.7942 acc 0.783 | val loss 0.7798 acc 0.739 *
[convnext_tiny trial4] Epoch  55/100 | LR: 2.91e-08 | train loss 0.7911 acc 0.783 | val loss 0.7796 acc 0.739 *
[convnext_tiny trial4] Epoch  56/100 | LR: 2.91e-08 | train loss 0.7945 acc 0.784 | val loss 0.7794 acc 0.739 *
[convnext_tiny trial4] Epoch  57/100 | LR: 2.91e-08 | train loss 0.7917 acc 0.777 | val loss 0.7793 acc 0.739 *
[convnext_tiny trial4] Epoch  58/100 | LR: 2.91e-08 | train loss 0.7944 acc 0.782 | val loss 0.7792 acc 0.739 *
[convnext_tiny trial4] Epoch  59/100 | LR: 2.91e-08 | train loss 0.7922 acc 0.777 | val loss 0.7791 acc 0.739 *
[convnext_tiny trial4] Epoch  60/100 | LR: 2.91e-08 | train loss 0.8014 acc 0.775 | val loss 0.7789 acc 0.739 *
[convnext_tiny trial4] Epoch  61/100 | LR: 2.91e-08 | train loss 0.7965 acc 0.780 | val loss 0.7788 acc 0.739 *
[convnext_tiny trial4] Epoch  62/100 | LR: 2.91e-08 | train loss 0.7908 acc 0.782 | val loss 0.7786 acc 0.739 *
[convnext_tiny trial4] Epoch  63/100 | LR: 2.91e-08 | train loss 0.7943 acc 0.780 | val loss 0.7785 acc 0.739 *
[convnext_tiny trial4] Epoch  64/100 | LR: 2.91e-08 | train loss 0.7965 acc 0.771 | val loss 0.7784 acc 0.739 *
[convnext_tiny trial4] Epoch  65/100 | LR: 2.91e-08 | train loss 0.8004 acc 0.775 | val loss 0.7782 acc 0.739 *
[convnext_tiny trial4] Epoch  66/100 | LR: 2.91e-08 | train loss 0.7909 acc 0.782 | val loss 0.7781 acc 0.739 *
[convnext_tiny trial4] Epoch  67/100 | LR: 2.91e-08 | train loss 0.7932 acc 0.780 | val loss 0.7780 acc 0.739 *
[convnext_tiny trial4] Epoch  68/100 | LR: 2.91e-08 | train loss 0.7961 acc 0.772 | val loss 0.7779 acc 0.739 *
[convnext_tiny trial4] Epoch  69/100 | LR: 2.91e-08 | train loss 0.7970 acc 0.780 | val loss 0.7777 acc 0.739 *
[convnext_tiny trial4] Epoch  70/100 | LR: 2.91e-08 | train loss 0.8001 acc 0.777 | val loss 0.7776 acc 0.739 *
[convnext_tiny trial4] Epoch  71/100 | LR: 2.91e-08 | train loss 0.7938 acc 0.782 | val loss 0.7775 acc 0.739 *
[convnext_tiny trial4] Epoch  72/100 | LR: 2.91e-08 | train loss 0.7926 acc 0.784 | val loss 0.7773 acc 0.739 *
[convnext_tiny trial4] Epoch  73/100 | LR: 2.91e-08 | train loss 0.7958 acc 0.775 | val loss 0.7772 acc 0.739 *
[convnext_tiny trial4] Epoch  74/100 | LR: 2.91e-08 | train loss 0.7870 acc 0.782 | val loss 0.7771 acc 0.739 *
[convnext_tiny trial4] Epoch  75/100 | LR: 2.91e-08 | train loss 0.7960 acc 0.777 | val loss 0.7769 acc 0.739 *
[convnext_tiny trial4] Epoch  76/100 | LR: 2.91e-08 | train loss 0.7968 acc 0.776 | val loss 0.7768 acc 0.739 *
[convnext_tiny trial4] Epoch  77/100 | LR: 2.91e-08 | train loss 0.7904 acc 0.783 | val loss 0.7767 acc 0.739 *
[convnext_tiny trial4] Epoch  78/100 | LR: 2.91e-08 | train loss 0.7889 acc 0.778 | val loss 0.7766 acc 0.739 *
[convnext_tiny trial4] Epoch  79/100 | LR: 2.91e-08 | train loss 0.7968 acc 0.772 | val loss 0.7765 acc 0.739 *
[convnext_tiny trial4] Epoch  80/100 | LR: 2.91e-08 | train loss 0.7957 acc 0.783 | val loss 0.7763 acc 0.739 *
[convnext_tiny trial4] Epoch  81/100 | LR: 2.91e-09 | train loss 0.7868 acc 0.786 | val loss 0.7762 acc 0.739 *
[convnext_tiny trial4] Epoch  82/100 | LR: 2.91e-09 | train loss 0.7911 acc 0.784 | val loss 0.7762 acc 0.739 *
[convnext_tiny trial4] Epoch  83/100 | LR: 2.91e-09 | train loss 0.7965 acc 0.777 | val loss 0.7762 acc 0.739
[convnext_tiny trial4] Epoch  84/100 | LR: 2.91e-09 | train loss 0.7911 acc 0.785 | val loss 0.7762 acc 0.739
[convnext_tiny trial4] Epoch  85/100 | LR: 2.91e-09 | train loss 0.7957 acc 0.771 | val loss 0.7762 acc 0.739 *
[convnext_tiny trial4] Epoch  86/100 | LR: 2.91e-09 | train loss 0.7953 acc 0.775 | val loss 0.7762 acc 0.739
[convnext_tiny trial4] Epoch  87/100 | LR: 2.91e-09 | train loss 0.7983 acc 0.777 | val loss 0.7761 acc 0.739 *
[convnext_tiny trial4] Epoch  88/100 | LR: 2.91e-09 | train loss 0.7909 acc 0.780 | val loss 0.7761 acc 0.739 *
[convnext_tiny trial4] Epoch  89/100 | LR: 2.91e-09 | train loss 0.7928 acc 0.777 | val loss 0.7761 acc 0.739 *
[convnext_tiny trial4] Epoch  90/100 | LR: 2.91e-09 | train loss 0.7922 acc 0.774 | val loss 0.7761 acc 0.739
[convnext_tiny trial4] Epoch  91/100 | LR: 2.91e-09 | train loss 0.7932 acc 0.783 | val loss 0.7761 acc 0.739
[convnext_tiny trial4] Epoch  92/100 | LR: 2.91e-09 | train loss 0.7961 acc 0.778 | val loss 0.7761 acc 0.739
[convnext_tiny trial4] Epoch  93/100 | LR: 2.91e-09 | train loss 0.7942 acc 0.781 | val loss 0.7761 acc 0.739 *
[convnext_tiny trial4] Epoch  94/100 | LR: 2.91e-09 | train loss 0.7970 acc 0.775 | val loss 0.7761 acc 0.739 *
[convnext_tiny trial4] Epoch  95/100 | LR: 2.91e-09 | train loss 0.7936 acc 0.771 | val loss 0.7761 acc 0.739 *
[convnext_tiny trial4] Epoch  96/100 | LR: 2.91e-09 | train loss 0.7884 acc 0.788 | val loss 0.7761 acc 0.739
[convnext_tiny trial4] Epoch  97/100 | LR: 2.91e-09 | train loss 0.7853 acc 0.781 | val loss 0.7761 acc 0.739
[convnext_tiny trial4] Epoch  98/100 | LR: 2.91e-09 | train loss 0.7934 acc 0.772 | val loss 0.7760 acc 0.739 *
[convnext_tiny trial4] Epoch  99/100 | LR: 2.91e-09 | train loss 0.7994 acc 0.781 | val loss 0.7760 acc 0.739
[convnext_tiny trial4] Epoch 100/100 | LR: 2.91e-09 | train loss 0.7912 acc 0.786 | val loss 0.7760 acc 0.739 *

[convnext_tiny trial4] Restored best checkpoint (val loss = 0.7760)
[03:14:57] [convnext_tiny] trial 4 finished: best val_acc=0.7390 (at val_loss=0.7760)
[I 2026-09-29 03:14:57,256] Trial 4 finished with value: 0.7390029325513197 and parameters: {'hidden_layers': 1, 'neurons': 512, 'lr': 2.907208890659845e-06, 'beta1': 0.9306886095119211, 'step_size': 27, 'batch_size': 96}. Best is trial 3 with value: 0.8064516129032258.
[03:14:57] [convnext_tiny] trial 5: H=2 N=512 lr=5.13e-05 beta1=0.513 step_size=8 batch_size=48 (micro_batch=16, accum_steps=3)
[warn] ../cnn_dataset_split_facility_test-NoordelikeWerke/aerobic_zone/test does not exist -- using an empty split.
[convnext_tiny trial5] Using gradient accumulation: 3 micro-batches per optimizer step (effective batch size ≈ micro_batch x 3).
[convnext_tiny trial5] Epoch   1/100 | LR: 5.13e-05 | train loss 1.0414 acc 0.534 | val loss 0.8715 acc 0.704 *
[convnext_tiny trial5] Epoch   2/100 | LR: 5.13e-05 | train loss 0.8399 acc 0.736 | val loss 0.7292 acc 0.692 *
[convnext_tiny trial5] Epoch   3/100 | LR: 5.13e-05 | train loss 0.6344 acc 0.767 | val loss 0.5969 acc 0.710 *
[convnext_tiny trial5] Epoch   4/100 | LR: 5.13e-05 | train loss 0.5779 acc 0.782 | val loss 0.5642 acc 0.736 *
[convnext_tiny trial5] Epoch   5/100 | LR: 5.13e-05 | train loss 0.4809 acc 0.813 | val loss 0.5297 acc 0.748 *
[convnext_tiny trial5] Epoch   6/100 | LR: 5.13e-05 | train loss 0.4396 acc 0.836 | val loss 0.4071 acc 0.824 *
[convnext_tiny trial5] Epoch   7/100 | LR: 5.13e-05 | train loss 0.3880 acc 0.866 | val loss 0.7003 acc 0.721
[convnext_tiny trial5] Epoch   8/100 | LR: 5.13e-06 | train loss 0.3768 acc 0.864 | val loss 0.4324 acc 0.801
[convnext_tiny trial5] Epoch   9/100 | LR: 5.13e-06 | train loss 0.2868 acc 0.899 | val loss 0.4257 acc 0.809
[convnext_tiny trial5] Epoch  10/100 | LR: 5.13e-06 | train loss 0.2537 acc 0.921 | val loss 0.4361 acc 0.806
[convnext_tiny trial5] Epoch  11/100 | LR: 5.13e-06 | train loss 0.2619 acc 0.916 | val loss 0.4504 acc 0.818
[convnext_tiny trial5] Epoch  12/100 | LR: 5.13e-06 | train loss 0.2420 acc 0.929 | val loss 0.4729 acc 0.801
[convnext_tiny trial5] Epoch  13/100 | LR: 5.13e-06 | train loss 0.2316 acc 0.919 | val loss 0.4350 acc 0.827
[convnext_tiny trial5] Epoch  14/100 | LR: 5.13e-06 | train loss 0.2141 acc 0.931 | val loss 0.4370 acc 0.830
[convnext_tiny trial5] Epoch  15/100 | LR: 5.13e-06 | train loss 0.2240 acc 0.929 | val loss 0.4732 acc 0.806
[convnext_tiny trial5] Epoch  16/100 | LR: 5.13e-07 | train loss 0.2054 acc 0.934 | val loss 0.4679 acc 0.821

[convnext_tiny trial5] No val loss improvement for 10 epochs — stopping early at epoch 16.

[convnext_tiny trial5] Restored best checkpoint (val loss = 0.4071)
[03:17:11] [convnext_tiny] trial 5 finished: best val_acc=0.8240 (at val_loss=0.4071)
[I 2026-09-29 03:17:11,676] Trial 5 finished with value: 0.8240469208211144 and parameters: {'hidden_layers': 2, 'neurons': 512, 'lr': 5.1305517605898387e-05, 'beta1': 0.5126841442453035, 'step_size': 8, 'batch_size': 48}. Best is trial 5 with value: 0.8240469208211144.
[03:17:11] [convnext_tiny] trial 6: H=2 N=512 lr=3.06e-03 beta1=0.901 step_size=11 batch_size=32 (micro_batch=16, accum_steps=2)
[warn] ../cnn_dataset_split_facility_test-NoordelikeWerke/aerobic_zone/test does not exist -- using an empty split.
[convnext_tiny trial6] Using gradient accumulation: 2 micro-batches per optimizer step (effective batch size ≈ micro_batch x 2).
[convnext_tiny trial6] Epoch   1/100 | LR: 3.06e-03 | train loss 1.1218 acc 0.363 | val loss 1.0799 acc 0.469 *
[convnext_tiny trial6] Epoch   2/100 | LR: 3.06e-03 | train loss 1.0996 acc 0.466 | val loss 1.0847 acc 0.469
[convnext_tiny trial6] Epoch   3/100 | LR: 3.06e-03 | train loss 1.0983 acc 0.463 | val loss 1.0864 acc 0.469
[convnext_tiny trial6] Epoch   4/100 | LR: 3.06e-03 | train loss 1.0982 acc 0.466 | val loss 1.0871 acc 0.469
[convnext_tiny trial6] Epoch   5/100 | LR: 3.06e-03 | train loss 1.0978 acc 0.417 | val loss 1.0816 acc 0.469
[I 2026-09-29 03:17:54,058] Trial 6 pruned. 
[03:17:54] [convnext_tiny] trial 7: H=1 N=512 lr=2.24e-05 beta1=0.971 step_size=16 batch_size=32 (micro_batch=16, accum_steps=2)
[warn] ../cnn_dataset_split_facility_test-NoordelikeWerke/aerobic_zone/test does not exist -- using an empty split.
[convnext_tiny trial7] Using gradient accumulation: 2 micro-batches per optimizer step (effective batch size ≈ micro_batch x 2).
[convnext_tiny trial7] Epoch   1/100 | LR: 2.24e-05 | train loss 1.0619 acc 0.561 | val loss 0.9728 acc 0.648 *
[convnext_tiny trial7] Epoch   2/100 | LR: 2.24e-05 | train loss 0.9550 acc 0.691 | val loss 0.8609 acc 0.698 *
[convnext_tiny trial7] Epoch   3/100 | LR: 2.24e-05 | train loss 0.8334 acc 0.734 | val loss 0.7253 acc 0.733 *
[convnext_tiny trial7] Epoch   4/100 | LR: 2.24e-05 | train loss 0.6821 acc 0.783 | val loss 0.6128 acc 0.736 *
[convnext_tiny trial7] Epoch   5/100 | LR: 2.24e-05 | train loss 0.5692 acc 0.802 | val loss 0.5729 acc 0.748 *
[convnext_tiny trial7] Epoch   6/100 | LR: 2.24e-05 | train loss 0.5188 acc 0.816 | val loss 0.6389 acc 0.748
[convnext_tiny trial7] Epoch   7/100 | LR: 2.24e-05 | train loss 0.4635 acc 0.819 | val loss 0.4704 acc 0.795 *
[convnext_tiny trial7] Epoch   8/100 | LR: 2.24e-05 | train loss 0.3992 acc 0.860 | val loss 0.5421 acc 0.762
[convnext_tiny trial7] Epoch   9/100 | LR: 2.24e-05 | train loss 0.3819 acc 0.865 | val loss 0.4745 acc 0.789
[convnext_tiny trial7] Epoch  10/100 | LR: 2.24e-05 | train loss 0.3558 acc 0.862 | val loss 0.5002 acc 0.786
[convnext_tiny trial7] Epoch  11/100 | LR: 2.24e-05 | train loss 0.3467 acc 0.889 | val loss 0.4914 acc 0.815
[convnext_tiny trial7] Epoch  12/100 | LR: 2.24e-05 | train loss 0.3058 acc 0.892 | val loss 0.4427 acc 0.809 *
[convnext_tiny trial7] Epoch  13/100 | LR: 2.24e-05 | train loss 0.2818 acc 0.899 | val loss 0.4181 acc 0.827 *
[convnext_tiny trial7] Epoch  14/100 | LR: 2.24e-05 | train loss 0.2668 acc 0.913 | val loss 0.4314 acc 0.821
[convnext_tiny trial7] Epoch  15/100 | LR: 2.24e-05 | train loss 0.2302 acc 0.918 | val loss 0.4174 acc 0.821 *
[convnext_tiny trial7] Epoch  16/100 | LR: 2.24e-06 | train loss 0.1985 acc 0.943 | val loss 0.5493 acc 0.777
[convnext_tiny trial7] Epoch  17/100 | LR: 2.24e-06 | train loss 0.1969 acc 0.932 | val loss 0.4607 acc 0.815
[convnext_tiny trial7] Epoch  18/100 | LR: 2.24e-06 | train loss 0.1777 acc 0.943 | val loss 0.4477 acc 0.821
[convnext_tiny trial7] Epoch  19/100 | LR: 2.24e-06 | train loss 0.1724 acc 0.952 | val loss 0.4656 acc 0.815
[convnext_tiny trial7] Epoch  20/100 | LR: 2.24e-06 | train loss 0.1744 acc 0.947 | val loss 0.4449 acc 0.830
[convnext_tiny trial7] Epoch  21/100 | LR: 2.24e-06 | train loss 0.1816 acc 0.946 | val loss 0.4543 acc 0.818
[convnext_tiny trial7] Epoch  22/100 | LR: 2.24e-06 | train loss 0.1667 acc 0.944 | val loss 0.4656 acc 0.818
[convnext_tiny trial7] Epoch  23/100 | LR: 2.24e-06 | train loss 0.1544 acc 0.949 | val loss 0.4528 acc 0.818
[convnext_tiny trial7] Epoch  24/100 | LR: 2.24e-06 | train loss 0.1579 acc 0.948 | val loss 0.4611 acc 0.818
[convnext_tiny trial7] Epoch  25/100 | LR: 2.24e-06 | train loss 0.1514 acc 0.953 | val loss 0.4724 acc 0.815

[convnext_tiny trial7] No val loss improvement for 10 epochs — stopping early at epoch 25.

[convnext_tiny trial7] Restored best checkpoint (val loss = 0.4174)
[03:21:26] [convnext_tiny] trial 7 finished: best val_acc=0.8211 (at val_loss=0.4174)
[I 2026-09-29 03:21:27,007] Trial 7 finished with value: 0.8211143695014663 and parameters: {'hidden_layers': 1, 'neurons': 512, 'lr': 2.2410971619109514e-05, 'beta1': 0.970511942252347, 'step_size': 16, 'batch_size': 32}. Best is trial 5 with value: 0.8240469208211144.
[03:21:27] [convnext_tiny] trial 8: H=2 N=2048 lr=9.08e-06 beta1=0.572 step_size=22 batch_size=8 (micro_batch=8, accum_steps=1)
[warn] ../cnn_dataset_split_facility_test-NoordelikeWerke/aerobic_zone/test does not exist -- using an empty split.
[convnext_tiny trial8] Epoch   1/100 | LR: 9.08e-06 | train loss 1.0133 acc 0.662 | val loss 0.8565 acc 0.698 *
[convnext_tiny trial8] Epoch   2/100 | LR: 9.08e-06 | train loss 0.8301 acc 0.740 | val loss 0.6750 acc 0.739 *
[convnext_tiny trial8] Epoch   3/100 | LR: 9.08e-06 | train loss 0.6681 acc 0.780 | val loss 0.6205 acc 0.745 *
[convnext_tiny trial8] Epoch   4/100 | LR: 9.08e-06 | train loss 0.5736 acc 0.785 | val loss 0.5261 acc 0.771 *
[convnext_tiny trial8] Epoch   5/100 | LR: 9.08e-06 | train loss 0.5117 acc 0.822 | val loss 0.6308 acc 0.716
[convnext_tiny trial8] Epoch   6/100 | LR: 9.08e-06 | train loss 0.4565 acc 0.830 | val loss 0.6688 acc 0.710
[convnext_tiny trial8] Epoch   7/100 | LR: 9.08e-06 | train loss 0.4245 acc 0.848 | val loss 0.5270 acc 0.777
[convnext_tiny trial8] Epoch   8/100 | LR: 9.08e-06 | train loss 0.3695 acc 0.873 | val loss 0.5187 acc 0.757 *
[convnext_tiny trial8] Epoch   9/100 | LR: 9.08e-06 | train loss 0.3610 acc 0.873 | val loss 0.4339 acc 0.812 *
[convnext_tiny trial8] Epoch  10/100 | LR: 9.08e-06 | train loss 0.3130 acc 0.890 | val loss 0.5019 acc 0.798
[convnext_tiny trial8] Epoch  11/100 | LR: 9.08e-06 | train loss 0.3092 acc 0.894 | val loss 0.4804 acc 0.804
[convnext_tiny trial8] Epoch  12/100 | LR: 9.08e-06 | train loss 0.2654 acc 0.908 | val loss 0.5063 acc 0.795
[convnext_tiny trial8] Epoch  13/100 | LR: 9.08e-06 | train loss 0.2449 acc 0.903 | val loss 0.3883 acc 0.865 *
[convnext_tiny trial8] Epoch  14/100 | LR: 9.08e-06 | train loss 0.2226 acc 0.927 | val loss 0.5242 acc 0.795
[convnext_tiny trial8] Epoch  15/100 | LR: 9.08e-06 | train loss 0.2511 acc 0.910 | val loss 0.5025 acc 0.798
[convnext_tiny trial8] Epoch  16/100 | LR: 9.08e-06 | train loss 0.2004 acc 0.932 | val loss 0.5645 acc 0.786
[convnext_tiny trial8] Epoch  17/100 | LR: 9.08e-06 | train loss 0.1841 acc 0.935 | val loss 0.4548 acc 0.818
[convnext_tiny trial8] Epoch  18/100 | LR: 9.08e-06 | train loss 0.1724 acc 0.940 | val loss 0.5175 acc 0.806
[convnext_tiny trial8] Epoch  19/100 | LR: 9.08e-06 | train loss 0.1641 acc 0.947 | val loss 0.5376 acc 0.815
[convnext_tiny trial8] Epoch  20/100 | LR: 9.08e-06 | train loss 0.1374 acc 0.958 | val loss 0.4446 acc 0.856
[convnext_tiny trial8] Epoch  21/100 | LR: 9.08e-06 | train loss 0.1452 acc 0.956 | val loss 0.5191 acc 0.809
[convnext_tiny trial8] Epoch  22/100 | LR: 9.08e-07 | train loss 0.1152 acc 0.962 | val loss 0.4476 acc 0.859
[convnext_tiny trial8] Epoch  23/100 | LR: 9.08e-07 | train loss 0.1001 acc 0.973 | val loss 0.4873 acc 0.848

[convnext_tiny trial8] No val loss improvement for 10 epochs — stopping early at epoch 23.

[convnext_tiny trial8] Restored best checkpoint (val loss = 0.3883)
[03:25:05] [convnext_tiny] trial 8 finished: best val_acc=0.8651 (at val_loss=0.3883)
[I 2026-09-29 03:25:05,734] Trial 8 finished with value: 0.8651026392961877 and parameters: {'hidden_layers': 2, 'neurons': 2048, 'lr': 9.083381663660597e-06, 'beta1': 0.5723025411735203, 'step_size': 22, 'batch_size': 8}. Best is trial 8 with value: 0.8651026392961877.
[03:25:05] [convnext_tiny] trial 9: H=3 N=512 lr=2.31e-04 beta1=0.838 step_size=5 batch_size=96 (micro_batch=16, accum_steps=6)
[warn] ../cnn_dataset_split_facility_test-NoordelikeWerke/aerobic_zone/test does not exist -- using an empty split.
[convnext_tiny trial9] Using gradient accumulation: 6 micro-batches per optimizer step (effective batch size ≈ micro_batch x 6).
[convnext_tiny trial9] Epoch   1/100 | LR: 2.31e-04 | train loss 0.9971 acc 0.643 | val loss 0.7275 acc 0.730 *
[convnext_tiny trial9] Epoch   2/100 | LR: 2.31e-04 | train loss 0.7383 acc 0.745 | val loss 0.6259 acc 0.710 *
[convnext_tiny trial9] Epoch   3/100 | LR: 2.31e-04 | train loss 0.6165 acc 0.748 | val loss 0.7383 acc 0.660
[convnext_tiny trial9] Epoch   4/100 | LR: 2.31e-04 | train loss 0.5967 acc 0.751 | val loss 0.4870 acc 0.801 *
[convnext_tiny trial9] Epoch   5/100 | LR: 2.31e-05 | train loss 0.4706 acc 0.820 | val loss 0.6995 acc 0.704
[convnext_tiny trial9] Epoch   6/100 | LR: 2.31e-05 | train loss 0.4152 acc 0.872 | val loss 0.5299 acc 0.745
[convnext_tiny trial9] Epoch   7/100 | LR: 2.31e-05 | train loss 0.3482 acc 0.860 | val loss 0.5229 acc 0.748
[convnext_tiny trial9] Epoch   8/100 | LR: 2.31e-05 | train loss 0.3239 acc 0.881 | val loss 0.5306 acc 0.751
[convnext_tiny trial9] Epoch   9/100 | LR: 2.31e-05 | train loss 0.3002 acc 0.887 | val loss 0.5060 acc 0.768
[convnext_tiny trial9] Epoch  10/100 | LR: 2.31e-06 | train loss 0.2776 acc 0.898 | val loss 0.5394 acc 0.762
[convnext_tiny trial9] Epoch  11/100 | LR: 2.31e-06 | train loss 0.2561 acc 0.909 | val loss 0.5049 acc 0.777
[convnext_tiny trial9] Epoch  12/100 | LR: 2.31e-06 | train loss 0.2598 acc 0.900 | val loss 0.4949 acc 0.780
[convnext_tiny trial9] Epoch  13/100 | LR: 2.31e-06 | train loss 0.2599 acc 0.907 | val loss 0.5008 acc 0.780
[convnext_tiny trial9] Epoch  14/100 | LR: 2.31e-06 | train loss 0.2604 acc 0.897 | val loss 0.4895 acc 0.783

[convnext_tiny trial9] No val loss improvement for 10 epochs — stopping early at epoch 14.

[convnext_tiny trial9] Restored best checkpoint (val loss = 0.4870)
[03:27:19] [convnext_tiny] trial 9 finished: best val_acc=0.8006 (at val_loss=0.4870)
[I 2026-09-29 03:27:19,834] Trial 9 finished with value: 0.8005865102639296 and parameters: {'hidden_layers': 3, 'neurons': 512, 'lr': 0.00023097861492693574, 'beta1': 0.8381046165592989, 'step_size': 5, 'batch_size': 96}. Best is trial 8 with value: 0.8651026392961877.
[03:27:19] [convnext_tiny] trial 10: H=2 N=2048 lr=1.45e-05 beta1=0.571 step_size=30 batch_size=24 (micro_batch=16, accum_steps=2)
[warn] ../cnn_dataset_split_facility_test-NoordelikeWerke/aerobic_zone/test does not exist -- using an empty split.
[convnext_tiny trial10] Using gradient accumulation: 2 micro-batches per optimizer step (effective batch size ≈ micro_batch x 2).
[convnext_tiny trial10] Epoch   1/100 | LR: 1.45e-05 | train loss 1.0534 acc 0.611 | val loss 0.9466 acc 0.689 *
[convnext_tiny trial10] Epoch   2/100 | LR: 1.45e-05 | train loss 0.9194 acc 0.703 | val loss 0.8036 acc 0.727 *
[convnext_tiny trial10] Epoch   3/100 | LR: 1.45e-05 | train loss 0.7808 acc 0.777 | val loss 0.7202 acc 0.733 *
[convnext_tiny trial10] Epoch   4/100 | LR: 1.45e-05 | train loss 0.6664 acc 0.781 | val loss 0.6078 acc 0.765 *
[convnext_tiny trial10] Epoch   5/100 | LR: 1.45e-05 | train loss 0.5708 acc 0.789 | val loss 0.6456 acc 0.724
[convnext_tiny trial10] Epoch   6/100 | LR: 1.45e-05 | train loss 0.5018 acc 0.816 | val loss 0.5434 acc 0.765 *
[convnext_tiny trial10] Epoch   7/100 | LR: 1.45e-05 | train loss 0.4680 acc 0.825 | val loss 0.5628 acc 0.739
[convnext_tiny trial10] Epoch   8/100 | LR: 1.45e-05 | train loss 0.4063 acc 0.838 | val loss 0.5753 acc 0.733
[convnext_tiny trial10] Epoch   9/100 | LR: 1.45e-05 | train loss 0.3735 acc 0.852 | val loss 0.6469 acc 0.748
[convnext_tiny trial10] Epoch  10/100 | LR: 1.45e-05 | train loss 0.3285 acc 0.879 | val loss 0.5051 acc 0.771 *
[convnext_tiny trial10] Epoch  11/100 | LR: 1.45e-05 | train loss 0.3279 acc 0.877 | val loss 0.5611 acc 0.780
[convnext_tiny trial10] Epoch  12/100 | LR: 1.45e-05 | train loss 0.3277 acc 0.873 | val loss 0.4673 acc 0.812 *
[convnext_tiny trial10] Epoch  13/100 | LR: 1.45e-05 | train loss 0.3020 acc 0.888 | val loss 0.6521 acc 0.768
[convnext_tiny trial10] Epoch  14/100 | LR: 1.45e-05 | train loss 0.2673 acc 0.912 | val loss 0.5112 acc 0.804
[convnext_tiny trial10] Epoch  15/100 | LR: 1.45e-05 | train loss 0.2540 acc 0.911 | val loss 0.5422 acc 0.795
[convnext_tiny trial10] Epoch  16/100 | LR: 1.45e-05 | train loss 0.2491 acc 0.917 | val loss 0.4717 acc 0.839
[convnext_tiny trial10] Epoch  17/100 | LR: 1.45e-05 | train loss 0.2071 acc 0.926 | val loss 0.5713 acc 0.801
[convnext_tiny trial10] Epoch  18/100 | LR: 1.45e-05 | train loss 0.2056 acc 0.939 | val loss 0.5428 acc 0.818
[convnext_tiny trial10] Epoch  19/100 | LR: 1.45e-05 | train loss 0.1888 acc 0.934 | val loss 0.6214 acc 0.780
[convnext_tiny trial10] Epoch  20/100 | LR: 1.45e-05 | train loss 0.1685 acc 0.947 | val loss 0.5500 acc 0.812
[convnext_tiny trial10] Epoch  21/100 | LR: 1.45e-05 | train loss 0.1542 acc 0.944 | val loss 0.5024 acc 0.842
[convnext_tiny trial10] Epoch  22/100 | LR: 1.45e-05 | train loss 0.1252 acc 0.963 | val loss 0.5667 acc 0.824

[convnext_tiny trial10] No val loss improvement for 10 epochs — stopping early at epoch 22.

[convnext_tiny trial10] Restored best checkpoint (val loss = 0.4673)
[03:30:52] [convnext_tiny] trial 10 finished: best val_acc=0.8123 (at val_loss=0.4673)
[I 2026-09-29 03:30:52,151] Trial 10 finished with value: 0.8123167155425219 and parameters: {'hidden_layers': 2, 'neurons': 2048, 'lr': 1.4507630561073118e-05, 'beta1': 0.5708063966841861, 'step_size': 30, 'batch_size': 24}. Best is trial 8 with value: 0.8651026392961877.
[03:30:52] [convnext_tiny] trial 11: H=2 N=512 lr=4.04e-05 beta1=0.582 step_size=5 batch_size=48 (micro_batch=16, accum_steps=3)
[warn] ../cnn_dataset_split_facility_test-NoordelikeWerke/aerobic_zone/test does not exist -- using an empty split.
[convnext_tiny trial11] Using gradient accumulation: 3 micro-batches per optimizer step (effective batch size ≈ micro_batch x 3).
[convnext_tiny trial11] Epoch   1/100 | LR: 4.04e-05 | train loss 1.0601 acc 0.631 | val loss 0.9732 acc 0.692 *
[convnext_tiny trial11] Epoch   2/100 | LR: 4.04e-05 | train loss 0.8683 acc 0.744 | val loss 0.7728 acc 0.733 *
[convnext_tiny trial11] Epoch   3/100 | LR: 4.04e-05 | train loss 0.6510 acc 0.776 | val loss 0.5561 acc 0.751 *
[convnext_tiny trial11] Epoch   4/100 | LR: 4.04e-05 | train loss 0.5650 acc 0.791 | val loss 0.5765 acc 0.727
[convnext_tiny trial11] Epoch   5/100 | LR: 4.04e-06 | train loss 0.4678 acc 0.834 | val loss 0.5562 acc 0.748
[convnext_tiny trial11] Epoch   6/100 | LR: 4.04e-06 | train loss 0.4008 acc 0.853 | val loss 0.5140 acc 0.768 *
[convnext_tiny trial11] Epoch   7/100 | LR: 4.04e-06 | train loss 0.3733 acc 0.863 | val loss 0.5033 acc 0.777 *
[convnext_tiny trial11] Epoch   8/100 | LR: 4.04e-06 | train loss 0.3684 acc 0.872 | val loss 0.5047 acc 0.777
[convnext_tiny trial11] Epoch   9/100 | LR: 4.04e-06 | train loss 0.3638 acc 0.864 | val loss 0.4923 acc 0.768 *
[convnext_tiny trial11] Epoch  10/100 | LR: 4.04e-07 | train loss 0.3646 acc 0.864 | val loss 0.5066 acc 0.768
[convnext_tiny trial11] Epoch  11/100 | LR: 4.04e-07 | train loss 0.3536 acc 0.872 | val loss 0.5032 acc 0.768
[convnext_tiny trial11] Epoch  12/100 | LR: 4.04e-07 | train loss 0.3523 acc 0.877 | val loss 0.5040 acc 0.768
[convnext_tiny trial11] Epoch  13/100 | LR: 4.04e-07 | train loss 0.3343 acc 0.878 | val loss 0.5003 acc 0.771
[convnext_tiny trial11] Epoch  14/100 | LR: 4.04e-07 | train loss 0.3470 acc 0.877 | val loss 0.5021 acc 0.765
[I 2026-09-29 03:33:08,966] Trial 11 pruned. 
[03:33:09] [convnext_tiny] trial 12: H=2 N=2048 lr=5.26e-06 beta1=0.588 step_size=21 batch_size=8 (micro_batch=8, accum_steps=1)
[warn] ../cnn_dataset_split_facility_test-NoordelikeWerke/aerobic_zone/test does not exist -- using an empty split.
[convnext_tiny trial12] Epoch   1/100 | LR: 5.26e-06 | train loss 1.0627 acc 0.613 | val loss 0.9773 acc 0.683 *
[convnext_tiny trial12] Epoch   2/100 | LR: 5.26e-06 | train loss 0.9493 acc 0.700 | val loss 0.8163 acc 0.713 *
[convnext_tiny trial12] Epoch   3/100 | LR: 5.26e-06 | train loss 0.8300 acc 0.748 | val loss 0.7454 acc 0.751 *
[convnext_tiny trial12] Epoch   4/100 | LR: 5.26e-06 | train loss 0.7291 acc 0.769 | val loss 0.6465 acc 0.780 *
[convnext_tiny trial12] Epoch   5/100 | LR: 5.26e-06 | train loss 0.6463 acc 0.787 | val loss 0.5962 acc 0.754 *
[convnext_tiny trial12] Epoch   6/100 | LR: 5.26e-06 | train loss 0.5769 acc 0.810 | val loss 0.5565 acc 0.762 *
[convnext_tiny trial12] Epoch   7/100 | LR: 5.26e-06 | train loss 0.5367 acc 0.805 | val loss 0.5213 acc 0.760 *
[convnext_tiny trial12] Epoch   8/100 | LR: 5.26e-06 | train loss 0.4761 acc 0.826 | val loss 0.5584 acc 0.754
[convnext_tiny trial12] Epoch   9/100 | LR: 5.26e-06 | train loss 0.4488 acc 0.840 | val loss 0.4965 acc 0.771 *
[convnext_tiny trial12] Epoch  10/100 | LR: 5.26e-06 | train loss 0.4464 acc 0.838 | val loss 0.4588 acc 0.786 *
[convnext_tiny trial12] Epoch  11/100 | LR: 5.26e-06 | train loss 0.3900 acc 0.851 | val loss 0.4803 acc 0.783
[convnext_tiny trial12] Epoch  12/100 | LR: 5.26e-06 | train loss 0.3771 acc 0.856 | val loss 0.4678 acc 0.798
[convnext_tiny trial12] Epoch  13/100 | LR: 5.26e-06 | train loss 0.3568 acc 0.874 | val loss 0.4159 acc 0.818 *
[convnext_tiny trial12] Epoch  14/100 | LR: 5.26e-06 | train loss 0.3516 acc 0.867 | val loss 0.4373 acc 0.806
[convnext_tiny trial12] Epoch  15/100 | LR: 5.26e-06 | train loss 0.3145 acc 0.889 | val loss 0.4792 acc 0.795
[convnext_tiny trial12] Epoch  16/100 | LR: 5.26e-06 | train loss 0.3077 acc 0.882 | val loss 0.4673 acc 0.798
[convnext_tiny trial12] Epoch  17/100 | LR: 5.26e-06 | train loss 0.2905 acc 0.902 | val loss 0.4724 acc 0.795
[convnext_tiny trial12] Epoch  18/100 | LR: 5.26e-06 | train loss 0.2555 acc 0.913 | val loss 0.4362 acc 0.812
[convnext_tiny trial12] Epoch  19/100 | LR: 5.26e-06 | train loss 0.2548 acc 0.917 | val loss 0.4559 acc 0.801
[convnext_tiny trial12] Epoch  20/100 | LR: 5.26e-06 | train loss 0.2339 acc 0.919 | val loss 0.4414 acc 0.824
[convnext_tiny trial12] Epoch  21/100 | LR: 5.26e-07 | train loss 0.2327 acc 0.916 | val loss 0.4465 acc 0.806
[convnext_tiny trial12] Epoch  22/100 | LR: 5.26e-07 | train loss 0.2080 acc 0.929 | val loss 0.4546 acc 0.809
[convnext_tiny trial12] Epoch  23/100 | LR: 5.26e-07 | train loss 0.1959 acc 0.934 | val loss 0.4477 acc 0.812

[convnext_tiny trial12] No val loss improvement for 10 epochs — stopping early at epoch 23.

[convnext_tiny trial12] Restored best checkpoint (val loss = 0.4159)
[03:36:53] [convnext_tiny] trial 12 finished: best val_acc=0.8182 (at val_loss=0.4159)
[I 2026-09-29 03:36:53,934] Trial 12 finished with value: 0.8181818181818182 and parameters: {'hidden_layers': 2, 'neurons': 2048, 'lr': 5.2550600649598246e-06, 'beta1': 0.5879932029511545, 'step_size': 21, 'batch_size': 8}. Best is trial 8 with value: 0.8651026392961877.
[03:36:54] [convnext_tiny] trial 13: H=2 N=512 lr=1.00e-05 beta1=0.543 step_size=40 batch_size=48 (micro_batch=16, accum_steps=3)
[warn] ../cnn_dataset_split_facility_test-NoordelikeWerke/aerobic_zone/test does not exist -- using an empty split.
[convnext_tiny trial13] Using gradient accumulation: 3 micro-batches per optimizer step (effective batch size ≈ micro_batch x 3).
[convnext_tiny trial13] Epoch   1/100 | LR: 1.00e-05 | train loss 1.0969 acc 0.152 | val loss 1.1027 acc 0.182 *
[convnext_tiny trial13] Epoch   2/100 | LR: 1.00e-05 | train loss 1.0758 acc 0.394 | val loss 1.0676 acc 0.519 *
[convnext_tiny trial13] Epoch   3/100 | LR: 1.00e-05 | train loss 1.0434 acc 0.653 | val loss 1.0131 acc 0.686 *
[convnext_tiny trial13] Epoch   4/100 | LR: 1.00e-05 | train loss 0.9980 acc 0.679 | val loss 0.9417 acc 0.698 *
[convnext_tiny trial13] Epoch   5/100 | LR: 1.00e-05 | train loss 0.9322 acc 0.704 | val loss 0.8656 acc 0.718 *
[convnext_tiny trial13] Epoch   6/100 | LR: 1.00e-05 | train loss 0.8591 acc 0.754 | val loss 0.7946 acc 0.742 *
[convnext_tiny trial13] Epoch   7/100 | LR: 1.00e-05 | train loss 0.7827 acc 0.779 | val loss 0.7137 acc 0.768 *
[convnext_tiny trial13] Epoch   8/100 | LR: 1.00e-05 | train loss 0.7133 acc 0.795 | val loss 0.6498 acc 0.762 *
[convnext_tiny trial13] Epoch   9/100 | LR: 1.00e-05 | train loss 0.6327 acc 0.812 | val loss 0.5873 acc 0.751 *
[convnext_tiny trial13] Epoch  10/100 | LR: 1.00e-05 | train loss 0.5777 acc 0.807 | val loss 0.5366 acc 0.774 *
[convnext_tiny trial13] Epoch  11/100 | LR: 1.00e-05 | train loss 0.5414 acc 0.824 | val loss 0.5714 acc 0.751
[I 2026-09-29 03:38:41,222] Trial 13 pruned. 
[03:38:41] [convnext_tiny] trial 14: H=2 N=512 lr=4.75e-06 beta1=0.718 step_size=8 batch_size=48 (micro_batch=16, accum_steps=3)
[warn] ../cnn_dataset_split_facility_test-NoordelikeWerke/aerobic_zone/test does not exist -- using an empty split.
[convnext_tiny trial14] Using gradient accumulation: 3 micro-batches per optimizer step (effective batch size ≈ micro_batch x 3).
[convnext_tiny trial14] Epoch   1/100 | LR: 4.75e-06 | train loss 1.0899 acc 0.544 | val loss 1.0672 acc 0.584 *
[convnext_tiny trial14] Epoch   2/100 | LR: 4.75e-06 | train loss 1.0808 acc 0.628 | val loss 1.0571 acc 0.648 *
[convnext_tiny trial14] Epoch   3/100 | LR: 4.75e-06 | train loss 1.0685 acc 0.673 | val loss 1.0442 acc 0.666 *
[convnext_tiny trial14] Epoch   4/100 | LR: 4.75e-06 | train loss 1.0538 acc 0.682 | val loss 1.0275 acc 0.674 *
[convnext_tiny trial14] Epoch   5/100 | LR: 4.75e-06 | train loss 1.0329 acc 0.699 | val loss 1.0021 acc 0.686 *
[I 2026-09-29 03:39:30,142] Trial 14 pruned. 
[03:39:30] [convnext_tiny] trial 15: H=2 N=2048 lr=6.78e-05 beta1=0.512 step_size=27 batch_size=8 (micro_batch=8, accum_steps=1)
[warn] ../cnn_dataset_split_facility_test-NoordelikeWerke/aerobic_zone/test does not exist -- using an empty split.
[convnext_tiny trial15] Epoch   1/100 | LR: 6.78e-05 | train loss 0.8557 acc 0.672 | val loss 0.7257 acc 0.704 *
[convnext_tiny trial15] Epoch   2/100 | LR: 6.78e-05 | train loss 0.6178 acc 0.770 | val loss 0.5074 acc 0.795 *
[convnext_tiny trial15] Epoch   3/100 | LR: 6.78e-05 | train loss 0.5744 acc 0.786 | val loss 0.5253 acc 0.783
[convnext_tiny trial15] Epoch   4/100 | LR: 6.78e-05 | train loss 0.4828 acc 0.812 | val loss 0.5128 acc 0.721
[convnext_tiny trial15] Epoch   5/100 | LR: 6.78e-05 | train loss 0.4430 acc 0.840 | val loss 0.5257 acc 0.730
[convnext_tiny trial15] Epoch   6/100 | LR: 6.78e-05 | train loss 0.3979 acc 0.854 | val loss 0.5897 acc 0.757
[convnext_tiny trial15] Epoch   7/100 | LR: 6.78e-05 | train loss 0.3318 acc 0.873 | val loss 0.7826 acc 0.742
[convnext_tiny trial15] Epoch   8/100 | LR: 6.78e-05 | train loss 0.3164 acc 0.880 | val loss 0.4920 acc 0.818 *
[convnext_tiny trial15] Epoch   9/100 | LR: 6.78e-05 | train loss 0.2804 acc 0.902 | val loss 0.6351 acc 0.724
[convnext_tiny trial15] Epoch  10/100 | LR: 6.78e-05 | train loss 0.2355 acc 0.914 | val loss 0.5065 acc 0.812
[convnext_tiny trial15] Epoch  11/100 | LR: 6.78e-05 | train loss 0.2272 acc 0.922 | val loss 0.5128 acc 0.783
[convnext_tiny trial15] Epoch  12/100 | LR: 6.78e-05 | train loss 0.2114 acc 0.931 | val loss 0.5610 acc 0.815
[convnext_tiny trial15] Epoch  13/100 | LR: 6.78e-05 | train loss 0.2104 acc 0.930 | val loss 1.1865 acc 0.672
[convnext_tiny trial15] Epoch  14/100 | LR: 6.78e-05 | train loss 0.1991 acc 0.936 | val loss 0.4737 acc 0.806 *
[convnext_tiny trial15] Epoch  15/100 | LR: 6.78e-05 | train loss 0.1756 acc 0.934 | val loss 0.4568 acc 0.842 *
[convnext_tiny trial15] Epoch  16/100 | LR: 6.78e-05 | train loss 0.1327 acc 0.957 | val loss 0.3589 acc 0.874 *
[convnext_tiny trial15] Epoch  17/100 | LR: 6.78e-05 | train loss 0.1505 acc 0.956 | val loss 1.2981 acc 0.672
[convnext_tiny trial15] Epoch  18/100 | LR: 6.78e-05 | train loss 0.1370 acc 0.952 | val loss 0.5318 acc 0.824
[convnext_tiny trial15] Epoch  19/100 | LR: 6.78e-05 | train loss 0.1243 acc 0.961 | val loss 0.8086 acc 0.783
[convnext_tiny trial15] Epoch  20/100 | LR: 6.78e-05 | train loss 0.1170 acc 0.956 | val loss 0.5475 acc 0.836
[convnext_tiny trial15] Epoch  21/100 | LR: 6.78e-05 | train loss 0.0808 acc 0.979 | val loss 0.5265 acc 0.871
[convnext_tiny trial15] Epoch  22/100 | LR: 6.78e-05 | train loss 0.0996 acc 0.964 | val loss 0.6409 acc 0.833
[convnext_tiny trial15] Epoch  23/100 | LR: 6.78e-05 | train loss 0.1410 acc 0.950 | val loss 0.4144 acc 0.853
[convnext_tiny trial15] Epoch  24/100 | LR: 6.78e-05 | train loss 0.0540 acc 0.982 | val loss 0.5734 acc 0.845
[convnext_tiny trial15] Epoch  25/100 | LR: 6.78e-05 | train loss 0.0991 acc 0.969 | val loss 0.5633 acc 0.859
[convnext_tiny trial15] Epoch  26/100 | LR: 6.78e-05 | train loss 0.0777 acc 0.974 | val loss 0.7745 acc 0.798

[convnext_tiny trial15] No val loss improvement for 10 epochs — stopping early at epoch 26.

[convnext_tiny trial15] Restored best checkpoint (val loss = 0.3589)
[03:43:44] [convnext_tiny] trial 15 finished: best val_acc=0.8739 (at val_loss=0.3589)
[I 2026-09-29 03:43:45,009] Trial 15 finished with value: 0.873900293255132 and parameters: {'hidden_layers': 2, 'neurons': 2048, 'lr': 6.782906706598967e-05, 'beta1': 0.5121538405593421, 'step_size': 27, 'batch_size': 8}. Best is trial 15 with value: 0.873900293255132.
[03:43:45] [convnext_tiny] trial 16: H=2 N=2048 lr=7.11e-06 beta1=0.741 step_size=30 batch_size=32 (micro_batch=16, accum_steps=2)
[warn] ../cnn_dataset_split_facility_test-NoordelikeWerke/aerobic_zone/test does not exist -- using an empty split.
[convnext_tiny trial16] Using gradient accumulation: 2 micro-batches per optimizer step (effective batch size ≈ micro_batch x 2).
[convnext_tiny trial16] Epoch   1/100 | LR: 7.11e-06 | train loss 1.0803 acc 0.530 | val loss 1.0322 acc 0.669 *
[convnext_tiny trial16] Epoch   2/100 | LR: 7.11e-06 | train loss 1.0298 acc 0.675 | val loss 0.9653 acc 0.680 *
[convnext_tiny trial16] Epoch   3/100 | LR: 7.11e-06 | train loss 0.9559 acc 0.688 | val loss 0.8722 acc 0.704 *
[convnext_tiny trial16] Epoch   4/100 | LR: 7.11e-06 | train loss 0.8867 acc 0.722 | val loss 0.8112 acc 0.730 *
[convnext_tiny trial16] Epoch   5/100 | LR: 7.11e-06 | train loss 0.8153 acc 0.757 | val loss 0.7705 acc 0.733 *
[convnext_tiny trial16] Epoch   6/100 | LR: 7.11e-06 | train loss 0.7485 acc 0.766 | val loss 0.7101 acc 0.748 *
[convnext_tiny trial16] Epoch   7/100 | LR: 7.11e-06 | train loss 0.6817 acc 0.782 | val loss 0.6568 acc 0.757 *
[convnext_tiny trial16] Epoch   8/100 | LR: 7.11e-06 | train loss 0.6111 acc 0.805 | val loss 0.6263 acc 0.742 *
[convnext_tiny trial16] Epoch   9/100 | LR: 7.11e-06 | train loss 0.5640 acc 0.805 | val loss 0.5965 acc 0.748 *
[convnext_tiny trial16] Epoch  10/100 | LR: 7.11e-06 | train loss 0.5192 acc 0.815 | val loss 0.5662 acc 0.754 *
[I 2026-09-29 03:45:21,541] Trial 16 pruned. 
[03:45:21] [convnext_tiny] trial 17: H=2 N=2048 lr=8.50e-05 beta1=0.503 step_size=27 batch_size=16 (micro_batch=16, accum_steps=1)
[warn] ../cnn_dataset_split_facility_test-NoordelikeWerke/aerobic_zone/test does not exist -- using an empty split.
[convnext_tiny trial17] Epoch   1/100 | LR: 8.50e-05 | train loss 0.8812 acc 0.651 | val loss 0.5952 acc 0.786 *
[convnext_tiny trial17] Epoch   2/100 | LR: 8.50e-05 | train loss 0.6674 acc 0.754 | val loss 0.5438 acc 0.739 *
[convnext_tiny trial17] Epoch   3/100 | LR: 8.50e-05 | train loss 0.5579 acc 0.777 | val loss 0.4981 acc 0.801 *
[convnext_tiny trial17] Epoch   4/100 | LR: 8.50e-05 | train loss 0.4956 acc 0.807 | val loss 0.7098 acc 0.689
[convnext_tiny trial17] Epoch   5/100 | LR: 8.50e-05 | train loss 0.4392 acc 0.833 | val loss 0.5171 acc 0.757
[convnext_tiny trial17] Epoch   6/100 | LR: 8.50e-05 | train loss 0.4006 acc 0.845 | val loss 0.5489 acc 0.733
[convnext_tiny trial17] Epoch   7/100 | LR: 8.50e-05 | train loss 0.3728 acc 0.857 | val loss 0.4241 acc 0.804 *
[convnext_tiny trial17] Epoch   8/100 | LR: 8.50e-05 | train loss 0.2939 acc 0.882 | val loss 0.4202 acc 0.824 *
[convnext_tiny trial17] Epoch   9/100 | LR: 8.50e-05 | train loss 0.2912 acc 0.898 | val loss 0.4886 acc 0.804
[convnext_tiny trial17] Epoch  10/100 | LR: 8.50e-05 | train loss 0.2572 acc 0.903 | val loss 0.5689 acc 0.771
[convnext_tiny trial17] Epoch  11/100 | LR: 8.50e-05 | train loss 0.2060 acc 0.927 | val loss 0.7611 acc 0.745
[convnext_tiny trial17] Epoch  12/100 | LR: 8.50e-05 | train loss 0.1945 acc 0.922 | val loss 0.5358 acc 0.836
[convnext_tiny trial17] Epoch  13/100 | LR: 8.50e-05 | train loss 0.1693 acc 0.941 | val loss 0.3810 acc 0.874 *
[convnext_tiny trial17] Epoch  14/100 | LR: 8.50e-05 | train loss 0.1856 acc 0.942 | val loss 0.4314 acc 0.862
[convnext_tiny trial17] Epoch  15/100 | LR: 8.50e-05 | train loss 0.1217 acc 0.960 | val loss 0.4720 acc 0.856
[convnext_tiny trial17] Epoch  16/100 | LR: 8.50e-05 | train loss 0.1428 acc 0.950 | val loss 0.4250 acc 0.853
[convnext_tiny trial17] Epoch  17/100 | LR: 8.50e-05 | train loss 0.1204 acc 0.961 | val loss 0.5286 acc 0.830
[convnext_tiny trial17] Epoch  18/100 | LR: 8.50e-05 | train loss 0.1235 acc 0.959 | val loss 0.8303 acc 0.777
[convnext_tiny trial17] Epoch  19/100 | LR: 8.50e-05 | train loss 0.0996 acc 0.966 | val loss 0.5658 acc 0.818
[convnext_tiny trial17] Epoch  20/100 | LR: 8.50e-05 | train loss 0.0826 acc 0.966 | val loss 0.7795 acc 0.812
[convnext_tiny trial17] Epoch  21/100 | LR: 8.50e-05 | train loss 0.1526 acc 0.958 | val loss 0.6492 acc 0.789
[convnext_tiny trial17] Epoch  22/100 | LR: 8.50e-05 | train loss 0.1288 acc 0.961 | val loss 0.4362 acc 0.850
[convnext_tiny trial17] Epoch  23/100 | LR: 8.50e-05 | train loss 0.0644 acc 0.975 | val loss 0.5961 acc 0.836

[convnext_tiny trial17] No val loss improvement for 10 epochs — stopping early at epoch 23.

[convnext_tiny trial17] Restored best checkpoint (val loss = 0.3810)
[03:49:05] [convnext_tiny] trial 17 finished: best val_acc=0.8739 (at val_loss=0.3810)
[I 2026-09-29 03:49:05,888] Trial 17 finished with value: 0.873900293255132 and parameters: {'hidden_layers': 2, 'neurons': 2048, 'lr': 8.501455202492448e-05, 'beta1': 0.5025817204015136, 'step_size': 27, 'batch_size': 16}. Best is trial 15 with value: 0.873900293255132.
[03:49:05] [convnext_tiny] trial 18: H=2 N=2048 lr=6.09e-05 beta1=0.728 step_size=23 batch_size=16 (micro_batch=16, accum_steps=1)
[warn] ../cnn_dataset_split_facility_test-NoordelikeWerke/aerobic_zone/test does not exist -- using an empty split.
[convnext_tiny trial18] Epoch   1/100 | LR: 6.09e-05 | train loss 0.8574 acc 0.680 | val loss 0.6182 acc 0.774 *
[convnext_tiny trial18] Epoch   2/100 | LR: 6.09e-05 | train loss 0.6746 acc 0.742 | val loss 0.5023 acc 0.818 *
[convnext_tiny trial18] Epoch   3/100 | LR: 6.09e-05 | train loss 0.5651 acc 0.776 | val loss 0.4915 acc 0.783 *
[convnext_tiny trial18] Epoch   4/100 | LR: 6.09e-05 | train loss 0.4598 acc 0.817 | val loss 0.5749 acc 0.765
[convnext_tiny trial18] Epoch   5/100 | LR: 6.09e-05 | train loss 0.4211 acc 0.847 | val loss 0.4861 acc 0.736 *
[convnext_tiny trial18] Epoch   6/100 | LR: 6.09e-05 | train loss 0.3542 acc 0.860 | val loss 0.5335 acc 0.812
[convnext_tiny trial18] Epoch   7/100 | LR: 6.09e-05 | train loss 0.3487 acc 0.869 | val loss 0.5249 acc 0.801
[convnext_tiny trial18] Epoch   8/100 | LR: 6.09e-05 | train loss 0.2751 acc 0.904 | val loss 0.4272 acc 0.836 *
[convnext_tiny trial18] Epoch   9/100 | LR: 6.09e-05 | train loss 0.2539 acc 0.909 | val loss 0.4970 acc 0.780
[convnext_tiny trial18] Epoch  10/100 | LR: 6.09e-05 | train loss 0.2352 acc 0.911 | val loss 0.4740 acc 0.836
[convnext_tiny trial18] Epoch  11/100 | LR: 6.09e-05 | train loss 0.2247 acc 0.924 | val loss 0.8113 acc 0.765
[convnext_tiny trial18] Epoch  12/100 | LR: 6.09e-05 | train loss 0.2048 acc 0.930 | val loss 0.6043 acc 0.780
[convnext_tiny trial18] Epoch  13/100 | LR: 6.09e-05 | train loss 0.2101 acc 0.925 | val loss 0.4182 acc 0.853 *
[convnext_tiny trial18] Epoch  14/100 | LR: 6.09e-05 | train loss 0.1139 acc 0.955 | val loss 0.4499 acc 0.868
[convnext_tiny trial18] Epoch  15/100 | LR: 6.09e-05 | train loss 0.1334 acc 0.959 | val loss 0.5130 acc 0.824
[convnext_tiny trial18] Epoch  16/100 | LR: 6.09e-05 | train loss 0.1209 acc 0.954 | val loss 0.5860 acc 0.801
[convnext_tiny trial18] Epoch  17/100 | LR: 6.09e-05 | train loss 0.1072 acc 0.964 | val loss 0.6710 acc 0.812
[convnext_tiny trial18] Epoch  18/100 | LR: 6.09e-05 | train loss 0.1030 acc 0.970 | val loss 0.4678 acc 0.848
[convnext_tiny trial18] Epoch  19/100 | LR: 6.09e-05 | train loss 0.0825 acc 0.969 | val loss 0.5602 acc 0.809
[convnext_tiny trial18] Epoch  20/100 | LR: 6.09e-05 | train loss 0.1294 acc 0.953 | val loss 0.6143 acc 0.812
[convnext_tiny trial18] Epoch  21/100 | LR: 6.09e-05 | train loss 0.0553 acc 0.979 | val loss 0.6122 acc 0.848
[convnext_tiny trial18] Epoch  22/100 | LR: 6.09e-05 | train loss 0.1754 acc 0.944 | val loss 0.6302 acc 0.830
[convnext_tiny trial18] Epoch  23/100 | LR: 6.09e-06 | train loss 0.1049 acc 0.968 | val loss 0.5643 acc 0.850

[convnext_tiny trial18] No val loss improvement for 10 epochs — stopping early at epoch 23.

[convnext_tiny trial18] Restored best checkpoint (val loss = 0.4182)
[03:52:51] [convnext_tiny] trial 18 finished: best val_acc=0.8534 (at val_loss=0.4182)
[I 2026-09-29 03:52:52,015] Trial 18 finished with value: 0.8533724340175953 and parameters: {'hidden_layers': 2, 'neurons': 2048, 'lr': 6.088603200650708e-05, 'beta1': 0.7284114224367143, 'step_size': 23, 'batch_size': 16}. Best is trial 15 with value: 0.873900293255132.
[03:52:52] [convnext_tiny] trial 19: H=2 N=1024 lr=2.19e-06 beta1=0.534 step_size=33 batch_size=8 (micro_batch=8, accum_steps=1)
[warn] ../cnn_dataset_split_facility_test-NoordelikeWerke/aerobic_zone/test does not exist -- using an empty split.
[convnext_tiny trial19] Epoch   1/100 | LR: 2.19e-06 | train loss 1.0929 acc 0.452 | val loss 1.0734 acc 0.610 *
[convnext_tiny trial19] Epoch   2/100 | LR: 2.19e-06 | train loss 1.0765 acc 0.648 | val loss 1.0478 acc 0.672 *
[convnext_tiny trial19] Epoch   3/100 | LR: 2.19e-06 | train loss 1.0553 acc 0.675 | val loss 1.0175 acc 0.683 *
[convnext_tiny trial19] Epoch   4/100 | LR: 2.19e-06 | train loss 1.0269 acc 0.675 | val loss 0.9776 acc 0.683 *
[convnext_tiny trial19] Epoch   5/100 | LR: 2.19e-06 | train loss 0.9886 acc 0.683 | val loss 0.9291 acc 0.692 *
[I 2026-09-29 03:53:41,926] Trial 19 pruned. 
[03:53:41] === convnext_tiny done: 14 completed, 6 pruned. Best trial #15: val_acc=0.8739 params={'hidden_layers': 2, 'neurons': 2048, 'lr': 6.782906706598967e-05, 'beta1': 0.5121538405593421, 'step_size': 27, 'batch_size': 8} ===
[03:53:41] Saved tuned hyperparameters for convnext_tiny to tuned_hyperparams_aerobic_zone.json
[03:53:41] [convnext_tiny] finished in 68.7 min
[03:53:41] All requested architectures tuned in 68.7 min total.
Using device: cuda
Test set ID (derived from DATASET_ROOT): NoordelikeWerke
Train-time augmentation: on
[warn] ../cnn_dataset_split_facility_test-NoordelikeWerke/aerobic_zone/test does not exist -- using an empty split.
Classes found (3): ['Dysfunctional', 'Functional', 'Suboptimal']
Train: 1402 | Val: 341 | Test: 0
[03:58:44] Dataset root: ../cnn_dataset_split_facility_test-NoordelikeWerke  Component: aerobic_zone
[03:58:44] Architectures to tune (1): ['inception_v3']
[03:58:44] Trials per architecture: 20
[I 2026-09-29 03:58:44,863] A new study created in RDB with name: aerobic_zone_inception_v3_tune
[03:58:44] === inception_v3: 0/20 trials already recorded, 20 remaining, img_size=(299, 299) ===
[03:58:44] [inception_v3] trial 0: H=1 N=512 lr=2.92e-03 beta1=0.800 step_size=30 batch_size=16 (micro_batch=16, accum_steps=1)
[warn] ../cnn_dataset_split_facility_test-NoordelikeWerke/aerobic_zone/test does not exist -- using an empty split.
Using device: cuda
Test set ID (derived from DATASET_ROOT): NoordelikeWerke
Train-time augmentation: on
[warn] ../cnn_dataset_split_facility_test-NoordelikeWerke/aerobic_zone/test does not exist -- using an empty split.
Classes found (3): ['Dysfunctional', 'Functional', 'Suboptimal']
Train: 1402 | Val: 341 | Test: 0
[inception_v3 trial0] Epoch   1/100 | LR: 2.92e-03 | train loss 1.8354 acc 0.424 | val loss 1.6715 acc 0.399 *
[inception_v3 trial0] Epoch   2/100 | LR: 2.92e-03 | train loss 1.5847 acc 0.422 | val loss 1.0847 acc 0.405 *
[inception_v3 trial0] Epoch   3/100 | LR: 2.92e-03 | train loss 1.5864 acc 0.441 | val loss 1.0660 acc 0.534 *
[inception_v3 trial0] Epoch   4/100 | LR: 2.92e-03 | train loss 1.5973 acc 0.462 | val loss 1.0712 acc 0.469
[inception_v3 trial0] Epoch   5/100 | LR: 2.92e-03 | train loss 1.5769 acc 0.443 | val loss 1.0831 acc 0.416
[inception_v3 trial0] Epoch   6/100 | LR: 2.92e-03 | train loss 1.5859 acc 0.416 | val loss 1.0846 acc 0.416
[inception_v3 trial0] Epoch   7/100 | LR: 2.92e-03 | train loss 1.5920 acc 0.434 | val loss 1.0736 acc 0.443
[inception_v3 trial0] Epoch   8/100 | LR: 2.92e-03 | train loss 1.5464 acc 0.466 | val loss 2.1670 acc 0.416
[inception_v3 trial0] Epoch   9/100 | LR: 2.92e-03 | train loss 1.5875 acc 0.440 | val loss 1.0816 acc 0.408
[inception_v3 trial0] Epoch  10/100 | LR: 2.92e-03 | train loss 1.5480 acc 0.461 | val loss 0.9676 acc 0.601 *
[inception_v3 trial0] Epoch  11/100 | LR: 2.92e-03 | train loss 1.5277 acc 0.540 | val loss 1.0473 acc 0.531
[inception_v3 trial0] Epoch  12/100 | LR: 2.92e-03 | train loss 1.4796 acc 0.571 | val loss 4.6725 acc 0.578
[inception_v3 trial0] Epoch  13/100 | LR: 2.92e-03 | train loss 1.4644 acc 0.570 | val loss 0.9810 acc 0.651
[inception_v3 trial0] Epoch  14/100 | LR: 2.92e-03 | train loss 1.4358 acc 0.603 | val loss 0.9054 acc 0.660 *
[inception_v3 trial0] Epoch  15/100 | LR: 2.92e-03 | train loss 1.3329 acc 0.661 | val loss 0.9171 acc 0.669
[inception_v3 trial0] Epoch  16/100 | LR: 2.92e-03 | train loss 1.3127 acc 0.659 | val loss 0.7696 acc 0.724 *
[inception_v3 trial0] Epoch  17/100 | LR: 2.92e-03 | train loss 1.3012 acc 0.667 | val loss 0.8364 acc 0.721
[inception_v3 trial0] Epoch  18/100 | LR: 2.92e-03 | train loss 1.2143 acc 0.687 | val loss 0.8268 acc 0.604
[inception_v3 trial0] Epoch  19/100 | LR: 2.92e-03 | train loss 1.2522 acc 0.603 | val loss 0.8180 acc 0.674
[inception_v3 trial0] Epoch  20/100 | LR: 2.92e-03 | train loss 1.2042 acc 0.665 | val loss 0.8860 acc 0.569
[inception_v3 trial0] Epoch  21/100 | LR: 2.92e-03 | train loss 1.1849 acc 0.650 | val loss 0.8123 acc 0.669
[inception_v3 trial0] Epoch  22/100 | LR: 2.92e-03 | train loss 1.1697 acc 0.670 | val loss 0.8148 acc 0.648
[inception_v3 trial0] Epoch  23/100 | LR: 2.92e-03 | train loss 1.1711 acc 0.659 | val loss 0.6822 acc 0.707 *
[inception_v3 trial0] Epoch  24/100 | LR: 2.92e-03 | train loss 1.1360 acc 0.689 | val loss 0.8978 acc 0.651
[inception_v3 trial0] Epoch  25/100 | LR: 2.92e-03 | train loss 1.2041 acc 0.671 | val loss 0.6578 acc 0.730 *
[inception_v3 trial0] Epoch  26/100 | LR: 2.92e-03 | train loss 1.1748 acc 0.658 | val loss 0.7406 acc 0.666
[inception_v3 trial0] Epoch  27/100 | LR: 2.92e-03 | train loss 1.1188 acc 0.677 | val loss 0.6990 acc 0.689
[inception_v3 trial0] Epoch  28/100 | LR: 2.92e-03 | train loss 1.1605 acc 0.673 | val loss 0.7395 acc 0.695
[inception_v3 trial0] Epoch  29/100 | LR: 2.92e-03 | train loss 1.0863 acc 0.697 | val loss 1.0642 acc 0.481
[inception_v3 trial0] Epoch  30/100 | LR: 2.92e-04 | train loss 1.1178 acc 0.650 | val loss 0.7171 acc 0.707
[inception_v3 trial0] Epoch  31/100 | LR: 2.92e-04 | train loss 1.0247 acc 0.718 | val loss 0.6271 acc 0.736 *
[inception_v3 trial0] Epoch  32/100 | LR: 2.92e-04 | train loss 1.0009 acc 0.733 | val loss 0.6442 acc 0.718
[inception_v3 trial0] Epoch  33/100 | LR: 2.92e-04 | train loss 0.9945 acc 0.720 | val loss 0.6296 acc 0.727
[inception_v3 trial0] Epoch  34/100 | LR: 2.92e-04 | train loss 1.0564 acc 0.695 | val loss 0.6307 acc 0.736
[inception_v3 trial0] Epoch  35/100 | LR: 2.92e-04 | train loss 1.0291 acc 0.708 | val loss 0.6491 acc 0.721
[inception_v3 trial0] Epoch  36/100 | LR: 2.92e-04 | train loss 1.0016 acc 0.706 | val loss 0.6436 acc 0.736
[inception_v3 trial0] Epoch  37/100 | LR: 2.92e-04 | train loss 1.0159 acc 0.712 | val loss 0.6302 acc 0.718
[inception_v3 trial0] Epoch  38/100 | LR: 2.92e-04 | train loss 1.0250 acc 0.700 | val loss 0.6272 acc 0.727
[inception_v3 trial0] Epoch  39/100 | LR: 2.92e-04 | train loss 1.0354 acc 0.698 | val loss 0.6462 acc 0.713
[inception_v3 trial0] Epoch  40/100 | LR: 2.92e-04 | train loss 0.9702 acc 0.725 | val loss 0.6431 acc 0.724
[inception_v3 trial0] Epoch  41/100 | LR: 2.92e-04 | train loss 0.9853 acc 0.713 | val loss 0.6407 acc 0.733

[inception_v3 trial0] No val loss improvement for 10 epochs — stopping early at epoch 41.

[inception_v3 trial0] Restored best checkpoint (val loss = 0.6271)
[04:06:11] [inception_v3] trial 0 finished: best val_acc=0.7361 (at val_loss=0.6271)
[I 2026-09-29 04:06:11,735] Trial 0 finished with value: 0.7360703812316716 and parameters: {'hidden_layers': 1, 'neurons': 512, 'lr': 0.0029154431891537554, 'beta1': 0.7999563908598613, 'step_size': 30, 'batch_size': 16}. Best is trial 0 with value: 0.7360703812316716.
[04:06:11] [inception_v3] trial 1: H=2 N=2048 lr=1.38e-03 beta1=0.600 step_size=23 batch_size=96 (micro_batch=16, accum_steps=6)
[warn] ../cnn_dataset_split_facility_test-NoordelikeWerke/aerobic_zone/test does not exist -- using an empty split.
[inception_v3 trial1] Using gradient accumulation: 6 micro-batches per optimizer step (effective batch size ≈ micro_batch x 6).
[inception_v3 trial1] Epoch   1/100 | LR: 1.38e-03 | train loss 1.8228 acc 0.356 | val loss 1.0686 acc 0.469 *
[inception_v3 trial1] Epoch   2/100 | LR: 1.38e-03 | train loss 1.3876 acc 0.620 | val loss 0.9423 acc 0.689 *
[inception_v3 trial1] Epoch   3/100 | LR: 1.38e-03 | train loss 1.3209 acc 0.644 | val loss 0.8339 acc 0.660 *
[inception_v3 trial1] Epoch   4/100 | LR: 1.38e-03 | train loss 1.3223 acc 0.645 | val loss 0.8787 acc 0.636
[inception_v3 trial1] Epoch   5/100 | LR: 1.38e-03 | train loss 1.3336 acc 0.635 | val loss 0.7957 acc 0.727 *
[inception_v3 trial1] Epoch   6/100 | LR: 1.38e-03 | train loss 1.2674 acc 0.668 | val loss 1.4736 acc 0.630
[inception_v3 trial1] Epoch   7/100 | LR: 1.38e-03 | train loss 1.2498 acc 0.653 | val loss 0.7466 acc 0.663 *
[inception_v3 trial1] Epoch   8/100 | LR: 1.38e-03 | train loss 1.1782 acc 0.678 | val loss 0.6907 acc 0.704 *
[inception_v3 trial1] Epoch   9/100 | LR: 1.38e-03 | train loss 1.1330 acc 0.688 | val loss 0.6473 acc 0.716 *
[inception_v3 trial1] Epoch  10/100 | LR: 1.38e-03 | train loss 1.1429 acc 0.651 | val loss 0.7397 acc 0.660
[inception_v3 trial1] Epoch  11/100 | LR: 1.38e-03 | train loss 1.1321 acc 0.687 | val loss 0.7597 acc 0.660
[inception_v3 trial1] Epoch  12/100 | LR: 1.38e-03 | train loss 1.1143 acc 0.669 | val loss 0.6915 acc 0.692
[inception_v3 trial1] Epoch  13/100 | LR: 1.38e-03 | train loss 1.0441 acc 0.703 | val loss 0.7810 acc 0.698
[inception_v3 trial1] Epoch  14/100 | LR: 1.38e-03 | train loss 1.0759 acc 0.696 | val loss 0.8002 acc 0.654
[inception_v3 trial1] Epoch  15/100 | LR: 1.38e-03 | train loss 1.1225 acc 0.673 | val loss 1.4842 acc 0.633
[inception_v3 trial1] Epoch  16/100 | LR: 1.38e-03 | train loss 1.1425 acc 0.663 | val loss 3.1671 acc 0.610
[inception_v3 trial1] Epoch  17/100 | LR: 1.38e-03 | train loss 1.1918 acc 0.658 | val loss 0.7873 acc 0.663
[inception_v3 trial1] Epoch  18/100 | LR: 1.38e-03 | train loss 1.0967 acc 0.695 | val loss 0.6728 acc 0.701
[inception_v3 trial1] Epoch  19/100 | LR: 1.38e-03 | train loss 1.0440 acc 0.707 | val loss 0.5636 acc 0.760 *
[inception_v3 trial1] Epoch  20/100 | LR: 1.38e-03 | train loss 1.0140 acc 0.707 | val loss 0.6329 acc 0.736
[inception_v3 trial1] Epoch  21/100 | LR: 1.38e-03 | train loss 0.9992 acc 0.723 | val loss 0.8774 acc 0.595
[inception_v3 trial1] Epoch  22/100 | LR: 1.38e-03 | train loss 0.9211 acc 0.722 | val loss 0.6228 acc 0.739
[inception_v3 trial1] Epoch  23/100 | LR: 1.38e-04 | train loss 1.0366 acc 0.695 | val loss 0.6144 acc 0.745
[inception_v3 trial1] Epoch  24/100 | LR: 1.38e-04 | train loss 0.8944 acc 0.760 | val loss 0.5953 acc 0.739
[inception_v3 trial1] Epoch  25/100 | LR: 1.38e-04 | train loss 0.8703 acc 0.740 | val loss 0.5826 acc 0.742
[inception_v3 trial1] Epoch  26/100 | LR: 1.38e-04 | train loss 0.8413 acc 0.764 | val loss 0.6090 acc 0.721
[inception_v3 trial1] Epoch  27/100 | LR: 1.38e-04 | train loss 0.8379 acc 0.765 | val loss 0.5870 acc 0.745
[inception_v3 trial1] Epoch  28/100 | LR: 1.38e-04 | train loss 0.8001 acc 0.775 | val loss 0.5534 acc 0.760 *
[inception_v3 trial1] Epoch  29/100 | LR: 1.38e-04 | train loss 0.8198 acc 0.768 | val loss 0.5631 acc 0.739
[inception_v3 trial1] Epoch  30/100 | LR: 1.38e-04 | train loss 0.7859 acc 0.781 | val loss 0.6240 acc 0.724
[inception_v3 trial1] Epoch  31/100 | LR: 1.38e-04 | train loss 0.7432 acc 0.774 | val loss 0.5812 acc 0.745
[inception_v3 trial1] Epoch  32/100 | LR: 1.38e-04 | train loss 0.7490 acc 0.788 | val loss 0.5542 acc 0.751
[inception_v3 trial1] Epoch  33/100 | LR: 1.38e-04 | train loss 0.7730 acc 0.790 | val loss 0.5822 acc 0.724
[inception_v3 trial1] Epoch  34/100 | LR: 1.38e-04 | train loss 0.7387 acc 0.785 | val loss 0.6391 acc 0.736
[inception_v3 trial1] Epoch  35/100 | LR: 1.38e-04 | train loss 0.7419 acc 0.784 | val loss 0.5180 acc 0.757 *
[inception_v3 trial1] Epoch  36/100 | LR: 1.38e-04 | train loss 0.7207 acc 0.789 | val loss 0.5847 acc 0.742
[inception_v3 trial1] Epoch  37/100 | LR: 1.38e-04 | train loss 0.7073 acc 0.815 | val loss 0.6034 acc 0.721
[inception_v3 trial1] Epoch  38/100 | LR: 1.38e-04 | train loss 0.7138 acc 0.808 | val loss 0.5945 acc 0.724
[inception_v3 trial1] Epoch  39/100 | LR: 1.38e-04 | train loss 0.6779 acc 0.798 | val loss 0.5912 acc 0.733
[inception_v3 trial1] Epoch  40/100 | LR: 1.38e-04 | train loss 0.6909 acc 0.807 | val loss 0.5305 acc 0.754
[inception_v3 trial1] Epoch  41/100 | LR: 1.38e-04 | train loss 0.6604 acc 0.820 | val loss 0.5248 acc 0.748
[inception_v3 trial1] Epoch  42/100 | LR: 1.38e-04 | train loss 0.6482 acc 0.815 | val loss 0.5650 acc 0.739
[inception_v3 trial1] Epoch  43/100 | LR: 1.38e-04 | train loss 0.6119 acc 0.832 | val loss 0.5531 acc 0.751
[inception_v3 trial1] Epoch  44/100 | LR: 1.38e-04 | train loss 0.6307 acc 0.823 | val loss 0.5494 acc 0.757
[inception_v3 trial1] Epoch  45/100 | LR: 1.38e-04 | train loss 0.6264 acc 0.832 | val loss 0.5699 acc 0.751

[inception_v3 trial1] No val loss improvement for 10 epochs — stopping early at epoch 45.

[inception_v3 trial1] Restored best checkpoint (val loss = 0.5180)
[04:14:20] [inception_v3] trial 1 finished: best val_acc=0.7566 (at val_loss=0.5180)
[I 2026-09-29 04:14:20,684] Trial 1 finished with value: 0.7565982404692082 and parameters: {'hidden_layers': 2, 'neurons': 2048, 'lr': 0.0013826232179369874, 'beta1': 0.5996372172970215, 'step_size': 23, 'batch_size': 96}. Best is trial 1 with value: 0.7565982404692082.
[04:14:20] [inception_v3] trial 2: H=2 N=1024 lr=4.34e-03 beta1=0.629 step_size=28 batch_size=48 (micro_batch=16, accum_steps=3)
[warn] ../cnn_dataset_split_facility_test-NoordelikeWerke/aerobic_zone/test does not exist -- using an empty split.
[inception_v3 trial2] Using gradient accumulation: 3 micro-batches per optimizer step (effective batch size ≈ micro_batch x 3).
[inception_v3 trial2] Epoch   1/100 | LR: 4.34e-03 | train loss 2.0774 acc 0.397 | val loss 1.0793 acc 0.469 *
[inception_v3 trial2] Epoch   2/100 | LR: 4.34e-03 | train loss 1.5926 acc 0.361 | val loss 1.0848 acc 0.408
[inception_v3 trial2] Epoch   3/100 | LR: 4.34e-03 | train loss 1.5945 acc 0.423 | val loss 1.0904 acc 0.469
[inception_v3 trial2] Epoch   4/100 | LR: 4.34e-03 | train loss 1.5769 acc 0.392 | val loss 1.0849 acc 0.469
[inception_v3 trial2] Epoch   5/100 | LR: 4.34e-03 | train loss 1.5802 acc 0.465 | val loss 1.0942 acc 0.496
[inception_v3 trial2] Epoch   6/100 | LR: 4.34e-03 | train loss 1.6021 acc 0.465 | val loss 1.1286 acc 0.469
[inception_v3 trial2] Epoch   7/100 | LR: 4.34e-03 | train loss 1.5996 acc 0.431 | val loss 1.0756 acc 0.469 *
[inception_v3 trial2] Epoch   8/100 | LR: 4.34e-03 | train loss 1.5605 acc 0.417 | val loss 1.0682 acc 0.431 *
[inception_v3 trial2] Epoch   9/100 | LR: 4.34e-03 | train loss 1.5855 acc 0.421 | val loss 1.1241 acc 0.469
[inception_v3 trial2] Epoch  10/100 | LR: 4.34e-03 | train loss 1.5772 acc 0.399 | val loss 1.0769 acc 0.469
[inception_v3 trial2] Epoch  11/100 | LR: 4.34e-03 | train loss 1.5677 acc 0.420 | val loss 1.0948 acc 0.469
[inception_v3 trial2] Epoch  12/100 | LR: 4.34e-03 | train loss 1.5322 acc 0.401 | val loss 1.0756 acc 0.469
[inception_v3 trial2] Epoch  13/100 | LR: 4.34e-03 | train loss 1.5236 acc 0.464 | val loss 1.0834 acc 0.469
[inception_v3 trial2] Epoch  14/100 | LR: 4.34e-03 | train loss 1.5358 acc 0.469 | val loss 1.0760 acc 0.416
[inception_v3 trial2] Epoch  15/100 | LR: 4.34e-03 | train loss 1.5199 acc 0.419 | val loss 1.0729 acc 0.428
[inception_v3 trial2] Epoch  16/100 | LR: 4.34e-03 | train loss 1.5447 acc 0.451 | val loss 1.1927 acc 0.572
[inception_v3 trial2] Epoch  17/100 | LR: 4.34e-03 | train loss 1.4572 acc 0.586 | val loss 1.0359 acc 0.431 *
[inception_v3 trial2] Epoch  18/100 | LR: 4.34e-03 | train loss 1.4538 acc 0.593 | val loss 0.9599 acc 0.613 *
[inception_v3 trial2] Epoch  19/100 | LR: 4.34e-03 | train loss 1.4337 acc 0.563 | val loss 0.8383 acc 0.666 *
[inception_v3 trial2] Epoch  20/100 | LR: 4.34e-03 | train loss 1.3394 acc 0.666 | val loss 0.7846 acc 0.730 *
[inception_v3 trial2] Epoch  21/100 | LR: 4.34e-03 | train loss 1.3145 acc 0.678 | val loss 0.7771 acc 0.683 *
[inception_v3 trial2] Epoch  22/100 | LR: 4.34e-03 | train loss 1.2714 acc 0.675 | val loss 0.8512 acc 0.648
[inception_v3 trial2] Epoch  23/100 | LR: 4.34e-03 | train loss 1.2652 acc 0.677 | val loss 0.7544 acc 0.710 *
[inception_v3 trial2] Epoch  24/100 | LR: 4.34e-03 | train loss 1.3045 acc 0.643 | val loss 0.7782 acc 0.707
[inception_v3 trial2] Epoch  25/100 | LR: 4.34e-03 | train loss 1.2429 acc 0.662 | val loss 0.7302 acc 0.689 *
[inception_v3 trial2] Epoch  26/100 | LR: 4.34e-03 | train loss 1.2591 acc 0.638 | val loss 0.7802 acc 0.628
[inception_v3 trial2] Epoch  27/100 | LR: 4.34e-03 | train loss 1.2658 acc 0.623 | val loss 1.2450 acc 0.481
[inception_v3 trial2] Epoch  28/100 | LR: 4.34e-04 | train loss 1.2711 acc 0.596 | val loss 0.8786 acc 0.648
[inception_v3 trial2] Epoch  29/100 | LR: 4.34e-04 | train loss 1.2370 acc 0.658 | val loss 0.7497 acc 0.680
[inception_v3 trial2] Epoch  30/100 | LR: 4.34e-04 | train loss 1.1674 acc 0.698 | val loss 0.7533 acc 0.674
[inception_v3 trial2] Epoch  31/100 | LR: 4.34e-04 | train loss 1.1876 acc 0.680 | val loss 0.7389 acc 0.674
[inception_v3 trial2] Epoch  32/100 | LR: 4.34e-04 | train loss 1.1425 acc 0.684 | val loss 0.7464 acc 0.648
[inception_v3 trial2] Epoch  33/100 | LR: 4.34e-04 | train loss 1.1332 acc 0.691 | val loss 0.7222 acc 0.701 *
[inception_v3 trial2] Epoch  34/100 | LR: 4.34e-04 | train loss 1.1235 acc 0.685 | val loss 0.7439 acc 0.683
[inception_v3 trial2] Epoch  35/100 | LR: 4.34e-04 | train loss 1.1246 acc 0.693 | val loss 0.7181 acc 0.683 *
[inception_v3 trial2] Epoch  36/100 | LR: 4.34e-04 | train loss 1.1294 acc 0.683 | val loss 0.7161 acc 0.689 *
[inception_v3 trial2] Epoch  37/100 | LR: 4.34e-04 | train loss 1.1385 acc 0.675 | val loss 0.7783 acc 0.666
[inception_v3 trial2] Epoch  38/100 | LR: 4.34e-04 | train loss 1.1079 acc 0.696 | val loss 0.7213 acc 0.695
[inception_v3 trial2] Epoch  39/100 | LR: 4.34e-04 | train loss 1.0874 acc 0.690 | val loss 0.7438 acc 0.689
[inception_v3 trial2] Epoch  40/100 | LR: 4.34e-04 | train loss 1.0941 acc 0.690 | val loss 0.7103 acc 0.683 *
[inception_v3 trial2] Epoch  41/100 | LR: 4.34e-04 | train loss 1.0625 acc 0.704 | val loss 0.7046 acc 0.695 *
[inception_v3 trial2] Epoch  42/100 | LR: 4.34e-04 | train loss 1.1146 acc 0.678 | val loss 0.6765 acc 0.692 *
[inception_v3 trial2] Epoch  43/100 | LR: 4.34e-04 | train loss 1.0795 acc 0.683 | val loss 0.6868 acc 0.692
[inception_v3 trial2] Epoch  44/100 | LR: 4.34e-04 | train loss 1.0750 acc 0.672 | val loss 0.7164 acc 0.663
[inception_v3 trial2] Epoch  45/100 | LR: 4.34e-04 | train loss 1.0595 acc 0.689 | val loss 0.6861 acc 0.672
[inception_v3 trial2] Epoch  46/100 | LR: 4.34e-04 | train loss 1.0583 acc 0.699 | val loss 0.6826 acc 0.695
[inception_v3 trial2] Epoch  47/100 | LR: 4.34e-04 | train loss 1.0594 acc 0.679 | val loss 0.6727 acc 0.686 *
[inception_v3 trial2] Epoch  48/100 | LR: 4.34e-04 | train loss 1.0633 acc 0.684 | val loss 0.6693 acc 0.721 *
[inception_v3 trial2] Epoch  49/100 | LR: 4.34e-04 | train loss 1.0634 acc 0.693 | val loss 0.6942 acc 0.704
[inception_v3 trial2] Epoch  50/100 | LR: 4.34e-04 | train loss 1.0353 acc 0.700 | val loss 0.6680 acc 0.718 *
[inception_v3 trial2] Epoch  51/100 | LR: 4.34e-04 | train loss 1.0649 acc 0.676 | val loss 0.6780 acc 0.718
[inception_v3 trial2] Epoch  52/100 | LR: 4.34e-04 | train loss 1.0782 acc 0.676 | val loss 0.7416 acc 0.657
[inception_v3 trial2] Epoch  53/100 | LR: 4.34e-04 | train loss 1.1208 acc 0.675 | val loss 0.6810 acc 0.718
[inception_v3 trial2] Epoch  54/100 | LR: 4.34e-04 | train loss 1.0543 acc 0.693 | val loss 0.6637 acc 0.695 *
[inception_v3 trial2] Epoch  55/100 | LR: 4.34e-04 | train loss 1.0102 acc 0.712 | val loss 0.6534 acc 0.730 *
[inception_v3 trial2] Epoch  56/100 | LR: 4.34e-05 | train loss 1.0726 acc 0.683 | val loss 0.6700 acc 0.713
[inception_v3 trial2] Epoch  57/100 | LR: 4.34e-05 | train loss 1.0327 acc 0.687 | val loss 0.6918 acc 0.716
[inception_v3 trial2] Epoch  58/100 | LR: 4.34e-05 | train loss 1.0325 acc 0.698 | val loss 0.6788 acc 0.724
[inception_v3 trial2] Epoch  59/100 | LR: 4.34e-05 | train loss 1.0329 acc 0.689 | val loss 0.6550 acc 0.733
[inception_v3 trial2] Epoch  60/100 | LR: 4.34e-05 | train loss 1.0298 acc 0.688 | val loss 0.6646 acc 0.718
[inception_v3 trial2] Epoch  61/100 | LR: 4.34e-05 | train loss 1.0061 acc 0.705 | val loss 0.6431 acc 0.742 *
[inception_v3 trial2] Epoch  62/100 | LR: 4.34e-05 | train loss 1.0198 acc 0.696 | val loss 0.6401 acc 0.721 *
[inception_v3 trial2] Epoch  63/100 | LR: 4.34e-05 | train loss 1.0081 acc 0.694 | val loss 0.6825 acc 0.689
[inception_v3 trial2] Epoch  64/100 | LR: 4.34e-05 | train loss 0.9974 acc 0.710 | val loss 0.6584 acc 0.727
[inception_v3 trial2] Epoch  65/100 | LR: 4.34e-05 | train loss 0.9958 acc 0.706 | val loss 0.6578 acc 0.736
[inception_v3 trial2] Epoch  66/100 | LR: 4.34e-05 | train loss 1.0037 acc 0.708 | val loss 0.6718 acc 0.707
[inception_v3 trial2] Epoch  67/100 | LR: 4.34e-05 | train loss 1.0252 acc 0.695 | val loss 0.6430 acc 0.742
[inception_v3 trial2] Epoch  68/100 | LR: 4.34e-05 | train loss 0.9798 acc 0.685 | val loss 0.6399 acc 0.745 *
[inception_v3 trial2] Epoch  69/100 | LR: 4.34e-05 | train loss 0.9713 acc 0.714 | val loss 0.6714 acc 0.701
[inception_v3 trial2] Epoch  70/100 | LR: 4.34e-05 | train loss 1.0248 acc 0.703 | val loss 0.6470 acc 0.730
[inception_v3 trial2] Epoch  71/100 | LR: 4.34e-05 | train loss 1.0066 acc 0.710 | val loss 0.6570 acc 0.701
[inception_v3 trial2] Epoch  72/100 | LR: 4.34e-05 | train loss 0.9741 acc 0.705 | val loss 0.6695 acc 0.710
[inception_v3 trial2] Epoch  73/100 | LR: 4.34e-05 | train loss 1.0069 acc 0.698 | val loss 0.6329 acc 0.733 *
[inception_v3 trial2] Epoch  74/100 | LR: 4.34e-05 | train loss 1.0014 acc 0.706 | val loss 0.6316 acc 0.730 *
[inception_v3 trial2] Epoch  75/100 | LR: 4.34e-05 | train loss 1.0052 acc 0.709 | val loss 0.6399 acc 0.727
[inception_v3 trial2] Epoch  76/100 | LR: 4.34e-05 | train loss 1.0088 acc 0.689 | val loss 0.6370 acc 0.721
[inception_v3 trial2] Epoch  77/100 | LR: 4.34e-05 | train loss 0.9814 acc 0.701 | val loss 0.6352 acc 0.724
[inception_v3 trial2] Epoch  78/100 | LR: 4.34e-05 | train loss 1.0173 acc 0.696 | val loss 0.6184 acc 0.739 *
[inception_v3 trial2] Epoch  79/100 | LR: 4.34e-05 | train loss 0.9966 acc 0.708 | val loss 0.6361 acc 0.733
[inception_v3 trial2] Epoch  80/100 | LR: 4.34e-05 | train loss 0.9806 acc 0.712 | val loss 0.6212 acc 0.733
[inception_v3 trial2] Epoch  81/100 | LR: 4.34e-05 | train loss 0.9672 acc 0.707 | val loss 0.6500 acc 0.707
[inception_v3 trial2] Epoch  82/100 | LR: 4.34e-05 | train loss 0.9865 acc 0.701 | val loss 0.6389 acc 0.718
[inception_v3 trial2] Epoch  83/100 | LR: 4.34e-05 | train loss 0.9818 acc 0.708 | val loss 0.6124 acc 0.730 *
[inception_v3 trial2] Epoch  84/100 | LR: 4.34e-06 | train loss 0.9775 acc 0.711 | val loss 0.6336 acc 0.710
[inception_v3 trial2] Epoch  85/100 | LR: 4.34e-06 | train loss 0.9782 acc 0.701 | val loss 0.6352 acc 0.713
[inception_v3 trial2] Epoch  86/100 | LR: 4.34e-06 | train loss 0.9720 acc 0.705 | val loss 0.6568 acc 0.698
[inception_v3 trial2] Epoch  87/100 | LR: 4.34e-06 | train loss 0.9498 acc 0.705 | val loss 0.6591 acc 0.698
[inception_v3 trial2] Epoch  88/100 | LR: 4.34e-06 | train loss 0.9709 acc 0.703 | val loss 0.6258 acc 0.724
[inception_v3 trial2] Epoch  89/100 | LR: 4.34e-06 | train loss 0.9577 acc 0.716 | val loss 0.6443 acc 0.701
[inception_v3 trial2] Epoch  90/100 | LR: 4.34e-06 | train loss 0.9596 acc 0.718 | val loss 0.6391 acc 0.704
[inception_v3 trial2] Epoch  91/100 | LR: 4.34e-06 | train loss 0.9701 acc 0.715 | val loss 0.6309 acc 0.716
[inception_v3 trial2] Epoch  92/100 | LR: 4.34e-06 | train loss 0.9424 acc 0.708 | val loss 0.6402 acc 0.716
[inception_v3 trial2] Epoch  93/100 | LR: 4.34e-06 | train loss 0.9603 acc 0.710 | val loss 0.6603 acc 0.692

[inception_v3 trial2] No val loss improvement for 10 epochs — stopping early at epoch 93.

[inception_v3 trial2] Restored best checkpoint (val loss = 0.6124)
[04:31:05] [inception_v3] trial 2 finished: best val_acc=0.7302 (at val_loss=0.6124)
[I 2026-09-29 04:31:05,659] Trial 2 finished with value: 0.7302052785923754 and parameters: {'hidden_layers': 2, 'neurons': 1024, 'lr': 0.004337920697490943, 'beta1': 0.6291312108184084, 'step_size': 28, 'batch_size': 48}. Best is trial 1 with value: 0.7565982404692082.
[04:31:05] [inception_v3] trial 3: H=1 N=2048 lr=1.22e-05 beta1=0.914 step_size=17 batch_size=64 (micro_batch=16, accum_steps=4)
[warn] ../cnn_dataset_split_facility_test-NoordelikeWerke/aerobic_zone/test does not exist -- using an empty split.
[inception_v3 trial3] Using gradient accumulation: 4 micro-batches per optimizer step (effective batch size ≈ micro_batch x 4).
[inception_v3 trial3] Epoch   1/100 | LR: 1.22e-05 | train loss 1.5324 acc 0.533 | val loss 1.0300 acc 0.672 *
[inception_v3 trial3] Epoch   2/100 | LR: 1.22e-05 | train loss 1.3995 acc 0.675 | val loss 0.9578 acc 0.713 *
[inception_v3 trial3] Epoch   3/100 | LR: 1.22e-05 | train loss 1.3123 acc 0.690 | val loss 0.8814 acc 0.713 *
[inception_v3 trial3] Epoch   4/100 | LR: 1.22e-05 | train loss 1.2110 acc 0.735 | val loss 0.7893 acc 0.721 *
[inception_v3 trial3] Epoch   5/100 | LR: 1.22e-05 | train loss 1.1337 acc 0.755 | val loss 0.7515 acc 0.718 *
[inception_v3 trial3] Epoch   6/100 | LR: 1.22e-05 | train loss 1.0422 acc 0.752 | val loss 0.6817 acc 0.751 *
[inception_v3 trial3] Epoch   7/100 | LR: 1.22e-05 | train loss 0.9865 acc 0.765 | val loss 0.6561 acc 0.730 *
[inception_v3 trial3] Epoch   8/100 | LR: 1.22e-05 | train loss 0.9367 acc 0.779 | val loss 0.6138 acc 0.739 *
[inception_v3 trial3] Epoch   9/100 | LR: 1.22e-05 | train loss 0.9161 acc 0.763 | val loss 0.6020 acc 0.736 *
[inception_v3 trial3] Epoch  10/100 | LR: 1.22e-05 | train loss 0.8850 acc 0.773 | val loss 0.6065 acc 0.739
[inception_v3 trial3] Epoch  11/100 | LR: 1.22e-05 | train loss 0.8483 acc 0.782 | val loss 0.5803 acc 0.724 *
[inception_v3 trial3] Epoch  12/100 | LR: 1.22e-05 | train loss 0.7840 acc 0.785 | val loss 0.5576 acc 0.748 *
[inception_v3 trial3] Epoch  13/100 | LR: 1.22e-05 | train loss 0.8043 acc 0.782 | val loss 0.5471 acc 0.765 *
[inception_v3 trial3] Epoch  14/100 | LR: 1.22e-05 | train loss 0.7873 acc 0.806 | val loss 0.5551 acc 0.757
[inception_v3 trial3] Epoch  15/100 | LR: 1.22e-05 | train loss 0.7437 acc 0.811 | val loss 0.5332 acc 0.760 *
[inception_v3 trial3] Epoch  16/100 | LR: 1.22e-05 | train loss 0.7183 acc 0.818 | val loss 0.5322 acc 0.765 *
[inception_v3 trial3] Epoch  17/100 | LR: 1.22e-06 | train loss 0.7293 acc 0.811 | val loss 0.5479 acc 0.754
[inception_v3 trial3] Epoch  18/100 | LR: 1.22e-06 | train loss 0.7108 acc 0.811 | val loss 0.5249 acc 0.774 *
[inception_v3 trial3] Epoch  19/100 | LR: 1.22e-06 | train loss 0.7038 acc 0.815 | val loss 0.5857 acc 0.742
[inception_v3 trial3] Epoch  20/100 | LR: 1.22e-06 | train loss 0.6371 acc 0.840 | val loss 0.5651 acc 0.745
[inception_v3 trial3] Epoch  21/100 | LR: 1.22e-06 | train loss 0.6608 acc 0.827 | val loss 0.5250 acc 0.777
[inception_v3 trial3] Epoch  22/100 | LR: 1.22e-06 | train loss 0.7282 acc 0.811 | val loss 0.5217 acc 0.786 *
[inception_v3 trial3] Epoch  23/100 | LR: 1.22e-06 | train loss 0.6621 acc 0.827 | val loss 0.5072 acc 0.780 *
[inception_v3 trial3] Epoch  24/100 | LR: 1.22e-06 | train loss 0.6621 acc 0.829 | val loss 0.5278 acc 0.768
[inception_v3 trial3] Epoch  25/100 | LR: 1.22e-06 | train loss 0.6505 acc 0.832 | val loss 0.5254 acc 0.765
[inception_v3 trial3] Epoch  26/100 | LR: 1.22e-06 | train loss 0.6644 acc 0.833 | val loss 0.5347 acc 0.757
[inception_v3 trial3] Epoch  27/100 | LR: 1.22e-06 | train loss 0.6669 acc 0.830 | val loss 0.5259 acc 0.757
[inception_v3 trial3] Epoch  28/100 | LR: 1.22e-06 | train loss 0.6502 acc 0.835 | val loss 0.5206 acc 0.768
[inception_v3 trial3] Epoch  29/100 | LR: 1.22e-06 | train loss 0.6715 acc 0.817 | val loss 0.5228 acc 0.777
[inception_v3 trial3] Epoch  30/100 | LR: 1.22e-06 | train loss 0.6145 acc 0.837 | val loss 0.5311 acc 0.760
[inception_v3 trial3] Epoch  31/100 | LR: 1.22e-06 | train loss 0.6306 acc 0.830 | val loss 0.5392 acc 0.768
[inception_v3 trial3] Epoch  32/100 | LR: 1.22e-06 | train loss 0.6355 acc 0.840 | val loss 0.5340 acc 0.754
[inception_v3 trial3] Epoch  33/100 | LR: 1.22e-06 | train loss 0.6422 acc 0.821 | val loss 0.5320 acc 0.762

[inception_v3 trial3] No val loss improvement for 10 epochs — stopping early at epoch 33.

[inception_v3 trial3] Restored best checkpoint (val loss = 0.5072)
[04:36:51] [inception_v3] trial 3 finished: best val_acc=0.7801 (at val_loss=0.5072)
[I 2026-09-29 04:36:51,469] Trial 3 finished with value: 0.7800586510263929 and parameters: {'hidden_layers': 1, 'neurons': 2048, 'lr': 1.2172958098369984e-05, 'beta1': 0.9135400170668128, 'step_size': 17, 'batch_size': 64}. Best is trial 3 with value: 0.7800586510263929.
[04:36:51] [inception_v3] trial 4: H=1 N=512 lr=2.91e-06 beta1=0.931 step_size=27 batch_size=96 (micro_batch=16, accum_steps=6)
[warn] ../cnn_dataset_split_facility_test-NoordelikeWerke/aerobic_zone/test does not exist -- using an empty split.
[inception_v3 trial4] Using gradient accumulation: 6 micro-batches per optimizer step (effective batch size ≈ micro_batch x 6).
[inception_v3 trial4] Epoch   1/100 | LR: 2.91e-06 | train loss 1.5513 acc 0.358 | val loss 1.0895 acc 0.434 *
[inception_v3 trial4] Epoch   2/100 | LR: 2.91e-06 | train loss 1.5202 acc 0.437 | val loss 1.0766 acc 0.543 *
[inception_v3 trial4] Epoch   3/100 | LR: 2.91e-06 | train loss 1.5066 acc 0.468 | val loss 1.0647 acc 0.592 *
[inception_v3 trial4] Epoch   4/100 | LR: 2.91e-06 | train loss 1.4826 acc 0.521 | val loss 1.0550 acc 0.613 *
[inception_v3 trial4] Epoch   5/100 | LR: 2.91e-06 | train loss 1.4523 acc 0.579 | val loss 1.0462 acc 0.630 *
[inception_v3 trial4] Epoch   6/100 | LR: 2.91e-06 | train loss 1.4420 acc 0.616 | val loss 1.0334 acc 0.651 *
[inception_v3 trial4] Epoch   7/100 | LR: 2.91e-06 | train loss 1.4199 acc 0.646 | val loss 1.0181 acc 0.686 *
[inception_v3 trial4] Epoch   8/100 | LR: 2.91e-06 | train loss 1.4042 acc 0.671 | val loss 1.0127 acc 0.669 *
[inception_v3 trial4] Epoch   9/100 | LR: 2.91e-06 | train loss 1.3940 acc 0.671 | val loss 0.9988 acc 0.680 *
[inception_v3 trial4] Epoch  10/100 | LR: 2.91e-06 | train loss 1.3826 acc 0.681 | val loss 0.9889 acc 0.695 *
[inception_v3 trial4] Epoch  11/100 | LR: 2.91e-06 | train loss 1.3613 acc 0.683 | val loss 0.9754 acc 0.698 *
[inception_v3 trial4] Epoch  12/100 | LR: 2.91e-06 | train loss 1.3443 acc 0.703 | val loss 0.9628 acc 0.704 *
[inception_v3 trial4] Epoch  13/100 | LR: 2.91e-06 | train loss 1.3300 acc 0.710 | val loss 0.9516 acc 0.698 *
[inception_v3 trial4] Epoch  14/100 | LR: 2.91e-06 | train loss 1.3093 acc 0.711 | val loss 0.9319 acc 0.718 *
[inception_v3 trial4] Epoch  15/100 | LR: 2.91e-06 | train loss 1.2874 acc 0.722 | val loss 0.9150 acc 0.710 *
[inception_v3 trial4] Epoch  16/100 | LR: 2.91e-06 | train loss 1.2890 acc 0.711 | val loss 0.9141 acc 0.721 *
[inception_v3 trial4] Epoch  17/100 | LR: 2.91e-06 | train loss 1.2694 acc 0.720 | val loss 0.8989 acc 0.707 *
[inception_v3 trial4] Epoch  18/100 | LR: 2.91e-06 | train loss 1.2441 acc 0.730 | val loss 0.8743 acc 0.716 *
[inception_v3 trial4] Epoch  19/100 | LR: 2.91e-06 | train loss 1.2420 acc 0.721 | val loss 0.8602 acc 0.713 *
[inception_v3 trial4] Epoch  20/100 | LR: 2.91e-06 | train loss 1.2184 acc 0.730 | val loss 0.8521 acc 0.721 *
[inception_v3 trial4] Epoch  21/100 | LR: 2.91e-06 | train loss 1.2105 acc 0.735 | val loss 0.8394 acc 0.716 *
[inception_v3 trial4] Epoch  22/100 | LR: 2.91e-06 | train loss 1.1787 acc 0.755 | val loss 0.8307 acc 0.718 *
[inception_v3 trial4] Epoch  23/100 | LR: 2.91e-06 | train loss 1.1666 acc 0.745 | val loss 0.8179 acc 0.718 *
[inception_v3 trial4] Epoch  24/100 | LR: 2.91e-06 | train loss 1.1590 acc 0.729 | val loss 0.8033 acc 0.718 *
[inception_v3 trial4] Epoch  25/100 | LR: 2.91e-06 | train loss 1.1389 acc 0.749 | val loss 0.7822 acc 0.718 *
[inception_v3 trial4] Epoch  26/100 | LR: 2.91e-06 | train loss 1.1213 acc 0.757 | val loss 0.7749 acc 0.718 *
[inception_v3 trial4] Epoch  27/100 | LR: 2.91e-07 | train loss 1.1025 acc 0.761 | val loss 0.7687 acc 0.727 *
[inception_v3 trial4] Epoch  28/100 | LR: 2.91e-07 | train loss 1.0914 acc 0.760 | val loss 0.7570 acc 0.727 *
[inception_v3 trial4] Epoch  29/100 | LR: 2.91e-07 | train loss 1.0809 acc 0.757 | val loss 0.7723 acc 0.730
[inception_v3 trial4] Epoch  30/100 | LR: 2.91e-07 | train loss 1.0904 acc 0.760 | val loss 0.7556 acc 0.724 *
[inception_v3 trial4] Epoch  31/100 | LR: 2.91e-07 | train loss 1.0897 acc 0.748 | val loss 0.7657 acc 0.718
[inception_v3 trial4] Epoch  32/100 | LR: 2.91e-07 | train loss 1.0908 acc 0.748 | val loss 0.7561 acc 0.727
[inception_v3 trial4] Epoch  33/100 | LR: 2.91e-07 | train loss 1.0922 acc 0.764 | val loss 0.7512 acc 0.727 *
[inception_v3 trial4] Epoch  34/100 | LR: 2.91e-07 | train loss 1.0910 acc 0.749 | val loss 0.7510 acc 0.721 *
[inception_v3 trial4] Epoch  35/100 | LR: 2.91e-07 | train loss 1.1092 acc 0.740 | val loss 0.7476 acc 0.724 *
[inception_v3 trial4] Epoch  36/100 | LR: 2.91e-07 | train loss 1.0770 acc 0.750 | val loss 0.7474 acc 0.727 *
[inception_v3 trial4] Epoch  37/100 | LR: 2.91e-07 | train loss 1.0787 acc 0.757 | val loss 0.7423 acc 0.724 *
[inception_v3 trial4] Epoch  38/100 | LR: 2.91e-07 | train loss 1.0819 acc 0.754 | val loss 0.7479 acc 0.724
[inception_v3 trial4] Epoch  39/100 | LR: 2.91e-07 | train loss 1.0694 acc 0.759 | val loss 0.7500 acc 0.733
[inception_v3 trial4] Epoch  40/100 | LR: 2.91e-07 | train loss 1.0796 acc 0.746 | val loss 0.7507 acc 0.727
[inception_v3 trial4] Epoch  41/100 | LR: 2.91e-07 | train loss 1.0916 acc 0.743 | val loss 0.7347 acc 0.739 *
[inception_v3 trial4] Epoch  42/100 | LR: 2.91e-07 | train loss 1.0748 acc 0.767 | val loss 0.7417 acc 0.727
[inception_v3 trial4] Epoch  43/100 | LR: 2.91e-07 | train loss 1.0644 acc 0.760 | val loss 0.7447 acc 0.721
[inception_v3 trial4] Epoch  44/100 | LR: 2.91e-07 | train loss 1.0741 acc 0.750 | val loss 0.7485 acc 0.713
[inception_v3 trial4] Epoch  45/100 | LR: 2.91e-07 | train loss 1.0807 acc 0.745 | val loss 0.7372 acc 0.721
[inception_v3 trial4] Epoch  46/100 | LR: 2.91e-07 | train loss 1.0805 acc 0.760 | val loss 0.7355 acc 0.730
[inception_v3 trial4] Epoch  47/100 | LR: 2.91e-07 | train loss 1.0557 acc 0.758 | val loss 0.7260 acc 0.736 *
[inception_v3 trial4] Epoch  48/100 | LR: 2.91e-07 | train loss 1.0596 acc 0.755 | val loss 0.7365 acc 0.730
[inception_v3 trial4] Epoch  49/100 | LR: 2.91e-07 | train loss 1.0783 acc 0.755 | val loss 0.7368 acc 0.727
[inception_v3 trial4] Epoch  50/100 | LR: 2.91e-07 | train loss 1.0856 acc 0.748 | val loss 0.7474 acc 0.713
[inception_v3 trial4] Epoch  51/100 | LR: 2.91e-07 | train loss 1.0408 acc 0.768 | val loss 0.7261 acc 0.742
[inception_v3 trial4] Epoch  52/100 | LR: 2.91e-07 | train loss 1.0467 acc 0.767 | val loss 0.7391 acc 0.724
[inception_v3 trial4] Epoch  53/100 | LR: 2.91e-07 | train loss 1.0555 acc 0.765 | val loss 0.7353 acc 0.733
[inception_v3 trial4] Epoch  54/100 | LR: 2.91e-08 | train loss 1.0730 acc 0.755 | val loss 0.7288 acc 0.724
[inception_v3 trial4] Epoch  55/100 | LR: 2.91e-08 | train loss 1.0400 acc 0.763 | val loss 0.7292 acc 0.727
[inception_v3 trial4] Epoch  56/100 | LR: 2.91e-08 | train loss 1.0654 acc 0.759 | val loss 0.7325 acc 0.733
[inception_v3 trial4] Epoch  57/100 | LR: 2.91e-08 | train loss 1.0317 acc 0.780 | val loss 0.7258 acc 0.733 *
[inception_v3 trial4] Epoch  58/100 | LR: 2.91e-08 | train loss 1.0450 acc 0.775 | val loss 0.7287 acc 0.730
[inception_v3 trial4] Epoch  59/100 | LR: 2.91e-08 | train loss 1.0501 acc 0.757 | val loss 0.7300 acc 0.730
[inception_v3 trial4] Epoch  60/100 | LR: 2.91e-08 | train loss 1.0657 acc 0.764 | val loss 0.7384 acc 0.704
[inception_v3 trial4] Epoch  61/100 | LR: 2.91e-08 | train loss 1.0497 acc 0.758 | val loss 0.7403 acc 0.757
[inception_v3 trial4] Epoch  62/100 | LR: 2.91e-08 | train loss 1.0529 acc 0.750 | val loss 0.7315 acc 0.730
[inception_v3 trial4] Epoch  63/100 | LR: 2.91e-08 | train loss 1.0371 acc 0.765 | val loss 0.7368 acc 0.730
[inception_v3 trial4] Epoch  64/100 | LR: 2.91e-08 | train loss 1.0488 acc 0.774 | val loss 0.7322 acc 0.739
[inception_v3 trial4] Epoch  65/100 | LR: 2.91e-08 | train loss 1.0388 acc 0.757 | val loss 0.7353 acc 0.727
[inception_v3 trial4] Epoch  66/100 | LR: 2.91e-08 | train loss 1.0548 acc 0.767 | val loss 0.7399 acc 0.730
[inception_v3 trial4] Epoch  67/100 | LR: 2.91e-08 | train loss 1.0553 acc 0.762 | val loss 0.7360 acc 0.721

[inception_v3 trial4] No val loss improvement for 10 epochs — stopping early at epoch 67.

[inception_v3 trial4] Restored best checkpoint (val loss = 0.7258)
[04:48:29] [inception_v3] trial 4 finished: best val_acc=0.7331 (at val_loss=0.7258)
[I 2026-09-29 04:48:29,138] Trial 4 finished with value: 0.7331378299120235 and parameters: {'hidden_layers': 1, 'neurons': 512, 'lr': 2.907208890659845e-06, 'beta1': 0.9306886095119211, 'step_size': 27, 'batch_size': 96}. Best is trial 3 with value: 0.7800586510263929.
[04:48:29] [inception_v3] trial 5: H=2 N=512 lr=5.13e-05 beta1=0.513 step_size=8 batch_size=48 (micro_batch=16, accum_steps=3)
[warn] ../cnn_dataset_split_facility_test-NoordelikeWerke/aerobic_zone/test does not exist -- using an empty split.
[inception_v3 trial5] Using gradient accumulation: 3 micro-batches per optimizer step (effective batch size ≈ micro_batch x 3).
[inception_v3 trial5] Epoch   1/100 | LR: 5.13e-05 | train loss 1.4172 acc 0.541 | val loss 0.8335 acc 0.724 *
[inception_v3 trial5] Epoch   2/100 | LR: 5.13e-05 | train loss 1.0786 acc 0.745 | val loss 0.5977 acc 0.765 *
[inception_v3 trial5] Epoch   3/100 | LR: 5.13e-05 | train loss 0.9318 acc 0.741 | val loss 0.5373 acc 0.792 *
[inception_v3 trial5] Epoch   4/100 | LR: 5.13e-05 | train loss 0.8064 acc 0.785 | val loss 0.6498 acc 0.672
[inception_v3 trial5] Epoch   5/100 | LR: 5.13e-05 | train loss 0.8111 acc 0.770 | val loss 0.8090 acc 0.578
[inception_v3 trial5] Epoch   6/100 | LR: 5.13e-05 | train loss 0.7033 acc 0.800 | val loss 0.5047 acc 0.777 *
[inception_v3 trial5] Epoch   7/100 | LR: 5.13e-05 | train loss 0.6980 acc 0.812 | val loss 0.5131 acc 0.780
[inception_v3 trial5] Epoch   8/100 | LR: 5.13e-06 | train loss 0.6025 acc 0.840 | val loss 0.6114 acc 0.713
[inception_v3 trial5] Epoch   9/100 | LR: 5.13e-06 | train loss 0.5166 acc 0.859 | val loss 0.5680 acc 0.742
[inception_v3 trial5] Epoch  10/100 | LR: 5.13e-06 | train loss 0.4893 acc 0.877 | val loss 0.5297 acc 0.765
[inception_v3 trial5] Epoch  11/100 | LR: 5.13e-06 | train loss 0.4795 acc 0.888 | val loss 0.5387 acc 0.757
[inception_v3 trial5] Epoch  12/100 | LR: 5.13e-06 | train loss 0.4783 acc 0.884 | val loss 0.5665 acc 0.748
[inception_v3 trial5] Epoch  13/100 | LR: 5.13e-06 | train loss 0.4614 acc 0.892 | val loss 0.5392 acc 0.768
[inception_v3 trial5] Epoch  14/100 | LR: 5.13e-06 | train loss 0.4067 acc 0.896 | val loss 0.5455 acc 0.757
[inception_v3 trial5] Epoch  15/100 | LR: 5.13e-06 | train loss 0.4695 acc 0.882 | val loss 0.5506 acc 0.754
[inception_v3 trial5] Epoch  16/100 | LR: 5.13e-07 | train loss 0.4548 acc 0.889 | val loss 0.5740 acc 0.748

[inception_v3 trial5] No val loss improvement for 10 epochs — stopping early at epoch 16.

[inception_v3 trial5] Restored best checkpoint (val loss = 0.5047)
[04:51:19] [inception_v3] trial 5 finished: best val_acc=0.7771 (at val_loss=0.5047)
[I 2026-09-29 04:51:19,126] Trial 5 finished with value: 0.7771260997067448 and parameters: {'hidden_layers': 2, 'neurons': 512, 'lr': 5.1305517605898387e-05, 'beta1': 0.5126841442453035, 'step_size': 8, 'batch_size': 48}. Best is trial 3 with value: 0.7800586510263929.
[04:51:19] [inception_v3] trial 6: H=2 N=512 lr=3.06e-03 beta1=0.901 step_size=11 batch_size=32 (micro_batch=16, accum_steps=2)
[warn] ../cnn_dataset_split_facility_test-NoordelikeWerke/aerobic_zone/test does not exist -- using an empty split.
[inception_v3 trial6] Using gradient accumulation: 2 micro-batches per optimizer step (effective batch size ≈ micro_batch x 2).
[inception_v3 trial6] Epoch   1/100 | LR: 3.06e-03 | train loss 1.6707 acc 0.389 | val loss 1.6391 acc 0.469 *
[inception_v3 trial6] Epoch   2/100 | LR: 3.06e-03 | train loss 1.5692 acc 0.417 | val loss 1.0841 acc 0.428 *
[inception_v3 trial6] Epoch   3/100 | LR: 3.06e-03 | train loss 1.5674 acc 0.429 | val loss 1.0863 acc 0.402
[inception_v3 trial6] Epoch   4/100 | LR: 3.06e-03 | train loss 1.5210 acc 0.404 | val loss 1.0803 acc 0.408 *
[inception_v3 trial6] Epoch   5/100 | LR: 3.06e-03 | train loss 1.5442 acc 0.422 | val loss 1.0820 acc 0.469
[I 2026-09-29 04:52:12,983] Trial 6 pruned. 
[04:52:13] [inception_v3] trial 7: H=1 N=512 lr=2.24e-05 beta1=0.971 step_size=16 batch_size=32 (micro_batch=16, accum_steps=2)
[warn] ../cnn_dataset_split_facility_test-NoordelikeWerke/aerobic_zone/test does not exist -- using an empty split.
[inception_v3 trial7] Using gradient accumulation: 2 micro-batches per optimizer step (effective batch size ≈ micro_batch x 2).
[inception_v3 trial7] Epoch   1/100 | LR: 2.24e-05 | train loss 1.4434 acc 0.620 | val loss 0.9633 acc 0.710 *
[inception_v3 trial7] Epoch   2/100 | LR: 2.24e-05 | train loss 1.2662 acc 0.718 | val loss 0.8002 acc 0.721 *
[inception_v3 trial7] Epoch   3/100 | LR: 2.24e-05 | train loss 1.0981 acc 0.743 | val loss 0.6956 acc 0.727 *
[inception_v3 trial7] Epoch   4/100 | LR: 2.24e-05 | train loss 0.9626 acc 0.756 | val loss 0.6256 acc 0.742 *
[inception_v3 trial7] Epoch   5/100 | LR: 2.24e-05 | train loss 0.8680 acc 0.771 | val loss 0.5940 acc 0.724 *
[inception_v3 trial7] Epoch   6/100 | LR: 2.24e-05 | train loss 0.8045 acc 0.787 | val loss 0.6002 acc 0.733
[inception_v3 trial7] Epoch   7/100 | LR: 2.24e-05 | train loss 0.7901 acc 0.785 | val loss 0.5555 acc 0.736 *
[inception_v3 trial7] Epoch   8/100 | LR: 2.24e-05 | train loss 0.7339 acc 0.797 | val loss 0.5440 acc 0.748 *
[inception_v3 trial7] Epoch   9/100 | LR: 2.24e-05 | train loss 0.6777 acc 0.824 | val loss 0.5728 acc 0.730
[inception_v3 trial7] Epoch  10/100 | LR: 2.24e-05 | train loss 0.6284 acc 0.840 | val loss 0.5099 acc 0.768 *
[inception_v3 trial7] Epoch  11/100 | LR: 2.24e-05 | train loss 0.6017 acc 0.835 | val loss 0.5439 acc 0.757
[inception_v3 trial7] Epoch  12/100 | LR: 2.24e-05 | train loss 0.5866 acc 0.831 | val loss 0.6113 acc 0.721
[inception_v3 trial7] Epoch  13/100 | LR: 2.24e-05 | train loss 0.5464 acc 0.857 | val loss 0.4970 acc 0.809 *
[inception_v3 trial7] Epoch  14/100 | LR: 2.24e-05 | train loss 0.5325 acc 0.865 | val loss 0.6118 acc 0.733
[inception_v3 trial7] Epoch  15/100 | LR: 2.24e-05 | train loss 0.4705 acc 0.881 | val loss 0.6320 acc 0.727
[inception_v3 trial7] Epoch  16/100 | LR: 2.24e-06 | train loss 0.4855 acc 0.869 | val loss 0.5519 acc 0.792
[inception_v3 trial7] Epoch  17/100 | LR: 2.24e-06 | train loss 0.4485 acc 0.886 | val loss 0.5352 acc 0.789
[inception_v3 trial7] Epoch  18/100 | LR: 2.24e-06 | train loss 0.4038 acc 0.900 | val loss 0.5262 acc 0.812
[inception_v3 trial7] Epoch  19/100 | LR: 2.24e-06 | train loss 0.4163 acc 0.904 | val loss 0.5376 acc 0.801
[inception_v3 trial7] Epoch  20/100 | LR: 2.24e-06 | train loss 0.4206 acc 0.898 | val loss 0.5581 acc 0.789
[inception_v3 trial7] Epoch  21/100 | LR: 2.24e-06 | train loss 0.4218 acc 0.887 | val loss 0.5459 acc 0.801
[inception_v3 trial7] Epoch  22/100 | LR: 2.24e-06 | train loss 0.3866 acc 0.907 | val loss 0.5482 acc 0.780
[inception_v3 trial7] Epoch  23/100 | LR: 2.24e-06 | train loss 0.3798 acc 0.910 | val loss 0.5430 acc 0.783

[inception_v3 trial7] No val loss improvement for 10 epochs — stopping early at epoch 23.

[inception_v3 trial7] Restored best checkpoint (val loss = 0.4970)
[04:56:17] [inception_v3] trial 7 finished: best val_acc=0.8094 (at val_loss=0.4970)
[I 2026-09-29 04:56:17,854] Trial 7 finished with value: 0.8093841642228738 and parameters: {'hidden_layers': 1, 'neurons': 512, 'lr': 2.2410971619109514e-05, 'beta1': 0.970511942252347, 'step_size': 16, 'batch_size': 32}. Best is trial 7 with value: 0.8093841642228738.
[04:56:17] [inception_v3] trial 8: H=2 N=2048 lr=9.08e-06 beta1=0.572 step_size=22 batch_size=8 (micro_batch=8, accum_steps=1)
[warn] ../cnn_dataset_split_facility_test-NoordelikeWerke/aerobic_zone/test does not exist -- using an empty split.
[inception_v3 trial8] Epoch   1/100 | LR: 9.08e-06 | train loss 1.4570 acc 0.602 | val loss 0.9405 acc 0.710 *
[inception_v3 trial8] Epoch   2/100 | LR: 9.08e-06 | train loss 1.2327 acc 0.725 | val loss 0.7076 acc 0.727 *
[inception_v3 trial8] Epoch   3/100 | LR: 9.08e-06 | train loss 1.1023 acc 0.750 | val loss 0.6227 acc 0.757 *
[inception_v3 trial8] Epoch   4/100 | LR: 9.08e-06 | train loss 0.9984 acc 0.751 | val loss 0.5885 acc 0.771 *
[inception_v3 trial8] Epoch   5/100 | LR: 9.08e-06 | train loss 0.9884 acc 0.752 | val loss 0.5681 acc 0.757 *
[inception_v3 trial8] Epoch   6/100 | LR: 9.08e-06 | train loss 0.9599 acc 0.755 | val loss 0.5730 acc 0.748
[inception_v3 trial8] Epoch   7/100 | LR: 9.08e-06 | train loss 0.9450 acc 0.763 | val loss 0.5682 acc 0.739
[inception_v3 trial8] Epoch   8/100 | LR: 9.08e-06 | train loss 0.8736 acc 0.779 | val loss 0.5108 acc 0.783 *
[inception_v3 trial8] Epoch   9/100 | LR: 9.08e-06 | train loss 0.8470 acc 0.777 | val loss 0.5039 acc 0.786 *
[inception_v3 trial8] Epoch  10/100 | LR: 9.08e-06 | train loss 0.8220 acc 0.800 | val loss 0.5602 acc 0.754
[inception_v3 trial8] Epoch  11/100 | LR: 9.08e-06 | train loss 0.8535 acc 0.777 | val loss 0.5486 acc 0.754
[inception_v3 trial8] Epoch  12/100 | LR: 9.08e-06 | train loss 0.8024 acc 0.787 | val loss 0.5163 acc 0.783
[inception_v3 trial8] Epoch  13/100 | LR: 9.08e-06 | train loss 0.7646 acc 0.812 | val loss 0.5501 acc 0.751
[inception_v3 trial8] Epoch  14/100 | LR: 9.08e-06 | train loss 0.7276 acc 0.805 | val loss 0.5524 acc 0.754
[inception_v3 trial8] Epoch  15/100 | LR: 9.08e-06 | train loss 0.7002 acc 0.822 | val loss 0.5996 acc 0.739
[inception_v3 trial8] Epoch  16/100 | LR: 9.08e-06 | train loss 0.7065 acc 0.816 | val loss 0.5870 acc 0.768
[inception_v3 trial8] Epoch  17/100 | LR: 9.08e-06 | train loss 0.6552 acc 0.847 | val loss 0.6494 acc 0.739
[inception_v3 trial8] Epoch  18/100 | LR: 9.08e-06 | train loss 0.6735 acc 0.841 | val loss 0.6044 acc 0.751
[inception_v3 trial8] Epoch  19/100 | LR: 9.08e-06 | train loss 0.6822 acc 0.834 | val loss 0.6697 acc 0.698

[inception_v3 trial8] No val loss improvement for 10 epochs — stopping early at epoch 19.

[inception_v3 trial8] Restored best checkpoint (val loss = 0.5039)
[05:00:41] [inception_v3] trial 8 finished: best val_acc=0.7859 (at val_loss=0.5039)
[I 2026-09-29 05:00:41,488] Trial 8 finished with value: 0.7859237536656891 and parameters: {'hidden_layers': 2, 'neurons': 2048, 'lr': 9.083381663660597e-06, 'beta1': 0.5723025411735203, 'step_size': 22, 'batch_size': 8}. Best is trial 7 with value: 0.8093841642228738.
[05:00:41] [inception_v3] trial 9: H=3 N=512 lr=2.31e-04 beta1=0.838 step_size=5 batch_size=96 (micro_batch=16, accum_steps=6)
[warn] ../cnn_dataset_split_facility_test-NoordelikeWerke/aerobic_zone/test does not exist -- using an empty split.
[inception_v3 trial9] Using gradient accumulation: 6 micro-batches per optimizer step (effective batch size ≈ micro_batch x 6).
[inception_v3 trial9] Epoch   1/100 | LR: 2.31e-04 | train loss 1.3385 acc 0.658 | val loss 0.6317 acc 0.754 *
[inception_v3 trial9] Epoch   2/100 | LR: 2.31e-04 | train loss 0.9756 acc 0.750 | val loss 0.6771 acc 0.677
[inception_v3 trial9] Epoch   3/100 | LR: 2.31e-04 | train loss 0.9517 acc 0.718 | val loss 0.5831 acc 0.716 *
[inception_v3 trial9] Epoch   4/100 | LR: 2.31e-04 | train loss 0.8400 acc 0.759 | val loss 0.5243 acc 0.777 *
[inception_v3 trial9] Epoch   5/100 | LR: 2.31e-05 | train loss 0.7486 acc 0.798 | val loss 0.6641 acc 0.686
[inception_v3 trial9] Epoch   6/100 | LR: 2.31e-05 | train loss 0.6913 acc 0.794 | val loss 0.5384 acc 0.748
[inception_v3 trial9] Epoch   7/100 | LR: 2.31e-05 | train loss 0.5876 acc 0.843 | val loss 0.5141 acc 0.751 *
[inception_v3 trial9] Epoch   8/100 | LR: 2.31e-05 | train loss 0.5740 acc 0.853 | val loss 0.4937 acc 0.765 *
[inception_v3 trial9] Epoch   9/100 | LR: 2.31e-05 | train loss 0.4961 acc 0.867 | val loss 0.5003 acc 0.777
[inception_v3 trial9] Epoch  10/100 | LR: 2.31e-06 | train loss 0.5352 acc 0.861 | val loss 0.5169 acc 0.768
[inception_v3 trial9] Epoch  11/100 | LR: 2.31e-06 | train loss 0.4676 acc 0.872 | val loss 0.5082 acc 0.771
[inception_v3 trial9] Epoch  12/100 | LR: 2.31e-06 | train loss 0.4611 acc 0.877 | val loss 0.5006 acc 0.768
[inception_v3 trial9] Epoch  13/100 | LR: 2.31e-06 | train loss 0.4679 acc 0.869 | val loss 0.5419 acc 0.751
[inception_v3 trial9] Epoch  14/100 | LR: 2.31e-06 | train loss 0.4761 acc 0.874 | val loss 0.5299 acc 0.771
[inception_v3 trial9] Epoch  15/100 | LR: 2.31e-07 | train loss 0.5107 acc 0.857 | val loss 0.5060 acc 0.771
[inception_v3 trial9] Epoch  16/100 | LR: 2.31e-07 | train loss 0.4663 acc 0.873 | val loss 0.5211 acc 0.771
[inception_v3 trial9] Epoch  17/100 | LR: 2.31e-07 | train loss 0.4632 acc 0.874 | val loss 0.5144 acc 0.762
[inception_v3 trial9] Epoch  18/100 | LR: 2.31e-07 | train loss 0.4586 acc 0.874 | val loss 0.5186 acc 0.768

[inception_v3 trial9] No val loss improvement for 10 epochs — stopping early at epoch 18.

[inception_v3 trial9] Restored best checkpoint (val loss = 0.4937)
[05:04:00] [inception_v3] trial 9 finished: best val_acc=0.7654 (at val_loss=0.4937)
[I 2026-09-29 05:04:00,670] Trial 9 finished with value: 0.7653958944281525 and parameters: {'hidden_layers': 3, 'neurons': 512, 'lr': 0.00023097861492693574, 'beta1': 0.8381046165592989, 'step_size': 5, 'batch_size': 96}. Best is trial 7 with value: 0.8093841642228738.
[05:04:00] [inception_v3] trial 10: H=1 N=512 lr=1.34e-05 beta1=0.797 step_size=11 batch_size=32 (micro_batch=16, accum_steps=2)
[warn] ../cnn_dataset_split_facility_test-NoordelikeWerke/aerobic_zone/test does not exist -- using an empty split.
[inception_v3 trial10] Using gradient accumulation: 2 micro-batches per optimizer step (effective batch size ≈ micro_batch x 2).
[inception_v3 trial10] Epoch   1/100 | LR: 1.34e-05 | train loss 1.5021 acc 0.519 | val loss 1.0326 acc 0.654 *
[inception_v3 trial10] Epoch   2/100 | LR: 1.34e-05 | train loss 1.3627 acc 0.692 | val loss 0.9284 acc 0.713 *
[inception_v3 trial10] Epoch   3/100 | LR: 1.34e-05 | train loss 1.2284 acc 0.733 | val loss 0.7994 acc 0.727 *
[inception_v3 trial10] Epoch   4/100 | LR: 1.34e-05 | train loss 1.0875 acc 0.755 | val loss 0.7113 acc 0.765 *
[inception_v3 trial10] Epoch   5/100 | LR: 1.34e-05 | train loss 1.0142 acc 0.760 | val loss 0.6423 acc 0.751 *
[inception_v3 trial10] Epoch   6/100 | LR: 1.34e-05 | train loss 0.9372 acc 0.771 | val loss 0.5903 acc 0.745 *
[inception_v3 trial10] Epoch   7/100 | LR: 1.34e-05 | train loss 0.8773 acc 0.773 | val loss 0.6020 acc 0.721
[inception_v3 trial10] Epoch   8/100 | LR: 1.34e-05 | train loss 0.8356 acc 0.770 | val loss 0.6031 acc 0.701
[inception_v3 trial10] Epoch   9/100 | LR: 1.34e-05 | train loss 0.8321 acc 0.780 | val loss 0.5624 acc 0.733 *
[inception_v3 trial10] Epoch  10/100 | LR: 1.34e-05 | train loss 0.7747 acc 0.787 | val loss 0.5896 acc 0.695
[inception_v3 trial10] Epoch  11/100 | LR: 1.34e-06 | train loss 0.7395 acc 0.810 | val loss 0.5922 acc 0.698
[inception_v3 trial10] Epoch  12/100 | LR: 1.34e-06 | train loss 0.6769 acc 0.820 | val loss 0.6040 acc 0.701
[inception_v3 trial10] Epoch  13/100 | LR: 1.34e-06 | train loss 0.6812 acc 0.812 | val loss 0.5704 acc 0.721
[inception_v3 trial10] Epoch  14/100 | LR: 1.34e-06 | train loss 0.6868 acc 0.820 | val loss 0.5995 acc 0.695
[inception_v3 trial10] Epoch  15/100 | LR: 1.34e-06 | train loss 0.6589 acc 0.821 | val loss 0.5800 acc 0.716
[inception_v3 trial10] Epoch  16/100 | LR: 1.34e-06 | train loss 0.6986 acc 0.814 | val loss 0.5659 acc 0.718
[inception_v3 trial10] Epoch  17/100 | LR: 1.34e-06 | train loss 0.7013 acc 0.811 | val loss 0.5641 acc 0.739
[inception_v3 trial10] Epoch  18/100 | LR: 1.34e-06 | train loss 0.6946 acc 0.800 | val loss 0.5491 acc 0.742 *
[inception_v3 trial10] Epoch  19/100 | LR: 1.34e-06 | train loss 0.6927 acc 0.810 | val loss 0.5753 acc 0.724
[inception_v3 trial10] Epoch  20/100 | LR: 1.34e-06 | train loss 0.6332 acc 0.836 | val loss 0.5696 acc 0.730
[inception_v3 trial10] Epoch  21/100 | LR: 1.34e-06 | train loss 0.6917 acc 0.813 | val loss 0.5977 acc 0.710
[inception_v3 trial10] Epoch  22/100 | LR: 1.34e-07 | train loss 0.6919 acc 0.811 | val loss 0.5558 acc 0.739
[inception_v3 trial10] Epoch  23/100 | LR: 1.34e-07 | train loss 0.6925 acc 0.813 | val loss 0.5876 acc 0.707
[inception_v3 trial10] Epoch  24/100 | LR: 1.34e-07 | train loss 0.6197 acc 0.840 | val loss 0.5724 acc 0.727
[inception_v3 trial10] Epoch  25/100 | LR: 1.34e-07 | train loss 0.6731 acc 0.829 | val loss 0.5521 acc 0.748
[inception_v3 trial10] Epoch  26/100 | LR: 1.34e-07 | train loss 0.6422 acc 0.828 | val loss 0.5637 acc 0.727
[inception_v3 trial10] Epoch  27/100 | LR: 1.34e-07 | train loss 0.6548 acc 0.827 | val loss 0.5784 acc 0.716
[inception_v3 trial10] Epoch  28/100 | LR: 1.34e-07 | train loss 0.6729 acc 0.825 | val loss 0.5820 acc 0.701

[inception_v3 trial10] No val loss improvement for 10 epochs — stopping early at epoch 28.

[inception_v3 trial10] Restored best checkpoint (val loss = 0.5491)
[05:09:11] [inception_v3] trial 10 finished: best val_acc=0.7419 (at val_loss=0.5491)
[I 2026-09-29 05:09:11,440] Trial 10 finished with value: 0.7419354838709677 and parameters: {'hidden_layers': 1, 'neurons': 512, 'lr': 1.3411900913398398e-05, 'beta1': 0.7965303277711607, 'step_size': 11, 'batch_size': 32}. Best is trial 7 with value: 0.8093841642228738.
[05:09:11] [inception_v3] trial 11: H=2 N=512 lr=6.30e-06 beta1=0.541 step_size=28 batch_size=48 (micro_batch=16, accum_steps=3)
[warn] ../cnn_dataset_split_facility_test-NoordelikeWerke/aerobic_zone/test does not exist -- using an empty split.
[inception_v3 trial11] Using gradient accumulation: 3 micro-batches per optimizer step (effective batch size ≈ micro_batch x 3).
[inception_v3 trial11] Epoch   1/100 | LR: 6.30e-06 | train loss 1.5242 acc 0.340 | val loss 1.0922 acc 0.507 *
[inception_v3 trial11] Epoch   2/100 | LR: 6.30e-06 | train loss 1.4784 acc 0.502 | val loss 1.0780 acc 0.680 *
[inception_v3 trial11] Epoch   3/100 | LR: 6.30e-06 | train loss 1.4459 acc 0.629 | val loss 1.0599 acc 0.695 *
[inception_v3 trial11] Epoch   4/100 | LR: 6.30e-06 | train loss 1.4054 acc 0.692 | val loss 1.0330 acc 0.727 *
[inception_v3 trial11] Epoch   5/100 | LR: 6.30e-06 | train loss 1.3583 acc 0.706 | val loss 0.9842 acc 0.724 *
[inception_v3 trial11] Epoch   6/100 | LR: 6.30e-06 | train loss 1.3049 acc 0.730 | val loss 0.9392 acc 0.724 *
[I 2026-09-29 05:10:18,021] Trial 11 pruned. 
[05:10:18] [inception_v3] trial 12: H=2 N=2048 lr=5.26e-06 beta1=0.662 step_size=21 batch_size=8 (micro_batch=8, accum_steps=1)
[warn] ../cnn_dataset_split_facility_test-NoordelikeWerke/aerobic_zone/test does not exist -- using an empty split.
[inception_v3 trial12] Epoch   1/100 | LR: 5.26e-06 | train loss 1.5038 acc 0.563 | val loss 1.0134 acc 0.704 *
[inception_v3 trial12] Epoch   2/100 | LR: 5.26e-06 | train loss 1.3926 acc 0.677 | val loss 0.9057 acc 0.707 *
[inception_v3 trial12] Epoch   3/100 | LR: 5.26e-06 | train loss 1.2700 acc 0.703 | val loss 0.7680 acc 0.727 *
[inception_v3 trial12] Epoch   4/100 | LR: 5.26e-06 | train loss 1.1383 acc 0.745 | val loss 0.6715 acc 0.739 *
[inception_v3 trial12] Epoch   5/100 | LR: 5.26e-06 | train loss 1.0408 acc 0.765 | val loss 0.6290 acc 0.760 *
[inception_v3 trial12] Epoch   6/100 | LR: 5.26e-06 | train loss 0.9930 acc 0.743 | val loss 0.5936 acc 0.768 *
[inception_v3 trial12] Epoch   7/100 | LR: 5.26e-06 | train loss 0.9765 acc 0.748 | val loss 0.6185 acc 0.733
[inception_v3 trial12] Epoch   8/100 | LR: 5.26e-06 | train loss 0.9333 acc 0.762 | val loss 0.5799 acc 0.760 *
[inception_v3 trial12] Epoch   9/100 | LR: 5.26e-06 | train loss 0.8885 acc 0.777 | val loss 0.5875 acc 0.724
[inception_v3 trial12] Epoch  10/100 | LR: 5.26e-06 | train loss 0.9063 acc 0.765 | val loss 0.5539 acc 0.745 *
[inception_v3 trial12] Epoch  11/100 | LR: 5.26e-06 | train loss 0.8803 acc 0.770 | val loss 0.5635 acc 0.751
[inception_v3 trial12] Epoch  12/100 | LR: 5.26e-06 | train loss 0.8857 acc 0.750 | val loss 0.5809 acc 0.733
[inception_v3 trial12] Epoch  13/100 | LR: 5.26e-06 | train loss 0.8650 acc 0.773 | val loss 0.5525 acc 0.751 *
[inception_v3 trial12] Epoch  14/100 | LR: 5.26e-06 | train loss 0.8822 acc 0.765 | val loss 0.5749 acc 0.716
[inception_v3 trial12] Epoch  15/100 | LR: 5.26e-06 | train loss 0.8754 acc 0.772 | val loss 0.6337 acc 0.707
[inception_v3 trial12] Epoch  16/100 | LR: 5.26e-06 | train loss 0.7930 acc 0.795 | val loss 0.5942 acc 0.718
[inception_v3 trial12] Epoch  17/100 | LR: 5.26e-06 | train loss 0.8052 acc 0.792 | val loss 0.5679 acc 0.724
[inception_v3 trial12] Epoch  18/100 | LR: 5.26e-06 | train loss 0.8176 acc 0.785 | val loss 0.5732 acc 0.716
[inception_v3 trial12] Epoch  19/100 | LR: 5.26e-06 | train loss 0.7543 acc 0.816 | val loss 0.5930 acc 0.736
[inception_v3 trial12] Epoch  20/100 | LR: 5.26e-06 | train loss 0.8046 acc 0.788 | val loss 0.5535 acc 0.754
[inception_v3 trial12] Epoch  21/100 | LR: 5.26e-07 | train loss 0.7727 acc 0.794 | val loss 0.6031 acc 0.724
[inception_v3 trial12] Epoch  22/100 | LR: 5.26e-07 | train loss 0.7568 acc 0.812 | val loss 0.6085 acc 0.727
[inception_v3 trial12] Epoch  23/100 | LR: 5.26e-07 | train loss 0.7057 acc 0.816 | val loss 0.5895 acc 0.742

[inception_v3 trial12] No val loss improvement for 10 epochs — stopping early at epoch 23.

[inception_v3 trial12] Restored best checkpoint (val loss = 0.5525)
[05:15:37] [inception_v3] trial 12 finished: best val_acc=0.7507 (at val_loss=0.5525)
[I 2026-09-29 05:15:37,425] Trial 12 finished with value: 0.750733137829912 and parameters: {'hidden_layers': 2, 'neurons': 2048, 'lr': 5.2550600649598246e-06, 'beta1': 0.661812712849597, 'step_size': 21, 'batch_size': 8}. Best is trial 7 with value: 0.8093841642228738.
[05:15:37] [inception_v3] trial 13: H=2 N=512 lr=2.85e-04 beta1=0.588 step_size=33 batch_size=8 (micro_batch=8, accum_steps=1)
[warn] ../cnn_dataset_split_facility_test-NoordelikeWerke/aerobic_zone/test does not exist -- using an empty split.
[inception_v3 trial13] Epoch   1/100 | LR: 2.85e-04 | train loss 1.3428 acc 0.660 | val loss 0.9439 acc 0.428 *
[inception_v3 trial13] Epoch   2/100 | LR: 2.85e-04 | train loss 1.2800 acc 0.696 | val loss 0.6863 acc 0.745 *
[inception_v3 trial13] Epoch   3/100 | LR: 2.85e-04 | train loss 1.1743 acc 0.708 | val loss 0.6076 acc 0.736 *
[inception_v3 trial13] Epoch   4/100 | LR: 2.85e-04 | train loss 1.1094 acc 0.691 | val loss 0.6109 acc 0.736
[inception_v3 trial13] Epoch   5/100 | LR: 2.85e-04 | train loss 1.1063 acc 0.686 | val loss 0.7379 acc 0.698
[inception_v3 trial13] Epoch   6/100 | LR: 2.85e-04 | train loss 1.0778 acc 0.723 | val loss 0.5788 acc 0.765 *
[inception_v3 trial13] Epoch   7/100 | LR: 2.85e-04 | train loss 1.0476 acc 0.723 | val loss 0.5815 acc 0.760
[inception_v3 trial13] Epoch   8/100 | LR: 2.85e-04 | train loss 1.0383 acc 0.719 | val loss 0.5814 acc 0.792
[inception_v3 trial13] Epoch   9/100 | LR: 2.85e-04 | train loss 0.9993 acc 0.741 | val loss 0.5457 acc 0.768 *
[inception_v3 trial13] Epoch  10/100 | LR: 2.85e-04 | train loss 0.9956 acc 0.729 | val loss 0.7973 acc 0.727
[inception_v3 trial13] Epoch  11/100 | LR: 2.85e-04 | train loss 0.9480 acc 0.754 | val loss 0.5989 acc 0.721
[inception_v3 trial13] Epoch  12/100 | LR: 2.85e-04 | train loss 0.8816 acc 0.766 | val loss 1.2343 acc 0.742
[inception_v3 trial13] Epoch  13/100 | LR: 2.85e-04 | train loss 0.9216 acc 0.751 | val loss 0.5419 acc 0.777 *
[inception_v3 trial13] Epoch  14/100 | LR: 2.85e-04 | train loss 0.8874 acc 0.762 | val loss 0.5574 acc 0.762
[inception_v3 trial13] Epoch  15/100 | LR: 2.85e-04 | train loss 0.8703 acc 0.755 | val loss 0.5465 acc 0.765
[inception_v3 trial13] Epoch  16/100 | LR: 2.85e-04 | train loss 0.8584 acc 0.759 | val loss 0.5474 acc 0.736
[inception_v3 trial13] Epoch  17/100 | LR: 2.85e-04 | train loss 0.8806 acc 0.760 | val loss 0.7277 acc 0.663
[inception_v3 trial13] Epoch  18/100 | LR: 2.85e-04 | train loss 0.8690 acc 0.772 | val loss 0.5076 acc 0.768 *
[inception_v3 trial13] Epoch  19/100 | LR: 2.85e-04 | train loss 0.7977 acc 0.777 | val loss 0.5466 acc 0.742
[inception_v3 trial13] Epoch  20/100 | LR: 2.85e-04 | train loss 0.7408 acc 0.797 | val loss 0.5451 acc 0.745
[inception_v3 trial13] Epoch  21/100 | LR: 2.85e-04 | train loss 0.7721 acc 0.781 | val loss 0.4069 acc 0.804 *
[inception_v3 trial13] Epoch  22/100 | LR: 2.85e-04 | train loss 0.7129 acc 0.819 | val loss 0.5871 acc 0.745
[inception_v3 trial13] Epoch  23/100 | LR: 2.85e-04 | train loss 0.7498 acc 0.806 | val loss 0.6661 acc 0.751
[inception_v3 trial13] Epoch  24/100 | LR: 2.85e-04 | train loss 0.7344 acc 0.807 | val loss 0.4947 acc 0.792
[inception_v3 trial13] Epoch  25/100 | LR: 2.85e-04 | train loss 0.7068 acc 0.812 | val loss 0.6640 acc 0.698
[inception_v3 trial13] Epoch  26/100 | LR: 2.85e-04 | train loss 0.6932 acc 0.824 | val loss 0.3927 acc 0.824 *
[inception_v3 trial13] Epoch  27/100 | LR: 2.85e-04 | train loss 0.7180 acc 0.804 | val loss 0.4876 acc 0.777
[inception_v3 trial13] Epoch  28/100 | LR: 2.85e-04 | train loss 0.6224 acc 0.832 | val loss 0.8406 acc 0.692
[inception_v3 trial13] Epoch  29/100 | LR: 2.85e-04 | train loss 0.6099 acc 0.838 | val loss 0.4418 acc 0.795
[inception_v3 trial13] Epoch  30/100 | LR: 2.85e-04 | train loss 0.6110 acc 0.844 | val loss 0.4608 acc 0.798
[inception_v3 trial13] Epoch  31/100 | LR: 2.85e-04 | train loss 0.5928 acc 0.840 | val loss 0.6013 acc 0.727
[inception_v3 trial13] Epoch  32/100 | LR: 2.85e-04 | train loss 0.5983 acc 0.845 | val loss 0.6438 acc 0.716
[inception_v3 trial13] Epoch  33/100 | LR: 2.85e-05 | train loss 0.5313 acc 0.852 | val loss 0.4747 acc 0.821
[inception_v3 trial13] Epoch  34/100 | LR: 2.85e-05 | train loss 0.4388 acc 0.894 | val loss 0.5048 acc 0.795
[inception_v3 trial13] Epoch  35/100 | LR: 2.85e-05 | train loss 0.3899 acc 0.906 | val loss 0.4340 acc 0.845
[inception_v3 trial13] Epoch  36/100 | LR: 2.85e-05 | train loss 0.3163 acc 0.921 | val loss 0.4413 acc 0.833

[inception_v3 trial13] No val loss improvement for 10 epochs — stopping early at epoch 36.

[inception_v3 trial13] Restored best checkpoint (val loss = 0.3927)
[05:23:43] [inception_v3] trial 13 finished: best val_acc=0.8240 (at val_loss=0.3927)
[I 2026-09-29 05:23:43,900] Trial 13 finished with value: 0.8240469208211144 and parameters: {'hidden_layers': 2, 'neurons': 512, 'lr': 0.00028510637773255463, 'beta1': 0.5881640187803052, 'step_size': 33, 'batch_size': 8}. Best is trial 13 with value: 0.8240469208211144.
[05:23:44] [inception_v3] trial 14: H=3 N=512 lr=3.22e-05 beta1=0.716 step_size=23 batch_size=32 (micro_batch=16, accum_steps=2)
[warn] ../cnn_dataset_split_facility_test-NoordelikeWerke/aerobic_zone/test does not exist -- using an empty split.
[inception_v3 trial14] Using gradient accumulation: 2 micro-batches per optimizer step (effective batch size ≈ micro_batch x 2).
[inception_v3 trial14] Epoch   1/100 | LR: 3.22e-05 | train loss 1.4660 acc 0.524 | val loss 0.9963 acc 0.701 *
[inception_v3 trial14] Epoch   2/100 | LR: 3.22e-05 | train loss 1.2098 acc 0.741 | val loss 0.6553 acc 0.774 *
[inception_v3 trial14] Epoch   3/100 | LR: 3.22e-05 | train loss 0.9918 acc 0.761 | val loss 0.5914 acc 0.742 *
[inception_v3 trial14] Epoch   4/100 | LR: 3.22e-05 | train loss 0.8857 acc 0.777 | val loss 0.5842 acc 0.710 *
[inception_v3 trial14] Epoch   5/100 | LR: 3.22e-05 | train loss 0.8057 acc 0.769 | val loss 0.5423 acc 0.745 *
[inception_v3 trial14] Epoch   6/100 | LR: 3.22e-05 | train loss 0.7452 acc 0.800 | val loss 0.6217 acc 0.710
[inception_v3 trial14] Epoch   7/100 | LR: 3.22e-05 | train loss 0.7112 acc 0.799 | val loss 0.6107 acc 0.739
[inception_v3 trial14] Epoch   8/100 | LR: 3.22e-05 | train loss 0.6445 acc 0.835 | val loss 0.4770 acc 0.795 *
[inception_v3 trial14] Epoch   9/100 | LR: 3.22e-05 | train loss 0.5810 acc 0.845 | val loss 0.6463 acc 0.701
[inception_v3 trial14] Epoch  10/100 | LR: 3.22e-05 | train loss 0.5555 acc 0.846 | val loss 0.5387 acc 0.765
[inception_v3 trial14] Epoch  11/100 | LR: 3.22e-05 | train loss 0.5505 acc 0.862 | val loss 0.6447 acc 0.727
[inception_v3 trial14] Epoch  12/100 | LR: 3.22e-05 | train loss 0.4925 acc 0.872 | val loss 0.6752 acc 0.745
[inception_v3 trial14] Epoch  13/100 | LR: 3.22e-05 | train loss 0.4459 acc 0.884 | val loss 0.5539 acc 0.783
[inception_v3 trial14] Epoch  14/100 | LR: 3.22e-05 | train loss 0.4290 acc 0.893 | val loss 0.6634 acc 0.739
[inception_v3 trial14] Epoch  15/100 | LR: 3.22e-05 | train loss 0.3568 acc 0.917 | val loss 0.5736 acc 0.765
[inception_v3 trial14] Epoch  16/100 | LR: 3.22e-05 | train loss 0.4064 acc 0.902 | val loss 0.6687 acc 0.733
[inception_v3 trial14] Epoch  17/100 | LR: 3.22e-05 | train loss 0.3921 acc 0.912 | val loss 0.6465 acc 0.774
[inception_v3 trial14] Epoch  18/100 | LR: 3.22e-05 | train loss 0.3147 acc 0.926 | val loss 0.6915 acc 0.751

[inception_v3 trial14] No val loss improvement for 10 epochs — stopping early at epoch 18.

[inception_v3 trial14] Restored best checkpoint (val loss = 0.4770)
[05:27:02] [inception_v3] trial 14 finished: best val_acc=0.7947 (at val_loss=0.4770)
[I 2026-09-29 05:27:02,558] Trial 14 finished with value: 0.7947214076246334 and parameters: {'hidden_layers': 3, 'neurons': 512, 'lr': 3.215555853842031e-05, 'beta1': 0.716304005958686, 'step_size': 23, 'batch_size': 32}. Best is trial 13 with value: 0.8240469208211144.
[05:27:02] [inception_v3] trial 15: H=2 N=512 lr=2.25e-04 beta1=0.682 step_size=37 batch_size=8 (micro_batch=8, accum_steps=1)
[warn] ../cnn_dataset_split_facility_test-NoordelikeWerke/aerobic_zone/test does not exist -- using an empty split.
[inception_v3 trial15] Epoch   1/100 | LR: 2.25e-04 | train loss 1.3382 acc 0.648 | val loss 0.6416 acc 0.748 *
[inception_v3 trial15] Epoch   2/100 | LR: 2.25e-04 | train loss 1.1777 acc 0.665 | val loss 0.9778 acc 0.557
[inception_v3 trial15] Epoch   3/100 | LR: 2.25e-04 | train loss 1.1826 acc 0.695 | val loss 0.6380 acc 0.777 *
[inception_v3 trial15] Epoch   4/100 | LR: 2.25e-04 | train loss 1.0990 acc 0.710 | val loss 0.5264 acc 0.786 *
[inception_v3 trial15] Epoch   5/100 | LR: 2.25e-04 | train loss 1.0325 acc 0.735 | val loss 0.7782 acc 0.660
[inception_v3 trial15] Epoch   6/100 | LR: 2.25e-04 | train loss 1.0225 acc 0.724 | val loss 0.7145 acc 0.642
[inception_v3 trial15] Epoch   7/100 | LR: 2.25e-04 | train loss 0.9616 acc 0.741 | val loss 0.5476 acc 0.777
[inception_v3 trial15] Epoch   8/100 | LR: 2.25e-04 | train loss 0.9457 acc 0.750 | val loss 0.6072 acc 0.701
[inception_v3 trial15] Epoch   9/100 | LR: 2.25e-04 | train loss 0.8941 acc 0.755 | val loss 0.6592 acc 0.695
[inception_v3 trial15] Epoch  10/100 | LR: 2.25e-04 | train loss 0.8976 acc 0.756 | val loss 0.6798 acc 0.701
[inception_v3 trial15] Epoch  11/100 | LR: 2.25e-04 | train loss 0.8654 acc 0.759 | val loss 0.5276 acc 0.762
[inception_v3 trial15] Epoch  12/100 | LR: 2.25e-04 | train loss 0.8195 acc 0.772 | val loss 0.4736 acc 0.795 *
[inception_v3 trial15] Epoch  13/100 | LR: 2.25e-04 | train loss 0.7913 acc 0.810 | val loss 0.6273 acc 0.707
[inception_v3 trial15] Epoch  14/100 | LR: 2.25e-04 | train loss 0.7420 acc 0.798 | val loss 0.5480 acc 0.748
[inception_v3 trial15] Epoch  15/100 | LR: 2.25e-04 | train loss 0.7091 acc 0.802 | val loss 0.7300 acc 0.733
[inception_v3 trial15] Epoch  16/100 | LR: 2.25e-04 | train loss 0.7988 acc 0.786 | val loss 0.5168 acc 0.786
[inception_v3 trial15] Epoch  17/100 | LR: 2.25e-04 | train loss 0.7160 acc 0.807 | val loss 0.4937 acc 0.780
[inception_v3 trial15] Epoch  18/100 | LR: 2.25e-04 | train loss 0.7515 acc 0.795 | val loss 0.7160 acc 0.718
[inception_v3 trial15] Epoch  19/100 | LR: 2.25e-04 | train loss 0.6680 acc 0.821 | val loss 0.6833 acc 0.760
[inception_v3 trial15] Epoch  20/100 | LR: 2.25e-04 | train loss 0.6456 acc 0.837 | val loss 0.5075 acc 0.765
[inception_v3 trial15] Epoch  21/100 | LR: 2.25e-04 | train loss 0.6252 acc 0.836 | val loss 0.4834 acc 0.780
[inception_v3 trial15] Epoch  22/100 | LR: 2.25e-04 | train loss 0.5814 acc 0.842 | val loss 0.8439 acc 0.654

[inception_v3 trial15] No val loss improvement for 10 epochs — stopping early at epoch 22.

[inception_v3 trial15] Restored best checkpoint (val loss = 0.4736)
[05:32:00] [inception_v3] trial 15 finished: best val_acc=0.7947 (at val_loss=0.4736)
[I 2026-09-29 05:32:00,853] Trial 15 finished with value: 0.7947214076246334 and parameters: {'hidden_layers': 2, 'neurons': 512, 'lr': 0.00022482931560174654, 'beta1': 0.6822785636821589, 'step_size': 37, 'batch_size': 8}. Best is trial 13 with value: 0.8240469208211144.
[05:32:00] [inception_v3] trial 16: H=0 N=512 lr=1.79e-04 beta1=0.568 step_size=23 batch_size=8 (micro_batch=8, accum_steps=1)
[warn] ../cnn_dataset_split_facility_test-NoordelikeWerke/aerobic_zone/test does not exist -- using an empty split.
[inception_v3 trial16] Epoch   1/100 | LR: 1.79e-04 | train loss 1.2602 acc 0.646 | val loss 0.6365 acc 0.736 *
[inception_v3 trial16] Epoch   2/100 | LR: 1.79e-04 | train loss 1.1279 acc 0.698 | val loss 0.6920 acc 0.713
[inception_v3 trial16] Epoch   3/100 | LR: 1.79e-04 | train loss 1.0379 acc 0.713 | val loss 0.6753 acc 0.686
[inception_v3 trial16] Epoch   4/100 | LR: 1.79e-04 | train loss 0.9822 acc 0.749 | val loss 0.5103 acc 0.789 *
[inception_v3 trial16] Epoch   5/100 | LR: 1.79e-04 | train loss 0.9365 acc 0.756 | val loss 0.6276 acc 0.736
[inception_v3 trial16] Epoch   6/100 | LR: 1.79e-04 | train loss 0.9176 acc 0.748 | val loss 0.7234 acc 0.745
[inception_v3 trial16] Epoch   7/100 | LR: 1.79e-04 | train loss 0.8586 acc 0.792 | val loss 0.5548 acc 0.751
[inception_v3 trial16] Epoch   8/100 | LR: 1.79e-04 | train loss 0.7784 acc 0.792 | val loss 0.5429 acc 0.733
[inception_v3 trial16] Epoch   9/100 | LR: 1.79e-04 | train loss 0.8403 acc 0.794 | val loss 0.4609 acc 0.815 *
[inception_v3 trial16] Epoch  10/100 | LR: 1.79e-04 | train loss 0.6831 acc 0.817 | val loss 0.6594 acc 0.739
[inception_v3 trial16] Epoch  11/100 | LR: 1.79e-04 | train loss 0.7330 acc 0.804 | val loss 0.5381 acc 0.751
[inception_v3 trial16] Epoch  12/100 | LR: 1.79e-04 | train loss 0.6682 acc 0.837 | val loss 1.0837 acc 0.654
[inception_v3 trial16] Epoch  13/100 | LR: 1.79e-04 | train loss 0.6222 acc 0.827 | val loss 0.4899 acc 0.757
[inception_v3 trial16] Epoch  14/100 | LR: 1.79e-04 | train loss 0.6142 acc 0.841 | val loss 0.4637 acc 0.812
[inception_v3 trial16] Epoch  15/100 | LR: 1.79e-04 | train loss 0.5382 acc 0.859 | val loss 0.5937 acc 0.774
[inception_v3 trial16] Epoch  16/100 | LR: 1.79e-04 | train loss 0.5072 acc 0.876 | val loss 0.4366 acc 0.815 *
[inception_v3 trial16] Epoch  17/100 | LR: 1.79e-04 | train loss 0.5532 acc 0.864 | val loss 0.5442 acc 0.806
[inception_v3 trial16] Epoch  18/100 | LR: 1.79e-04 | train loss 0.4402 acc 0.889 | val loss 0.6264 acc 0.768
[inception_v3 trial16] Epoch  19/100 | LR: 1.79e-04 | train loss 0.5151 acc 0.874 | val loss 0.5307 acc 0.812
[inception_v3 trial16] Epoch  20/100 | LR: 1.79e-04 | train loss 0.4017 acc 0.899 | val loss 0.5541 acc 0.812
[inception_v3 trial16] Epoch  21/100 | LR: 1.79e-04 | train loss 0.3977 acc 0.893 | val loss 0.6758 acc 0.762
[inception_v3 trial16] Epoch  22/100 | LR: 1.79e-04 | train loss 0.3969 acc 0.909 | val loss 0.4824 acc 0.812
[inception_v3 trial16] Epoch  23/100 | LR: 1.79e-05 | train loss 0.4161 acc 0.902 | val loss 0.7608 acc 0.765
[inception_v3 trial16] Epoch  24/100 | LR: 1.79e-05 | train loss 0.2562 acc 0.947 | val loss 0.5209 acc 0.806
[inception_v3 trial16] Epoch  25/100 | LR: 1.79e-05 | train loss 0.2182 acc 0.959 | val loss 0.4973 acc 0.789
[inception_v3 trial16] Epoch  26/100 | LR: 1.79e-05 | train loss 0.1743 acc 0.966 | val loss 0.5136 acc 0.806

[inception_v3 trial16] No val loss improvement for 10 epochs — stopping early at epoch 26.

[inception_v3 trial16] Restored best checkpoint (val loss = 0.4366)
[05:37:49] [inception_v3] trial 16 finished: best val_acc=0.8152 (at val_loss=0.4366)
[I 2026-09-29 05:37:49,356] Trial 16 finished with value: 0.8152492668621701 and parameters: {'hidden_layers': 0, 'neurons': 512, 'lr': 0.00017887065097766877, 'beta1': 0.5681353118050869, 'step_size': 23, 'batch_size': 8}. Best is trial 13 with value: 0.8240469208211144.
[05:37:49] [inception_v3] trial 17: H=0 N=512 lr=5.30e-04 beta1=0.526 step_size=16 batch_size=8 (micro_batch=8, accum_steps=1)
[warn] ../cnn_dataset_split_facility_test-NoordelikeWerke/aerobic_zone/test does not exist -- using an empty split.
[inception_v3 trial17] Epoch   1/100 | LR: 5.30e-04 | train loss 1.4626 acc 0.559 | val loss 0.7596 acc 0.718 *
[inception_v3 trial17] Epoch   2/100 | LR: 5.30e-04 | train loss 1.2975 acc 0.631 | val loss 0.9062 acc 0.680
[inception_v3 trial17] Epoch   3/100 | LR: 5.30e-04 | train loss 1.2923 acc 0.659 | val loss 1.1736 acc 0.695
[inception_v3 trial17] Epoch   4/100 | LR: 5.30e-04 | train loss 1.2138 acc 0.685 | val loss 0.7135 acc 0.718 *
[inception_v3 trial17] Epoch   5/100 | LR: 5.30e-04 | train loss 1.2020 acc 0.681 | val loss 0.6737 acc 0.724 *
[inception_v3 trial17] Epoch   6/100 | LR: 5.30e-04 | train loss 1.1631 acc 0.678 | val loss 0.6906 acc 0.727
[I 2026-09-29 05:39:09,657] Trial 17 pruned. 
[05:39:09] [inception_v3] trial 18: H=0 N=512 lr=2.10e-04 beta1=0.551 step_size=25 batch_size=64 (micro_batch=16, accum_steps=4)
[warn] ../cnn_dataset_split_facility_test-NoordelikeWerke/aerobic_zone/test does not exist -- using an empty split.
[inception_v3 trial18] Using gradient accumulation: 4 micro-batches per optimizer step (effective batch size ≈ micro_batch x 4).
[inception_v3 trial18] Epoch   1/100 | LR: 2.10e-04 | train loss 1.2233 acc 0.671 | val loss 0.6813 acc 0.660 *
[inception_v3 trial18] Epoch   2/100 | LR: 2.10e-04 | train loss 0.9778 acc 0.722 | val loss 0.6659 acc 0.625 *
[inception_v3 trial18] Epoch   3/100 | LR: 2.10e-04 | train loss 0.8503 acc 0.756 | val loss 0.6025 acc 0.689 *
[inception_v3 trial18] Epoch   4/100 | LR: 2.10e-04 | train loss 0.7995 acc 0.782 | val loss 0.5991 acc 0.718 *
[inception_v3 trial18] Epoch   5/100 | LR: 2.10e-04 | train loss 0.7625 acc 0.802 | val loss 0.5892 acc 0.745 *
[inception_v3 trial18] Epoch   6/100 | LR: 2.10e-04 | train loss 0.6651 acc 0.809 | val loss 0.8270 acc 0.689
[inception_v3 trial18] Epoch   7/100 | LR: 2.10e-04 | train loss 0.6067 acc 0.846 | val loss 0.5657 acc 0.765 *
[inception_v3 trial18] Epoch   8/100 | LR: 2.10e-04 | train loss 0.5481 acc 0.865 | val loss 0.5075 acc 0.806 *
[inception_v3 trial18] Epoch   9/100 | LR: 2.10e-04 | train loss 0.5365 acc 0.857 | val loss 0.5144 acc 0.783
[inception_v3 trial18] Epoch  10/100 | LR: 2.10e-04 | train loss 0.4528 acc 0.888 | val loss 0.5605 acc 0.792
[inception_v3 trial18] Epoch  11/100 | LR: 2.10e-04 | train loss 0.4122 acc 0.899 | val loss 1.2317 acc 0.683
[inception_v3 trial18] Epoch  12/100 | LR: 2.10e-04 | train loss 0.4158 acc 0.892 | val loss 0.5376 acc 0.806
[inception_v3 trial18] Epoch  13/100 | LR: 2.10e-04 | train loss 0.3586 acc 0.921 | val loss 0.5755 acc 0.815
[inception_v3 trial18] Epoch  14/100 | LR: 2.10e-04 | train loss 0.3459 acc 0.913 | val loss 0.7316 acc 0.730
[inception_v3 trial18] Epoch  15/100 | LR: 2.10e-04 | train loss 0.3384 acc 0.920 | val loss 0.6436 acc 0.798
[inception_v3 trial18] Epoch  16/100 | LR: 2.10e-04 | train loss 0.2611 acc 0.936 | val loss 0.5254 acc 0.824
[inception_v3 trial18] Epoch  17/100 | LR: 2.10e-04 | train loss 0.2152 acc 0.947 | val loss 0.6131 acc 0.801
[inception_v3 trial18] Epoch  18/100 | LR: 2.10e-04 | train loss 0.2207 acc 0.938 | val loss 0.6241 acc 0.798

[inception_v3 trial18] No val loss improvement for 10 epochs — stopping early at epoch 18.

[inception_v3 trial18] Restored best checkpoint (val loss = 0.5075)
[05:42:30] [inception_v3] trial 18 finished: best val_acc=0.8065 (at val_loss=0.5075)
[I 2026-09-29 05:42:30,508] Trial 18 finished with value: 0.8064516129032258 and parameters: {'hidden_layers': 0, 'neurons': 512, 'lr': 0.00021038144791204121, 'beta1': 0.5508847968728723, 'step_size': 25, 'batch_size': 64}. Best is trial 13 with value: 0.8240469208211144.
[05:42:30] [inception_v3] trial 19: H=0 N=512 lr=5.33e-05 beta1=0.624 step_size=18 batch_size=8 (micro_batch=8, accum_steps=1)
[warn] ../cnn_dataset_split_facility_test-NoordelikeWerke/aerobic_zone/test does not exist -- using an empty split.
[inception_v3 trial19] Epoch   1/100 | LR: 5.33e-05 | train loss 1.2154 acc 0.690 | val loss 0.6500 acc 0.701 *
[inception_v3 trial19] Epoch   2/100 | LR: 5.33e-05 | train loss 0.9866 acc 0.739 | val loss 0.6109 acc 0.713 *
[inception_v3 trial19] Epoch   3/100 | LR: 5.33e-05 | train loss 0.9509 acc 0.738 | val loss 0.7693 acc 0.645
[inception_v3 trial19] Epoch   4/100 | LR: 5.33e-05 | train loss 0.9162 acc 0.752 | val loss 0.5139 acc 0.777 *
[inception_v3 trial19] Epoch   5/100 | LR: 5.33e-05 | train loss 0.8136 acc 0.786 | val loss 0.6065 acc 0.724
[inception_v3 trial19] Epoch   6/100 | LR: 5.33e-05 | train loss 0.7781 acc 0.811 | val loss 0.5722 acc 0.730
[inception_v3 trial19] Epoch   7/100 | LR: 5.33e-05 | train loss 0.7045 acc 0.805 | val loss 0.6447 acc 0.713
[inception_v3 trial19] Epoch   8/100 | LR: 5.33e-05 | train loss 0.7095 acc 0.822 | val loss 0.5637 acc 0.742
[inception_v3 trial19] Epoch   9/100 | LR: 5.33e-05 | train loss 0.5623 acc 0.857 | val loss 0.6114 acc 0.768
[inception_v3 trial19] Epoch  10/100 | LR: 5.33e-05 | train loss 0.6040 acc 0.843 | val loss 0.4823 acc 0.804 *
[inception_v3 trial19] Epoch  11/100 | LR: 5.33e-05 | train loss 0.5277 acc 0.882 | val loss 0.6181 acc 0.751
[inception_v3 trial19] Epoch  12/100 | LR: 5.33e-05 | train loss 0.5263 acc 0.869 | val loss 0.5486 acc 0.760
[inception_v3 trial19] Epoch  13/100 | LR: 5.33e-05 | train loss 0.4745 acc 0.892 | val loss 0.5590 acc 0.768
[inception_v3 trial19] Epoch  14/100 | LR: 5.33e-05 | train loss 0.3761 acc 0.907 | val loss 0.5974 acc 0.765
[inception_v3 trial19] Epoch  15/100 | LR: 5.33e-05 | train loss 0.3720 acc 0.916 | val loss 0.5927 acc 0.774
[inception_v3 trial19] Epoch  16/100 | LR: 5.33e-05 | train loss 0.3486 acc 0.915 | val loss 0.6424 acc 0.777
[inception_v3 trial19] Epoch  17/100 | LR: 5.33e-05 | train loss 0.3211 acc 0.931 | val loss 0.6255 acc 0.774
[inception_v3 trial19] Epoch  18/100 | LR: 5.33e-06 | train loss 0.3617 acc 0.911 | val loss 0.7562 acc 0.739
[inception_v3 trial19] Epoch  19/100 | LR: 5.33e-06 | train loss 0.2411 acc 0.952 | val loss 0.6485 acc 0.771
[inception_v3 trial19] Epoch  20/100 | LR: 5.33e-06 | train loss 0.2084 acc 0.956 | val loss 0.6201 acc 0.795

[inception_v3 trial19] No val loss improvement for 10 epochs — stopping early at epoch 20.

[inception_v3 trial19] Restored best checkpoint (val loss = 0.4823)
[05:46:56] [inception_v3] trial 19 finished: best val_acc=0.8035 (at val_loss=0.4823)
[I 2026-09-29 05:46:56,136] Trial 19 finished with value: 0.8035190615835777 and parameters: {'hidden_layers': 0, 'neurons': 512, 'lr': 5.32548581932675e-05, 'beta1': 0.6235100648446438, 'step_size': 18, 'batch_size': 8}. Best is trial 13 with value: 0.8240469208211144.
[05:46:56] === inception_v3 done: 17 completed, 3 pruned. Best trial #13: val_acc=0.8240 params={'hidden_layers': 2, 'neurons': 512, 'lr': 0.00028510637773255463, 'beta1': 0.5881640187803052, 'step_size': 33, 'batch_size': 8} ===
[05:46:56] Saved tuned hyperparameters for inception_v3 to tuned_hyperparams_aerobic_zone.json
[05:46:56] [inception_v3] finished in 108.2 min
[05:46:56] All requested architectures tuned in 108.2 min total.
